id,company,brand,product,age_segment,event_type,event_date,campaign_name,summary,target,message,talent,channel,marketing_intent,importance,confidence,fact_json,inference_json,source_documents_json,campaign_key
1,明治,ほほえみ,明治ほほえみ,0-1,OTHER,,,"ãææ²»ã»ã»ãã¿ãç²ãã«ã¯ã»æ¶²ä½ãã«ã¯ã»ããããã­ã¥ã¼ãã®å¬å¼ãµã¤ãï½æ ªå¼ä¼ç¤¾ ææ²» - Meiji Co., Ltd.: ãææ²»ã»ã»ãã¿ãç²ãã«ã¯ã»æ¶²ä½ãã«ã¯ã»ããããã­ã¥ã¼ãã®å ¬å¼ãµã¤ãï½æ ªå¼ä¼ç¤¾ ææ²» - Meiji Co., Ltd. ãææ²»ã»ã»ãã¿ãç²ãã«ã¯ã»æ...",乳幼児の保護者,,,公式サイト,公開情報からの接触機会維持または企業情報発信,1,0.45,"{""title"": ""ãææ²»ã»ã»ãã¿ãç²ãã«ã¯ã»æ¶²ä½ãã«ã¯ã»ããããã­ã¥ã¼ãã®å¬å¼ãµã¤ãï½æ ªå¼ä¼ç¤¾ ææ²» - Meiji Co., Ltd."", ""url"": ""https://www.meiji.co.jp/baby/hohoemi/"", ""source_type"": ""official_site"", ""published_at"": null, ""matched_text"": ""ãææ²»ã»ã»ãã¿ãç²ãã«ã¯ã»æ¶²ä½ãã«ã¯ã»ããããã­ã¥ã¼ãã®å¬å¼ãµã¤ãï½æ ªå¼ä¼ç¤¾ ææ²» - Meiji Co., Ltd. ãææ²»ã»ã»ãã¿ãç²ãã«ã¯ã»æ¶²ä½ãã«ã¯ã»ããããã­ã¥ã¼ãã®å ¬å¼ãµã¤ãï½æ ªå¼ä¼ç¤¾ ææ²» - Meiji Co., Ltd. æ¤ç´¢ ã¡ãã¥ã¼ ååæ å ± ååæ å ±TOP ä¹³è£½å ãã§ã³ã¬ã¼ãã»ã°ã ã¢ã¤ã¹ã»èª¿çé£å ä¹³å ã»å¹¼å ç¨åå ã¹ãã¼ãæ é¤ ç¾å ãææ²»ã»ã»ãã¿ãç²ãã«ã¯ã»æ¶²ä½ãã«ã¯ã»ã""}","{""method"": ""heuristic_keyword_classifier"", ""event_type_reason"": ""No strong keyword match"", ""marketing_intent_note"": ""Inference, not a verified fact.""}",[1],4ba8d43304a134e8
2,明治,ほほえみ,明治ほほえみ,0-1,OTHER,,,"ã­ã£ã³ãã¼ã³ | æ ªå¼ä¼ç¤¾ ææ²» - Meiji Co., Ltd.: ã­ã£ã³ãã¼ã³ | æ ªå¼ä¼ç¤¾ ææ²» - Meiji Co., Ltd. ã­ã£ã³ãã¼ã³ | æ ªå¼ä¼ç¤¾ ææ²» - Meiji Co., Ltd. æ¤ç´¢ ã¡ãã¥ã¼ ååæ å ± ååæ å ±TOP ä¹³è£½å ã...",乳幼児の保護者,,,公式サイト,公開情報からの接触機会維持または企業情報発信,1,0.45,"{""title"": ""ã­ã£ã³ãã¼ã³ | æ ªå¼ä¼ç¤¾ ææ²» - Meiji Co., Ltd."", ""url"": ""https://www.meiji.co.jp/campaign/"", ""source_type"": ""official_site"", ""published_at"": null, ""matched_text"": ""ã­ã£ã³ãã¼ã³ | æ ªå¼ä¼ç¤¾ ææ²» - Meiji Co., Ltd. ã­ã£ã³ãã¼ã³ | æ ªå¼ä¼ç¤¾ ææ²» - Meiji Co., Ltd. æ¤ç´¢ ã¡ãã¥ã¼ ååæ å ± ååæ å ±TOP ä¹³è£½å ãã§ã³ã¬ã¼ãã»ã°ã ã¢ã¤ã¹ã»èª¿çé£å ä¹³å ã»å¹¼å ç¨åå ã¹ãã¼ãæ é¤ ç¾å®¹ã»å¥åº· æ é¤é£åã»æµåé£ å® é åå æ°åå ãã©ã³ããµã¤ã ã­ã£ã³ãã¼ã³ | æ ªå¼ä¼ç¤¾ ææ²» - Meiji Co., Ltd. æ¤ç´¢ ã¡ãã¥ã¼ ååæ å ± ååæ å ±TOP ä¹³è£½å ãã§ã³ã¬ã¼ãã»ã""}","{""method"": ""heuristic_keyword_classifier"", ""event_type_reason"": ""No strong keyword match"", ""marketing_intent_note"": ""Inference, not a verified fact.""}",[2],68a100996effa795
3,明治,ほほえみ,明治ほほえみ,0-1,OTHER,,,"ææ²» ãã¬ããããå¹¼åæã¾ã§ ã¤ãªãããã¤ã³ãã­ã£ã³ãã¼ã³ | æ ªå¼ä¼ç¤¾ææ²»âMeijiCo.,Ltd.: ææ²» ãã¬ããããå¹¼å æã¾ã§ ã¤ãªãããã¤ã³ãã­ã£ã³ãã¼ã³ | æ ªå¼ä¼ç¤¾ææ²»âMeijiCo.,Ltd. ææ²» ãã¬ããããå¹¼å æã¾ã§ ã¤ãªãããã¤...",乳幼児の保護者,,,公式サイト,公開情報からの接触機会維持または企業情報発信,1,0.45,"{""title"": ""ææ²» ãã¬ããããå¹¼åæã¾ã§ ã¤ãªãããã¤ã³ãã­ã£ã³ãã¼ã³ | æ ªå¼ä¼ç¤¾ææ²»âMeijiCo.,Ltd."", ""url"": ""https://www.meiji.co.jp/baby/cmp/close2609/?link=hce26071504"", ""source_type"": ""official_site"", ""published_at"": null, ""matched_text"": ""ææ²» ãã¬ããããå¹¼åæã¾ã§ ã¤ãªãããã¤ã³ãã­ã£ã³ãã¼ã³ | æ ªå¼ä¼ç¤¾ææ²»âMeijiCo.,Ltd. ææ²» ãã¬ããããå¹¼å æã¾ã§ ã¤ãªãããã¤ã³ãã­ã£ã³ãã¼ã³ | æ ªå¼ä¼ç¤¾ææ²»âMeijiCo.,Ltd. æ¤ç´¢ ã¡ãã¥ã¼ ååæ å ± ååæ å ±TOP ä¹³è£½å ãã§ã³ã¬ã¼ãã»ã°ã ã¢ã¤ã¹ã»èª¿çé£å ä¹³å ã»å¹¼å ç¨åå ã¹ãã¼ãæ é¤ ç¾å®¹ã»å¥åº· æ é¤é ææ²» ãã¬ããããå¹¼å æã¾ã§ ã¤ãªãããã¤ã³ãã­ã£ã³ãã""}","{""method"": ""heuristic_keyword_classifier"", ""event_type_reason"": ""No strong keyword match"", ""marketing_intent_note"": ""Inference, not a verified fact.""}",[3],885494c9a299df53
4,明治,ほほえみ,明治ほほえみ,0-1,OTHER,,,"ããã ã¦MINNAdeãã­ã¸ã§ã¯ãï½æ ªå¼ä¼ç¤¾ ææ²» - Meiji Co., Ltd.: ããã ã¦MINNAdeãã­ã¸ã§ã¯ãï½æ ªå¼ä¼ç¤¾ ææ²» - Meiji Co., Ltd. ããã ã¦MINNAdeãã­ã¸ã§ã¯ãï½æ ªå¼ä¼ç¤¾ ææ²» - Meiji Co., Ltd. æ¤ç´¢ ã¡ãã¥ã¼ åå...",乳幼児の保護者,,,公式サイト,公開情報からの接触機会維持または企業情報発信,1,0.45,"{""title"": ""ããã ã¦MINNAdeãã­ã¸ã§ã¯ãï½æ ªå¼ä¼ç¤¾ ææ²» - Meiji Co., Ltd."", ""url"": ""https://www.meiji.co.jp/baby/kosodateminnade/local/?utm_source=owned&utm_medium=banner&utm_campaign=kosodateminnade_local_hohoemi"", ""source_type"": ""official_site"", ""published_at"": null, ""matched_text"": ""ããã ã¦MINNAdeãã­ã¸ã§ã¯ãï½æ ªå¼ä¼ç¤¾ ææ²» - Meiji Co., Ltd. ããã ã¦MINNAdeãã­ã¸ã§ã¯ãï½æ ªå¼ä¼ç¤¾ ææ²» - Meiji Co., Ltd. æ¤ç´¢ ã¡ãã¥ã¼ ååæ å ± ååæ å ±TOP ä¹³è£½å ãã§ã³ã¬ã¼ãã»ã°ã ã¢ã¤ã¹ã»èª¿çé£å ä¹³å ã»å¹¼å ç¨åå ã¹ãã¼ãæ é¤ ç¾å®¹ã»å¥åº· æ é¤é£åã»æµåé£ å® é åå æ°åå ã ããã ã¦MINNAdeãã­ã¸ã§ã¯ãï½æ ªå¼ä¼ç¤¾ ææ²» - Meiji Co., Ltd. æ¤ç´¢ ã¡ãã¥ã¼ ååæ å ± ååæ å""}","{""method"": ""heuristic_keyword_classifier"", ""event_type_reason"": ""No strong keyword match"", ""marketing_intent_note"": ""Inference, not a verified fact.""}",[4],1b5c2a5271889b90
5,明治,ほほえみ,明治ほほえみ,0-1,OTHER,,,ç°å¢ã«éæ®ããåãçµã¿ï½æ ªå¼ä¼ç¤¾ ææ²»: ç°å¢ã«é æ ®ããåãçµã¿ï½æ ªå¼ä¼ç¤¾ ææ²» ç°å¢ã«é æ ®ããåãçµã¿ï½æ ªå¼ä¼ç¤¾ ææ²» æ¤ç´¢ ã¡ãã¥ã¼ ååæ å ± ååæ å ±TOP ä¹³è£½å ãã§ã³...,乳幼児の保護者,,,公式サイト,公開情報からの接触機会維持または企業情報発信,1,0.45,"{""title"": ""ç°å¢ã«éæ®ããåãçµã¿ï½æ ªå¼ä¼ç¤¾ ææ²»"", ""url"": ""https://www.meiji.co.jp/baby/hohoemi/powder/eco/?utm_source=owned&utm_medium=banner&utm_campaign=eco_hohoemi"", ""source_type"": ""official_site"", ""published_at"": null, ""matched_text"": ""ç°å¢ã«éæ®ããåãçµã¿ï½æ ªå¼ä¼ç¤¾ ææ²» ç°å¢ã«é æ ®ããåãçµã¿ï½æ ªå¼ä¼ç¤¾ ææ²» æ¤ç´¢ ã¡ãã¥ã¼ ååæ å ± ååæ å ±TOP ä¹³è£½å ãã§ã³ã¬ã¼ãã»ã°ã ã¢ã¤ã¹ã»èª¿çé£å ä¹³å ã»å¹¼å ç¨åå ã¹ãã¼ãæ é¤ ç¾å®¹ã»å¥åº· æ é¤é£åã»æµåé£ å® é åå æ°åå ãã©ã³ããµã¤ãä¸ ç°å¢ã«é æ ®ããåãçµã¿ï½æ ªå¼ä¼ç¤¾ ææ²» æ¤ç´¢ ã¡ãã¥ã¼ ååæ å ± ååæ å ±TOP ä¹³è£½å ãã§ã³ã¬ã¼ãã»ã°ã ""}","{""method"": ""heuristic_keyword_classifier"", ""event_type_reason"": ""No strong keyword match"", ""marketing_intent_note"": ""Inference, not a verified fact.""}",[5],24e73a08db73ac4d
6,明治,ステップ,明治ステップ,1-3,OTHER,,,"ãææ²»ã¹ãããã ç²ãã«ã¯ã»æ¶²ä½ãã«ã¯ã»ããããã­ã¥ã¼ãï½æ ªå¼ä¼ç¤¾ ææ²» - Meiji Co., Ltd.: ãææ²»ã¹ãããã ç²ãã«ã¯ã»æ¶²ä½ãã«ã¯ã»ããããã­ã¥ã¼ãï½æ ªå¼ä¼ç¤¾ ææ²» - Meiji Co., Ltd. ãææ²»ã¹ãããã ç²ãã«ã¯ã»æ¶²ä½ãã«ã¯ã...",乳幼児の保護者,,,公式サイト,公開情報からの接触機会維持または企業情報発信,1,0.45,"{""title"": ""ãææ²»ã¹ãããã ç²ãã«ã¯ã»æ¶²ä½ãã«ã¯ã»ããããã­ã¥ã¼ãï½æ ªå¼ä¼ç¤¾ ææ²» - Meiji Co., Ltd."", ""url"": ""https://www.meiji.co.jp/baby/step/"", ""source_type"": ""official_site"", ""published_at"": null, ""matched_text"": ""ãææ²»ã¹ãããã ç²ãã«ã¯ã»æ¶²ä½ãã«ã¯ã»ããããã­ã¥ã¼ãï½æ ªå¼ä¼ç¤¾ ææ²» - Meiji Co., Ltd. ãææ²»ã¹ãããã ç²ãã«ã¯ã»æ¶²ä½ãã«ã¯ã»ããããã­ã¥ã¼ãï½æ ªå¼ä¼ç¤¾ ææ²» - Meiji Co., Ltd. æ¤ç´¢ ã¡ãã¥ã¼ ååæ å ± ååæ å ±TOP ä¹³è£½å ãã§ã³ã¬ã¼ãã»ã°ã ã¢ã¤ã¹ã»èª¿çé£å ä¹³å ã»å¹¼å ç¨åå ã¹ãã¼ãæ é¤ ç¾å®¹ã»å¥åº· æ é¤ ãææ²»ã¹ãããã ç²ãã«ã¯ã»æ¶²ä½ãã«ã¯ã»ããããã­ã¥""}","{""method"": ""heuristic_keyword_classifier"", ""event_type_reason"": ""No strong keyword match"", ""marketing_intent_note"": ""Inference, not a verified fact.""}",[31],42e96772ca193c34
7,明治,ステップ,明治ステップ,1-3,OTHER,,,"ã­ã£ã³ãã¼ã³ | æ ªå¼ä¼ç¤¾ ææ²» - Meiji Co., Ltd.: ã­ã£ã³ãã¼ã³ | æ ªå¼ä¼ç¤¾ ææ²» - Meiji Co., Ltd. ã­ã£ã³ãã¼ã³ | æ ªå¼ä¼ç¤¾ ææ²» - Meiji Co., Ltd. æ¤ç´¢ ã¡ãã¥ã¼ ååæ å ± ååæ å ±TOP ä¹³è£½å ã...",乳幼児の保護者,,,公式サイト,公開情報からの接触機会維持または企業情報発信,1,0.45,"{""title"": ""ã­ã£ã³ãã¼ã³ | æ ªå¼ä¼ç¤¾ ææ²» - Meiji Co., Ltd."", ""url"": ""https://www.meiji.co.jp/campaign/"", ""source_type"": ""official_site"", ""published_at"": null, ""matched_text"": ""ã­ã£ã³ãã¼ã³ | æ ªå¼ä¼ç¤¾ ææ²» - Meiji Co., Ltd. ã­ã£ã³ãã¼ã³ | æ ªå¼ä¼ç¤¾ ææ²» - Meiji Co., Ltd. æ¤ç´¢ ã¡ãã¥ã¼ ååæ å ± ååæ å ±TOP ä¹³è£½å ãã§ã³ã¬ã¼ãã»ã°ã ã¢ã¤ã¹ã»èª¿çé£å ä¹³å ã»å¹¼å ç¨åå ã¹ãã¼ãæ é¤ ç¾å®¹ã»å¥åº· æ é¤é£åã»æµåé£ å® é åå æ°åå ãã©ã³ããµã¤ã ã­ã£ã³ãã¼ã³ | æ ªå¼ä¼ç¤¾ ææ²» - Meiji Co., Ltd. æ¤ç´¢ ã¡ãã¥ã¼ ååæ å ± ååæ å ±TOP ä¹³è£½å ãã§ã³ã¬ã¼ãã»ã""}","{""method"": ""heuristic_keyword_classifier"", ""event_type_reason"": ""No strong keyword match"", ""marketing_intent_note"": ""Inference, not a verified fact.""}",[32],494864a2b21affa6
8,明治,ステップ,明治ステップ,1-3,OTHER,,,ãææ²»ãããããã«ã¯ãã·ãªã¼ãº 120mlã200mlããä½¿ç¨ã®ãå®¢æ§ã¸ï½æ ªå¼ä¼ç¤¾ ææ²»: ãææ²»ãããããã«ã¯ãã·ãªã¼ãº 120mlã200mlããä½¿ç¨ã®ãå®¢æ§ã¸ï½æ ªå¼ä¼ç¤¾ ææ²» ãææ²»ãããããã«ã¯ãã·ãªã¼ãº 120mlã200mlããä½¿ç¨...,乳幼児の保護者,,,公式サイト,公開情報からの接触機会維持または企業情報発信,1,0.45,"{""title"": ""ãææ²»ãããããã«ã¯ãã·ãªã¼ãº 120mlã200mlããä½¿ç¨ã®ãå®¢æ§ã¸ï½æ ªå¼ä¼ç¤¾ ææ²»"", ""url"": ""https://www.meiji.co.jp/baby/hohoemi/rakurakumilk/caution/?utm_source=owned&utm_medium=banner&utm_campaign=top_step"", ""source_type"": ""official_site"", ""published_at"": null, ""matched_text"": ""ãææ²»ãããããã«ã¯ãã·ãªã¼ãº 120mlã200mlããä½¿ç¨ã®ãå®¢æ§ã¸ï½æ ªå¼ä¼ç¤¾ ææ²» ãææ²»ãããããã«ã¯ãã·ãªã¼ãº 120mlã200mlããä½¿ç¨ã®ãå®¢æ§ã¸ï½æ ªå¼ä¼ç¤¾ ææ²» æ¤ç´¢ ã¡ãã¥ã¼ ååæ å ± ååæ å ±TOP ä¹³è£½å ãã§ã³ã¬ã¼ãã»ã°ã ã¢ã¤ã¹ã»èª¿çé£å ä¹³å ã»å¹¼å ç¨åå ã¹ãã¼ãæ é¤ ç¾å®¹ã»å¥åº· æ é¤é£åã»æµå ãææ²»ãããããã«ã¯ãã·ãªã¼ãº 120mlã200mlããä½¿ç¨ã®ãå®¢æ§ã¸ï½æ""}","{""method"": ""heuristic_keyword_classifier"", ""event_type_reason"": ""No strong keyword match"", ""marketing_intent_note"": ""Inference, not a verified fact.""}",[33],d71357c9fbf22014
9,明治,ステップ,明治ステップ,1-3,OTHER,,,"ææ²» ãã¬ããããå¹¼åæã¾ã§ ã¤ãªãããã¤ã³ãã­ã£ã³ãã¼ã³ | æ ªå¼ä¼ç¤¾ææ²»âMeijiCo.,Ltd.: ææ²» ãã¬ããããå¹¼å æã¾ã§ ã¤ãªãããã¤ã³ãã­ã£ã³ãã¼ã³ | æ ªå¼ä¼ç¤¾ææ²»âMeijiCo.,Ltd. ææ²» ãã¬ããããå¹¼å æã¾ã§ ã¤ãªãããã¤...",乳幼児の保護者,,,公式サイト,公開情報からの接触機会維持または企業情報発信,1,0.45,"{""title"": ""ææ²» ãã¬ããããå¹¼åæã¾ã§ ã¤ãªãããã¤ã³ãã­ã£ã³ãã¼ã³ | æ ªå¼ä¼ç¤¾ææ²»âMeijiCo.,Ltd."", ""url"": ""https://www.meiji.co.jp/baby/cmp/close2609/?link=hce26071502"", ""source_type"": ""official_site"", ""published_at"": null, ""matched_text"": ""ææ²» ãã¬ããããå¹¼åæã¾ã§ ã¤ãªãããã¤ã³ãã­ã£ã³ãã¼ã³ | æ ªå¼ä¼ç¤¾ææ²»âMeijiCo.,Ltd. ææ²» ãã¬ããããå¹¼å æã¾ã§ ã¤ãªãããã¤ã³ãã­ã£ã³ãã¼ã³ | æ ªå¼ä¼ç¤¾ææ²»âMeijiCo.,Ltd. æ¤ç´¢ ã¡ãã¥ã¼ ååæ å ± ååæ å ±TOP ä¹³è£½å ãã§ã³ã¬ã¼ãã»ã°ã ã¢ã¤ã¹ã»èª¿çé£å ä¹³å ã»å¹¼å ç¨åå ã¹ãã¼ãæ é¤ ç¾å®¹ã»å¥åº· æ é¤é ææ²» ãã¬ããããå¹¼å æã¾ã§ ã¤ãªãããã¤ã³ãã­ã£ã³ãã""}","{""method"": ""heuristic_keyword_classifier"", ""event_type_reason"": ""No strong keyword match"", ""marketing_intent_note"": ""Inference, not a verified fact.""}",[34],c689eb1725089346
10,明治,ステップ,明治ステップ,1-3,OTHER,,,"ï½æå¤§30,000ååã®JCBã®ããã«ã¼ããå½ãã!ï½ãææ²»ã®æ é¤é£åã­ã£ã³ãã¼ã³ | ææ²»ã¡ã¤ãã©ã³ã¹ | æ ªå¼ä¼ç¤¾ ææ²» - Meiji Co., Ltd.: ï½æå¤§30,000ååã®JCBã®ããã«ã¼ããå½ãã!ï½ãææ²»ã®æ é¤é£åã­ã£ã³ãã¼ã³ | ææ²»ã¡ã¤ãã©ã³ã¹ | æ ªå¼ä¼ç¤¾ ææ²» - Meiji Co., Ltd. ï½æå¤§...",乳幼児の保護者,,,公式サイト,公開情報からの接触機会維持または企業情報発信,1,0.45,"{""title"": ""ï½æå¤§30,000ååã®JCBã®ããã«ã¼ããå½ãã!ï½ãææ²»ã®æ é¤é£åã­ã£ã³ãã¼ã³ | ææ²»ã¡ã¤ãã©ã³ã¹ | æ ªå¼ä¼ç¤¾ ææ²» - Meiji Co., Ltd."", ""url"": ""https://www.meiji.co.jp/meiji-eiyoucare/products/nutritionfood/meibalance/cmp/close2606/"", ""source_type"": ""official_site"", ""published_at"": null, ""matched_text"": ""ï½æå¤§30,000ååã®JCBã®ããã«ã¼ããå½ãã!ï½ãææ²»ã®æ é¤é£åã­ã£ã³ãã¼ã³ | ææ²»ã¡ã¤ãã©ã³ã¹ | æ ªå¼ä¼ç¤¾ ææ²» - Meiji Co., Ltd. ï½æå¤§30,000ååã®JCBã®ããã«ã¼ããå½ãã!ï½ãææ²»ã®æ é¤é£åã­ã£ã³ãã¼ã³ | ææ²»ã¡ã¤ãã©ã³ã¹ | æ ªå¼ä¼ç¤¾ ææ²» - Meiji Co., Ltd. æ¤ç´¢ ã¡ãã¥ã¼ ååæ å ± ååæ å ±TOP ä¹³è£½å ãã§ã³ã¬ã¼ãã»ã°ã ã¢ã¤ã¹ã»èª¿çé£å ä¹³å ã»å¹¼å ç ï½æå¤§30,000ååã®JCBã""}","{""method"": ""heuristic_keyword_classifier"", ""event_type_reason"": ""No strong keyword match"", ""marketing_intent_note"": ""Inference, not a verified fact.""}",[35],08b04411e64a1772
11,森永乳業,はぐくみ,森永はぐくみ,0-1,OTHER,,,ã¯ããã¿ï½ååæå ±ï½å¦å¨ ã»è²åæå ±ãµã¤ããã¯ããã¿ãï½æ£®æ°¸ä¹³æ¥­æ ªå¼ä¼ç¤¾: ã¯ããã¿ï½ååæ å ±ï½å¦å¨ ã»è²å æ å ±ãµã¤ããã¯ããã¿ãï½æ£®æ°¸ä¹³æ¥­æ ªå¼ä¼ç¤¾ ã¯ããã¿ï½ååæ å ±ï½å¦å¨ ã»è²å æ å ±ãµã¤ããã¯ããã...,乳幼児の保護者,,,公式サイト,公開情報からの接触機会維持または企業情報発信,1,0.45,"{""title"": ""ã¯ããã¿ï½ååæå ±ï½å¦å¨ ã»è²åæå ±ãµã¤ããã¯ããã¿ãï½æ£®æ°¸ä¹³æ¥­æ ªå¼ä¼ç¤¾"", ""url"": ""https://www.hagukumi.ne.jp/products/hagukumi/"", ""source_type"": ""official_site"", ""published_at"": null, ""matched_text"": ""ã¯ããã¿ï½ååæå ±ï½å¦å¨ ã»è²åæå ±ãµã¤ããã¯ããã¿ãï½æ£®æ°¸ä¹³æ¥­æ ªå¼ä¼ç¤¾ ã¯ããã¿ï½ååæ å ±ï½å¦å¨ ã»è²å æ å ±ãµã¤ããã¯ããã¿ãï½æ£®æ°¸ä¹³æ¥­æ ªå¼ä¼ç¤¾ æ£®æ°¸ã®ã³ã¢ãã©ã³ããã«ã¯ æ£®æ°¸ã¯ããã¿ 0ãµæï½1æ­³é ã¾ã§ æ¯ä¹³ããææ¬ã® æ é¤ãã©ã³ã¹ã¨ èµ¤ã¡ããã® ããªããèããæå ä¹³å è ¸å ç´°èå¢ã¢ã ã¯ããã¿ï½ååæ å ±ï½å¦å¨ ã»è²å æ å ±ãµã¤ããã¯ããã¿ãï½æ£®æ°¸ä¹³æ¥­""}","{""method"": ""heuristic_keyword_classifier"", ""event_type_reason"": ""No strong keyword match"", ""marketing_intent_note"": ""Inference, not a verified fact.""}",[45],b3d46daacd848d6f
12,アサヒグループ食品／和光堂,はいはい,レーベンスミルク はいはい,0-1,OTHER,,,[xX~N Í¢Í¢b¤iîñb£ûHA²~NAxr[t[hÌaõ°: [xX~N Í¢Í¢b¤iîñb£ûHA²~NAxr[t[hÌaõ° [xX~N Í¢Í¢b¤iîñb£ûHA²~NAxr[t[hÌaõ° j [ ¤iîñ îÅT·...,乳幼児の保護者,,,公式サイト,公開情報からの接触機会維持または企業情報発信,1,0.45,"{""title"": ""[xX~N Í¢Í¢b¤iîñb£ûHA²~NAxr[t[hÌaõ°"", ""url"": ""https://www.wakodo.co.jp/product/babyfood/milk/haihai/"", ""source_type"": ""official_site"", ""published_at"": null, ""matched_text"": ""[xX~N Í¢Í¢b¤iîñb£ûHA²~NAxr[t[hÌaõ° [xX~N Í¢Í¢b¤iîñb£ûHA²~NAxr[t[hÌaõ° j [ ¤iîñ îÅT· Ly[îñ aõ°Xg[[ i¿ÖÌ±¾íè ´Þ¿îñ æµXÜõ ¨â¢í¹ / æ­¢½¾­²¿â í±¿áñJtF English ¶ tiếng Việt z[ > ¤iîñ > ~N > [xX~N [xX~N Í¢Í¢b¤iîñb£ûHA²~NAxr[t[hÌaõ° j [ ¤iîñ îÅT· Ly[îñ ""}","{""method"": ""heuristic_keyword_classifier"", ""event_type_reason"": ""No strong keyword match"", ""marketing_intent_note"": ""Inference, not a verified fact.""}",[66],9eba64975d20a8d5
13,アサヒグループ食品／和光堂,ぐんぐん,フォローアップミルク ぐんぐん,1-3,OTHER,,,tH[Abv~N  ®ñ®ñb¤iîñb£ûHA²~NAxr[t[hÌaõ°: tH[Abv~N ®ñ®ñb¤iîñb£ûHA²~NAxr[t[hÌaõ° tH[Abv~N ®ñ®ñb¤iîñb£ûHA²~NAxr[t[hÌaõ° j [ ¤iîñ ...,乳幼児の保護者,,,公式サイト,公開情報からの接触機会維持または企業情報発信,1,0.45,"{""title"": ""tH[Abv~N  ®ñ®ñb¤iîñb£ûHA²~NAxr[t[hÌaõ°"", ""url"": ""https://www.wakodo.co.jp/product/babyfood/milk/gungun/"", ""source_type"": ""official_site"", ""published_at"": null, ""matched_text"": ""tH[Abv~N  ®ñ®ñb¤iîñb£ûHA²~NAxr[t[hÌaõ° tH[Abv~N ®ñ®ñb¤iîñb£ûHA²~NAxr[t[hÌaõ° j [ ¤iîñ îÅT· Ly[îñ aõ°Xg[[ i¿ÖÌ±¾íè ´Þ¿îñ æµXÜõ ¨â¢í¹ / æ­¢½¾­²¿â í±¿áñJtF English ¶ tiếng Việt z[ > ¤iîñ > ~N > tH[Ab tH[Abv~N ®ñ®ñb¤iîñb£ûHA²~NAxr[t[hÌaõ° j [ ¤iîñ îÅT· Ly""}","{""method"": ""heuristic_keyword_classifier"", ""event_type_reason"": ""No strong keyword match"", ""marketing_intent_note"": ""Inference, not a verified fact.""}",[67],87f45f646054f8ca
14,雪印メグミルク,ぴゅあ,雪印メグミルクぴゅあ,0-1,OTHER,0404-09-14,,404 Page Not Found | éªå°ã¡ã°ãã«ã¯æ ªå¼ä¼ç¤¾: 404 Page Not Found | éªå°ã¡ã°ãã«ã¯æ ªå¼ä¼ç¤¾ 404 Page Not Found | éªå°ã¡ã°ãã«ã¯æ ªå¼ä¼ç¤¾ ååã» ã­ã£ã³ãã¼ã³ ååã®ãæ¡å TOP çä¹³ã»ä¹³é£²æ ...,乳幼児の保護者,,,公式サイト,公開情報からの接触機会維持または企業情報発信,1,0.45,"{""title"": ""404 Page Not Found | éªå°ã¡ã°ãã«ã¯æ ªå¼ä¼ç¤¾"", ""url"": ""https://www.meg-snow.com/products/detail.php?p=mother_pure"", ""source_type"": ""official_site"", ""published_at"": ""0404-09-14"", ""matched_text"": ""404 Page Not Found | éªå°ã¡ã°ãã«ã¯æ ªå¼ä¼ç¤¾ 404 Page Not Found | éªå°ã¡ã°ãã«ã¯æ ªå¼ä¼ç¤¾ ååã» ã­ã£ã³ãã¼ã³ ååã®ãæ¡å TOP çä¹³ã»ä¹³é£²æ ææ±ã»é£²æ ã¨ã¼ã°ã«ã ãã¶ã¼ã ã¯ãªã¼ã ãã¿ã¼ã» ãã¼ã¬ãªã³ ãã¼ãº ç·´ä¹³ã»ã¹ã­ã ãã«ã¯ã» ãã®ä» å® é åå è²å ç¨ç²ãã«ã¯ ãµ 404 Page Not Found | éªå°ã¡ã°ãã«ã¯æ ªå¼ä¼ç¤¾ ååã» ã­ã£ã³ãã¼ã³ ååã®ãæ¡å TOP çä¹³ã»ä¹³é£²æ ææ±ã»é£²æ ã¨""}","{""method"": ""heuristic_keyword_classifier"", ""event_type_reason"": ""No strong keyword match"", ""marketing_intent_note"": ""Inference, not a verified fact.""}",[70],731331d6e2a44de9
15,雪印メグミルク,たっち,雪印メグミルクたっち,1-3,OTHER,0404-09-14,,404 Page Not Found | éªå°ã¡ã°ãã«ã¯æ ªå¼ä¼ç¤¾: 404 Page Not Found | éªå°ã¡ã°ãã«ã¯æ ªå¼ä¼ç¤¾ 404 Page Not Found | éªå°ã¡ã°ãã«ã¯æ ªå¼ä¼ç¤¾ ååã» ã­ã£ã³ãã¼ã³ ååã®ãæ¡å TOP çä¹³ã»ä¹³é£²æ ...,乳幼児の保護者,,,公式サイト,公開情報からの接触機会維持または企業情報発信,1,0.45,"{""title"": ""404 Page Not Found | éªå°ã¡ã°ãã«ã¯æ ªå¼ä¼ç¤¾"", ""url"": ""https://www.meg-snow.com/products/detail.php?p=mother_touch"", ""source_type"": ""official_site"", ""published_at"": ""0404-09-14"", ""matched_text"": ""404 Page Not Found | éªå°ã¡ã°ãã«ã¯æ ªå¼ä¼ç¤¾ 404 Page Not Found | éªå°ã¡ã°ãã«ã¯æ ªå¼ä¼ç¤¾ ååã» ã­ã£ã³ãã¼ã³ ååã®ãæ¡å TOP çä¹³ã»ä¹³é£²æ ææ±ã»é£²æ ã¨ã¼ã°ã«ã ãã¶ã¼ã ã¯ãªã¼ã ãã¿ã¼ã» ãã¼ã¬ãªã³ ãã¼ãº ç·´ä¹³ã»ã¹ã­ã ãã«ã¯ã» ãã®ä» å® é åå è²å ç¨ç²ãã«ã¯ ãµ 404 Page Not Found | éªå°ã¡ã°ãã«ã¯æ ªå¼ä¼ç¤¾ ååã» ã­ã£ã³ãã¼ã³ ååã®ãæ¡å TOP çä¹³ã»ä¹³é£²æ ææ±ã»é£²æ ã¨""}","{""method"": ""heuristic_keyword_classifier"", ""event_type_reason"": ""No strong keyword match"", ""marketing_intent_note"": ""Inference, not a verified fact.""}",[71],89a2402289f24b0b
16,明治,ステップ,明治ステップ,1-3,OTHER,2018-03-06,,"フォローアップミルクのおすすめ人気ランキング【2026年9月】 - マイベスト: フォローアップミルクのおすすめ人気ランキング【2026年9月】 - マイベスト <a href=""https://news.google.com/rss/articles/CBMiPEFVX3lxTE1WZzhCYnRaV0QwRmc3aFFHTm9XcDdqa2ZUX1BxanJwT2xGUmwyWVE1Y1RJSkw1eUVFQU9hOQ?oc=5"" t...",1-3歳児の保護者,,,ニュース/PR,公開情報からの接触機会維持または企業情報発信,1,0.45,"{""title"": ""フォローアップミルクのおすすめ人気ランキング【2026年9月】 - マイベスト"", ""url"": ""https://news.google.com/rss/articles/CBMiPEFVX3lxTE1WZzhCYnRaV0QwRmc3aFFHTm9XcDdqa2ZUX1BxanJwT2xGUmwyWVE1Y1RJSkw1eUVFQU9hOQ?oc=5"", ""source_type"": ""news_pr"", ""published_at"": ""2018-03-06"", ""matched_text"": ""フォローアップミルクのおすすめ人気ランキング【2026年9月】 - マイベスト <a href=\""https://news.google.com/rss/articles/CBMiPEFVX3lxTE1WZzhCYnRaV0QwRmc3aFFHTm9XcDdqa2ZUX1BxanJwT2xGUmwyWVE1Y1RJSkw1eUVFQU9hOQ?oc=5\"" target=\""_blank\"">フォローアップミルクのおすすめ人気ランキング【2026年9月】</a>&nbsp;&nbsp;<font color=\""#6f6f6f\"">マイベスト</font> ""}","{""method"": ""heuristic_keyword_classifier"", ""event_type_reason"": ""No strong keyword match"", ""marketing_intent_note"": ""Inference, not a verified fact.""}",[39],cb3496c6e8cd33e4
17,森永乳業,チルミル,森永チルミル,1-3,OTHER,2018-03-06,,"フォローアップミルクのおすすめ人気ランキング【2026年9月】 - マイベスト: フォローアップミルクのおすすめ人気ランキング【2026年9月】 - マイベスト <a href=""https://news.google.com/rss/articles/CBMiPEFVX3lxTE1WZzhCYnRaV0QwRmc3aFFHTm9XcDdqa2ZUX1BxanJwT2xGUmwyWVE1Y1RJSkw1eUVFQU9hOQ?oc=5"" t...",1-3歳児の保護者,,,ニュース/PR,公開情報からの接触機会維持または企業情報発信,1,0.45,"{""title"": ""フォローアップミルクのおすすめ人気ランキング【2026年9月】 - マイベスト"", ""url"": ""https://news.google.com/rss/articles/CBMiPEFVX3lxTE1WZzhCYnRaV0QwRmc3aFFHTm9XcDdqa2ZUX1BxanJwT2xGUmwyWVE1Y1RJSkw1eUVFQU9hOQ?oc=5"", ""source_type"": ""news_pr"", ""published_at"": ""2018-03-06"", ""matched_text"": ""フォローアップミルクのおすすめ人気ランキング【2026年9月】 - マイベスト <a href=\""https://news.google.com/rss/articles/CBMiPEFVX3lxTE1WZzhCYnRaV0QwRmc3aFFHTm9XcDdqa2ZUX1BxanJwT2xGUmwyWVE1Y1RJSkw1eUVFQU9hOQ?oc=5\"" target=\""_blank\"">フォローアップミルクのおすすめ人気ランキング【2026年9月】</a>&nbsp;&nbsp;<font color=\""#6f6f6f\"">マイベスト</font> ""}","{""method"": ""heuristic_keyword_classifier"", ""event_type_reason"": ""No strong keyword match"", ""marketing_intent_note"": ""Inference, not a verified fact.""}",[49],770e609a00f7afca
18,森永乳業,E赤ちゃん,森永E赤ちゃん,0-1,OTHER,2018-08-01,,"入れ替えタイプの育児用ミルク 専用ケースの「素材・サイズ・設計」を見直し/森永乳業 - 健康美容Expo: 入れ替えタイプの育児用ミルク 専用ケースの「素材・サイズ・設計」を見直し/森永乳業 - 健康美容Expo <a href=""https://news.google.com/rss/articles/CBMiaEFVX3lxTFBrNUVQSnlPMjJvT3N5UGhrUEFHZi1ZSnc5bXQtVkU4UlE1Z0QtRzdpdzJhbkoyX1dyV...",乳幼児の保護者,素材・サイズ・設計,,ニュース/PR,公開情報からの接触機会維持または企業情報発信,1,0.45,"{""title"": ""入れ替えタイプの育児用ミルク 専用ケースの「素材・サイズ・設計」を見直し/森永乳業 - 健康美容Expo"", ""url"": ""https://news.google.com/rss/articles/CBMiaEFVX3lxTFBrNUVQSnlPMjJvT3N5UGhrUEFHZi1ZSnc5bXQtVkU4UlE1Z0QtRzdpdzJhbkoyX1dyVnZ0a2F3S2hteXFyV19yUzZmQ3lsVmxLR1V4WGxrdVFkaVBJRlgyXzdpZks1bC0w?oc=5"", ""source_type"": ""news_pr"", ""published_at"": ""2018-08-01"", ""matched_text"": ""入れ替えタイプの育児用ミルク 専用ケースの「素材・サイズ・設計」を見直し/森永乳業 - 健康美容Expo <a href=\""https://news.google.com/rss/articles/CBMiaEFVX3lxTFBrNUVQSnlPMjJvT3N5UGhrUEFHZi1ZSnc5bXQtVkU4UlE1Z0QtRzdpdzJhbkoyX1dyVnZ0a2F3S2hteXFyV19yUzZmQ3lsVmxLR1V4WGxrdVFkaVBJRlgyXzdpZks1bC0w?oc=5\"" target=\""_blank\"">入れ替えタイプの育児用ミルク 専用ケースの「素材・サイズ・設計」を見直し/森永乳業</a>&nbsp;&nbsp;<font color=\""#6f6f6f\"">健康美容Expo</font> ""}","{""method"": ""heuristic_keyword_classifier"", ""event_type_reason"": ""No strong keyword match"", ""marketing_intent_note"": ""Inference, not a verified fact.""}",[47],84d35733e441142c
19,明治,ステップ,明治ステップ,1-3,OTHER,2022-06-10,,"明治が液体ミルクの賞味期限を18ヵ月に延長 - dailydairynews.jp: 明治が液体ミルクの賞味期限を18ヵ月に延長 - dailydairynews.jp <a href=""https://news.google.com/rss/articles/CBMiSkFVX3lxTFAzekJqbDMxWGwtS0xuemZYV1ZWNGNtMGN3dF83TlpVSE1TUlBiZk9sNHBnOU9Xc1NhVVhyd3pZdEtD...",乳幼児の保護者,,,ニュース/PR,公開情報からの接触機会維持または企業情報発信,1,0.45,"{""title"": ""明治が液体ミルクの賞味期限を18ヵ月に延長 - dailydairynews.jp"", ""url"": ""https://news.google.com/rss/articles/CBMiSkFVX3lxTFAzekJqbDMxWGwtS0xuemZYV1ZWNGNtMGN3dF83TlpVSE1TUlBiZk9sNHBnOU9Xc1NhVVhyd3pZdEtDdEFwa2VXVlZB?oc=5"", ""source_type"": ""news_pr"", ""published_at"": ""2022-06-10"", ""matched_text"": ""明治が液体ミルクの賞味期限を18ヵ月に延長 - dailydairynews.jp <a href=\""https://news.google.com/rss/articles/CBMiSkFVX3lxTFAzekJqbDMxWGwtS0xuemZYV1ZWNGNtMGN3dF83TlpVSE1TUlBiZk9sNHBnOU9Xc1NhVVhyd3pZdEtDdEFwa2VXVlZB?oc=5\"" target=\""_blank\"">明治が液体ミルクの賞味期限を18ヵ月に延長</a>&nbsp;&nbsp;<font color=\""#6f6f6f\"">dailydairynews.jp</font> ""}","{""method"": ""heuristic_keyword_classifier"", ""event_type_reason"": ""No strong keyword match"", ""marketing_intent_note"": ""Inference, not a verified fact.""}",[37],81e24ae57899d109
20,明治,ほほえみ,明治ほほえみ,0-1,PRODUCT_RENEWAL,2023-05-16,,"明治、乳児用「らくらくミルク」リニューアル - dailydairynews.jp: 明治、乳児用「らくらくミルク」リニューアル - dailydairynews.jp <a href=""https://news.google.com/rss/articles/CBMiS0FVX3lxTE14MmRCTDNGOFJua1VZeEZkVVJzVVVRdkJBYW9qOTkwSzhuVXNoVUdEV25NRGs4U08zZVRQWHloMi01...",乳幼児の保護者,,,ニュース/PR,商品理解の更新、品質・成分・利便性の再訴求,4,0.72,"{""title"": ""明治、乳児用「らくらくミルク」リニューアル - dailydairynews.jp"", ""url"": ""https://news.google.com/rss/articles/CBMiS0FVX3lxTE14MmRCTDNGOFJua1VZeEZkVVJzVVVRdkJBYW9qOTkwSzhuVXNoVUdEV25NRGs4U08zZVRQWHloMi01UXJpaEFsZEdlOA?oc=5"", ""source_type"": ""news_pr"", ""published_at"": ""2023-05-16"", ""matched_text"": ""明治、乳児用「らくらくミルク」リニューアル - dailydairynews.jp <a href=\""https://news.google.com/rss/articles/CBMiS0FVX3lxTE14MmRCTDNGOFJua1VZeEZkVVJzVVVRdkJBYW9qOTkwSzhuVXNoVUdEV25NRGs4U08zZVRQWHloMi01UXJpaEFsZEdlOA?oc=5\"" target=\""_blank\"">明治、乳児用「らくらくミルク」リニューアル</a>&nbsp;&nbsp;<font color=\""#6f6f6f\"">dailydairynews.jp</font> ""}","{""method"": ""heuristic_keyword_classifier"", ""event_type_reason"": ""Matched keywords for PRODUCT_RENEWAL"", ""marketing_intent_note"": ""Inference, not a verified fact.""}",[10],9c7beaab47575af7
21,明治,ほほえみ,明治ほほえみ,0-1,OTHER,2024-07-25,,"らくらくミルクアタッチメントを知育玩具に - dailydairynews.jp: らくらくミルクアタッチメントを知育玩具に - dailydairynews.jp <a href=""https://news.google.com/rss/articles/CBMiS0FVX3lxTE1LQXFCdUdxZlBxa0RITXJGOTVkRlQ0RWtwYktRT2ZKdkRfM0pGOEhmbkNjX3JGN1JIYm5QM1BpUzN5U...",乳幼児の保護者,,,ニュース/PR,公開情報からの接触機会維持または企業情報発信,1,0.45,"{""title"": ""らくらくミルクアタッチメントを知育玩具に - dailydairynews.jp"", ""url"": ""https://news.google.com/rss/articles/CBMiS0FVX3lxTE1LQXFCdUdxZlBxa0RITXJGOTVkRlQ0RWtwYktRT2ZKdkRfM0pGOEhmbkNjX3JGN1JIYm5QM1BpUzN5UnRINW04blkxbw?oc=5"", ""source_type"": ""news_pr"", ""published_at"": ""2024-07-25"", ""matched_text"": ""らくらくミルクアタッチメントを知育玩具に - dailydairynews.jp <a href=\""https://news.google.com/rss/articles/CBMiS0FVX3lxTE1LQXFCdUdxZlBxa0RITXJGOTVkRlQ0RWtwYktRT2ZKdkRfM0pGOEhmbkNjX3JGN1JIYm5QM1BpUzN5UnRINW04blkxbw?oc=5\"" target=\""_blank\"">らくらくミルクアタッチメントを知育玩具に</a>&nbsp;&nbsp;<font color=\""#6f6f6f\"">dailydairynews.jp</font> ""}","{""method"": ""heuristic_keyword_classifier"", ""event_type_reason"": ""No strong keyword match"", ""marketing_intent_note"": ""Inference, not a verified fact.""}",[11],1b9d51c68f5e7e06
22,明治,ほほえみ,明治ほほえみ,0-1,OTHER,2024-09-03,,"明治、10月から「ほほえみ」「ザバス」値上げ - dailydairynews.jp: 明治、10月から「ほほえみ」「ザバス」値上げ - dailydairynews.jp <a href=""https://news.google.com/rss/articles/CBMiS0FVX3lxTFBaYkpqS0daNEtHM2p1UVJvNHowR3B3d0YzX3FlTU8xb29PLUh1MFdiX3BmZEVpTHB0RkpySkxjeHM...",乳幼児の保護者,,,ニュース/PR,公開情報からの接触機会維持または企業情報発信,1,0.45,"{""title"": ""明治、10月から「ほほえみ」「ザバス」値上げ - dailydairynews.jp"", ""url"": ""https://news.google.com/rss/articles/CBMiS0FVX3lxTFBaYkpqS0daNEtHM2p1UVJvNHowR3B3d0YzX3FlTU8xb29PLUh1MFdiX3BmZEVpTHB0RkpySkxjeHM3OVVsaWNmNWlyYw?oc=5"", ""source_type"": ""news_pr"", ""published_at"": ""2024-09-03"", ""matched_text"": ""明治、10月から「ほほえみ」「ザバス」値上げ - dailydairynews.jp <a href=\""https://news.google.com/rss/articles/CBMiS0FVX3lxTFBaYkpqS0daNEtHM2p1UVJvNHowR3B3d0YzX3FlTU8xb29PLUh1MFdiX3BmZEVpTHB0RkpySkxjeHM3OVVsaWNmNWlyYw?oc=5\"" target=\""_blank\"">明治、10月から「ほほえみ」「ザバス」値上げ</a>&nbsp;&nbsp;<font color=\""#6f6f6f\"">dailydairynews.jp</font> ""}","{""method"": ""heuristic_keyword_classifier"", ""event_type_reason"": ""No strong keyword match"", ""marketing_intent_note"": ""Inference, not a verified fact.""}",[16],efa019bf7134694e
23,森永乳業,E赤ちゃん,森永E赤ちゃん,0-1,OTHER,2025-01-04,,"生活者の環境意識は高いが 10代の過半数は“エコ疲れ” - ダイヤモンド・チェーンストアオンライン: 生活者の環境意識は高いが 10代の過半数は“エコ疲れ” - ダイヤモンド・チェーンストアオンライン <a href=""https://news.google.com/rss/articles/CBMicEFVX3lxTE1vS3ZJQ0Z3RURMZmxGTXV0UjFwbDRzVTNMcGZEVmdSRFVVaEVVRFdPVlZ4OW9DWDlkRTlh...",乳幼児の保護者,,,ニュース/PR,公開情報からの接触機会維持または企業情報発信,1,0.45,"{""title"": ""生活者の環境意識は高いが 10代の過半数は“エコ疲れ” - ダイヤモンド・チェーンストアオンライン"", ""url"": ""https://news.google.com/rss/articles/CBMicEFVX3lxTE1vS3ZJQ0Z3RURMZmxGTXV0UjFwbDRzVTNMcGZEVmdSRFVVaEVVRFdPVlZ4OW9DWDlkRTlhOHNCakRFb3RyYjlkeEc2ZUxDMDV5Rlc0UkVxNkRkdjl1aHA1QmRVM3VMcDFjY2U1VGNUSXQ?oc=5"", ""source_type"": ""news_pr"", ""published_at"": ""2025-01-04"", ""matched_text"": ""生活者の環境意識は高いが 10代の過半数は“エコ疲れ” - ダイヤモンド・チェーンストアオンライン <a href=\""https://news.google.com/rss/articles/CBMicEFVX3lxTE1vS3ZJQ0Z3RURMZmxGTXV0UjFwbDRzVTNMcGZEVmdSRFVVaEVVRFdPVlZ4OW9DWDlkRTlhOHNCakRFb3RyYjlkeEc2ZUxDMDV5Rlc0UkVxNkRkdjl1aHA1QmRVM3VMcDFjY2U1VGNUSXQ?oc=5\"" target=\""_blank\"">生活者の環境意識は高いが 10代の過半数は“エコ疲れ”</a>&nbsp;&nbsp;<font color=\""#6f6f6f\"">ダイヤモンド・チェーンストアオンライン</font> ""}","{""method"": ""heuristic_keyword_classifier"", ""event_type_reason"": ""No strong keyword match"", ""marketing_intent_note"": ""Inference, not a verified fact.""}",[48],d8f3bba9c6cb1227
24,森永乳業,はぐくみ,森永はぐくみ,0-1,OTHER,2025-03-24,,"森永乳業、育児用ミルクなど計15品を値上げ - dailydairynews.jp: 森永乳業、育児用ミルクなど計15品を値上げ - dailydairynews.jp <a href=""https://news.google.com/rss/articles/CBMiS0FVX3lxTE13azloWHE2QlAxN3c2Q3ZBYldBM0RZNDkwMXpBbWN1MVg4MGZQbnQ0d181RXFCWHNoUzZVb0kxR2N2...",乳幼児の保護者,,,ニュース/PR,公開情報からの接触機会維持または企業情報発信,1,0.45,"{""title"": ""森永乳業、育児用ミルクなど計15品を値上げ - dailydairynews.jp"", ""url"": ""https://news.google.com/rss/articles/CBMiS0FVX3lxTE13azloWHE2QlAxN3c2Q3ZBYldBM0RZNDkwMXpBbWN1MVg4MGZQbnQ0d181RXFCWHNoUzZVb0kxR2N2S2dMLWJpNVZ2cw?oc=5"", ""source_type"": ""news_pr"", ""published_at"": ""2025-03-24"", ""matched_text"": ""森永乳業、育児用ミルクなど計15品を値上げ - dailydairynews.jp <a href=\""https://news.google.com/rss/articles/CBMiS0FVX3lxTE13azloWHE2QlAxN3c2Q3ZBYldBM0RZNDkwMXpBbWN1MVg4MGZQbnQ0d181RXFCWHNoUzZVb0kxR2N2S2dMLWJpNVZ2cw?oc=5\"" target=\""_blank\"">森永乳業、育児用ミルクなど計15品を値上げ</a>&nbsp;&nbsp;<font color=\""#6f6f6f\"">dailydairynews.jp</font> ""}","{""method"": ""heuristic_keyword_classifier"", ""event_type_reason"": ""No strong keyword match"", ""marketing_intent_note"": ""Inference, not a verified fact.""}",[46],86ea36063e4f19f2
25,明治,ステップ,明治ステップ,1-3,EVENT,2025-04-08,,"明治、子どもの栄養テーマにセミナー開催 - dailydairynews.jp: 明治、子どもの栄養テーマにセミナー開催 - dailydairynews.jp <a href=""https://news.google.com/rss/articles/CBMiS0FVX3lxTFBaWnd6YV8tZjRCSjV4ME1aUXF5Wlp1SUwtYUhqMWc0TlpEaXl2TWgwb0wxQzUtZEJjNjh3cHlERlFJTH...",乳幼児の保護者,,,ニュース/PR,育児接点での信頼形成,3,0.72,"{""title"": ""明治、子どもの栄養テーマにセミナー開催 - dailydairynews.jp"", ""url"": ""https://news.google.com/rss/articles/CBMiS0FVX3lxTFBaWnd6YV8tZjRCSjV4ME1aUXF5Wlp1SUwtYUhqMWc0TlpEaXl2TWgwb0wxQzUtZEJjNjh3cHlERlFJTHlVLWh3VHpZUQ?oc=5"", ""source_type"": ""news_pr"", ""published_at"": ""2025-04-08"", ""matched_text"": ""明治、子どもの栄養テーマにセミナー開催 - dailydairynews.jp <a href=\""https://news.google.com/rss/articles/CBMiS0FVX3lxTFBaWnd6YV8tZjRCSjV4ME1aUXF5Wlp1SUwtYUhqMWc0TlpEaXl2TWgwb0wxQzUtZEJjNjh3cHlERlFJTHlVLWh3VHpZUQ?oc=5\"" target=\""_blank\"">明治、子どもの栄養テーマにセミナー開催</a>&nbsp;&nbsp;<font color=\""#6f6f6f\"">dailydairynews.jp</font> ""}","{""method"": ""heuristic_keyword_classifier"", ""event_type_reason"": ""Matched keywords for EVENT"", ""marketing_intent_note"": ""Inference, not a verified fact.""}",[44],885c2d37af9dd763
26,明治,ほほえみ,明治ほほえみ,0-1,ADVERTISING,2025-09-17,,"明治「ほほえみ」「ステップ」、乳児・幼児用粉ミルクで日本初のビフィズス菌配合が承認 - dxmagazine.jp: 明治「ほほえみ」「ステップ」、乳児・幼児用粉ミルクで日本初のビフィズス菌配合が承認 - dxmagazine.jp <a href=""https://news.google.com/rss/articles/CBMiTEFVX3lxTFAtZ0NqeGlkU1gwcV9nWW1DY1JJeC10OFFHOU1qNWh2VDg3VkZNWGQ3Ym9HSGF6...",乳幼児の保護者,,,ニュース/PR,認知拡大とブランド想起の獲得,3,0.72,"{""title"": ""明治「ほほえみ」「ステップ」、乳児・幼児用粉ミルクで日本初のビフィズス菌配合が承認 - dxmagazine.jp"", ""url"": ""https://news.google.com/rss/articles/CBMiTEFVX3lxTFAtZ0NqeGlkU1gwcV9nWW1DY1JJeC10OFFHOU1qNWh2VDg3VkZNWGQ3Ym9HSGF6Mk56aWp1cUFmcmhDTnRxUzluelJJc20?oc=5"", ""source_type"": ""news_pr"", ""published_at"": ""2025-09-17"", ""matched_text"": ""明治「ほほえみ」「ステップ」、乳児・幼児用粉ミルクで日本初のビフィズス菌配合が承認 - dxmagazine.jp <a href=\""https://news.google.com/rss/articles/CBMiTEFVX3lxTFAtZ0NqeGlkU1gwcV9nWW1DY1JJeC10OFFHOU1qNWh2VDg3VkZNWGQ3Ym9HSGF6Mk56aWp1cUFmcmhDTnRxUzluelJJc20?oc=5\"" target=\""_blank\"">明治「ほほえみ」「ステップ」、乳児・幼児用粉ミルクで日本初のビフィズス菌配合が承認</a>&nbsp;&nbsp;<font color=\""#6f6f6f\"">dxmagazine.jp</font> ""}","{""method"": ""heuristic_keyword_classifier"", ""event_type_reason"": ""Matched keywords for ADVERTISING"", ""marketing_intent_note"": ""Inference, not a verified fact.""}",[29],b2a0963da90f0c9f
27,明治,ステップ,明治ステップ,1-3,ADVERTISING,2025-09-17,,"明治「ほほえみ」「ステップ」、乳児・幼児用粉ミルクで日本初のビフィズス菌配合が承認 - dxmagazine.jp: 明治「ほほえみ」「ステップ」、乳児・幼児用粉ミルクで日本初のビフィズス菌配合が承認 - dxmagazine.jp <a href=""https://news.google.com/rss/articles/CBMiTEFVX3lxTFAtZ0NqeGlkU1gwcV9nWW1DY1JJeC10OFFHOU1qNWh2VDg3VkZNWGQ3Ym9HSGF6...",乳幼児の保護者,,,ニュース/PR,認知拡大とブランド想起の獲得,3,0.72,"{""title"": ""明治「ほほえみ」「ステップ」、乳児・幼児用粉ミルクで日本初のビフィズス菌配合が承認 - dxmagazine.jp"", ""url"": ""https://news.google.com/rss/articles/CBMiTEFVX3lxTFAtZ0NqeGlkU1gwcV9nWW1DY1JJeC10OFFHOU1qNWh2VDg3VkZNWGQ3Ym9HSGF6Mk56aWp1cUFmcmhDTnRxUzluelJJc20?oc=5"", ""source_type"": ""news_pr"", ""published_at"": ""2025-09-17"", ""matched_text"": ""明治「ほほえみ」「ステップ」、乳児・幼児用粉ミルクで日本初のビフィズス菌配合が承認 - dxmagazine.jp <a href=\""https://news.google.com/rss/articles/CBMiTEFVX3lxTFAtZ0NqeGlkU1gwcV9nWW1DY1JJeC10OFFHOU1qNWh2VDg3VkZNWGQ3Ym9HSGF6Mk56aWp1cUFmcmhDTnRxUzluelJJc20?oc=5\"" target=\""_blank\"">明治「ほほえみ」「ステップ」、乳児・幼児用粉ミルクで日本初のビフィズス菌配合が承認</a>&nbsp;&nbsp;<font color=\""#6f6f6f\"">dxmagazine.jp</font> ""}","{""method"": ""heuristic_keyword_classifier"", ""event_type_reason"": ""Matched keywords for ADVERTISING"", ""marketing_intent_note"": ""Inference, not a verified fact.""}",[38],7aa28aee09d3aab8
28,明治,ほほえみ,明治ほほえみ,0-1,OTHER,2025-10-30,,"明治「らくらくミルク」をプルタブ缶に変更 - dailydairynews.jp: 明治「らくらくミルク」をプルタブ缶に変更 - dailydairynews.jp <a href=""https://news.google.com/rss/articles/CBMiS0FVX3lxTE81cG5vNmduOVZwUWtacVhPZmhfRU1vZ2R2Vkc4Yi1FZkJ0amNlLTNkY3MzQzRJNUpIaUZXdDVLTklhd...",乳幼児の保護者,,,ニュース/PR,公開情報からの接触機会維持または企業情報発信,1,0.45,"{""title"": ""明治「らくらくミルク」をプルタブ缶に変更 - dailydairynews.jp"", ""url"": ""https://news.google.com/rss/articles/CBMiS0FVX3lxTE81cG5vNmduOVZwUWtacVhPZmhfRU1vZ2R2Vkc4Yi1FZkJ0amNlLTNkY3MzQzRJNUpIaUZXdDVLTklhdWd0aC1kUXBWSQ?oc=5"", ""source_type"": ""news_pr"", ""published_at"": ""2025-10-30"", ""matched_text"": ""明治「らくらくミルク」をプルタブ缶に変更 - dailydairynews.jp <a href=\""https://news.google.com/rss/articles/CBMiS0FVX3lxTE81cG5vNmduOVZwUWtacVhPZmhfRU1vZ2R2Vkc4Yi1FZkJ0amNlLTNkY3MzQzRJNUpIaUZXdDVLTklhdWd0aC1kUXBWSQ?oc=5\"" target=\""_blank\"">明治「らくらくミルク」をプルタブ缶に変更</a>&nbsp;&nbsp;<font color=\""#6f6f6f\"">dailydairynews.jp</font> ""}","{""method"": ""heuristic_keyword_classifier"", ""event_type_reason"": ""No strong keyword match"", ""marketing_intent_note"": ""Inference, not a verified fact.""}",[7],d146a49f6da6128f
29,明治,ほほえみ,明治ほほえみ,0-1,PRODUCT_RENEWAL,2025-10-30,,"「明治ほほえみ らくらくミルク」「明治ステップ らくらくミルク」 リニューアル発売のお知らせ - kyodo.co.jp: 「明治ほほえみ らくらくミルク」「明治ステップ らくらくミルク」 リニューアル発売のお知らせ - kyodo.co.jp <a href=""https://news.google.com/rss/articles/CBMiWkFVX3lxTE8wUkRpakpRWmMzZDdzUEtLV0g0a3VoV0lteXdSUGJrT3o5a2JXQXlTcGJ2U...",乳幼児の保護者,明治ほほえみ らくらくミルク,,ニュース/PR,商品理解の更新、品質・成分・利便性の再訴求,4,0.72,"{""title"": ""「明治ほほえみ らくらくミルク」「明治ステップ らくらくミルク」 リニューアル発売のお知らせ - kyodo.co.jp"", ""url"": ""https://news.google.com/rss/articles/CBMiWkFVX3lxTE8wUkRpakpRWmMzZDdzUEtLV0g0a3VoV0lteXdSUGJrT3o5a2JXQXlTcGJ2U0ozM3lIblBkODhlRnpSbWJ3RngwOFVGLUhSZWFFNFFTdlNFenRXQQ?oc=5"", ""source_type"": ""news_pr"", ""published_at"": ""2025-10-30"", ""matched_text"": ""「明治ほほえみ らくらくミルク」「明治ステップ らくらくミルク」 リニューアル発売のお知らせ - kyodo.co.jp <a href=\""https://news.google.com/rss/articles/CBMiWkFVX3lxTE8wUkRpakpRWmMzZDdzUEtLV0g0a3VoV0lteXdSUGJrT3o5a2JXQXlTcGJ2U0ozM3lIblBkODhlRnpSbWJ3RngwOFVGLUhSZWFFNFFTdlNFenRXQQ?oc=5\"" target=\""_blank\"">「明治ほほえみ らくらくミルク」「明治ステップ らくらくミルク」 リニューアル発売のお知らせ</a>&nbsp;&nbsp;<font color=\""#6f6f6f\"">kyodo.co.jp</font> ""}","{""method"": ""heuristic_keyword_classifier"", ""event_type_reason"": ""Matched keywords for PRODUCT_RENEWAL"", ""marketing_intent_note"": ""Inference, not a verified fact.""}",[23],708fe921944009e1
30,明治,ほほえみ,明治ほほえみ,0-1,PRODUCT_RENEWAL,2025-10-30,,"明治、液体ミルク刷新 安全性最優先でプルタブ缶に - 日本食糧新聞・電子版: 明治、液体ミルク刷新 安全性最優先でプルタブ缶に - 日本食糧新聞・電子版 <a href=""https://news.google.com/rss/articles/CBMiZkFVX3lxTE1rY3RqQ1ktdXZGQldCRGNMMHowQlBERk9UTkFjLTRPOUtuOG1xSUhaRXFEZlQ1WjZ3QmtCVkFyQ2h2d09x...",乳幼児の保護者,,,ニュース/PR,商品理解の更新、品質・成分・利便性の再訴求,4,0.72,"{""title"": ""明治、液体ミルク刷新 安全性最優先でプルタブ缶に - 日本食糧新聞・電子版"", ""url"": ""https://news.google.com/rss/articles/CBMiZkFVX3lxTE1rY3RqQ1ktdXZGQldCRGNMMHowQlBERk9UTkFjLTRPOUtuOG1xSUhaRXFEZlQ1WjZ3QmtCVkFyQ2h2d09xZmNKcU5tYTFiRFFnZ3k4N2lsVmJfSW1LQ1R5TmxzYW9Gdw?oc=5"", ""source_type"": ""news_pr"", ""published_at"": ""2025-10-30"", ""matched_text"": ""明治、液体ミルク刷新 安全性最優先でプルタブ缶に - 日本食糧新聞・電子版 <a href=\""https://news.google.com/rss/articles/CBMiZkFVX3lxTE1rY3RqQ1ktdXZGQldCRGNMMHowQlBERk9UTkFjLTRPOUtuOG1xSUhaRXFEZlQ1WjZ3QmtCVkFyQ2h2d09xZmNKcU5tYTFiRFFnZ3k4N2lsVmJfSW1LQ1R5TmxzYW9Gdw?oc=5\"" target=\""_blank\"">明治、液体ミルク刷新 安全性最優先でプルタブ缶に</a>&nbsp;&nbsp;<font color=\""#6f6f6f\"">日本食糧新聞・電子版</font> ""}","{""method"": ""heuristic_keyword_classifier"", ""event_type_reason"": ""Matched keywords for PRODUCT_RENEWAL"", ""marketing_intent_note"": ""Inference, not a verified fact.""}",[28],f635f77d0ce011e3
31,明治,ステップ,明治ステップ,1-3,OTHER,2025-10-30,,"明治「らくらくミルク」をプルタブ缶に変更 - dailydairynews.jp: 明治「らくらくミルク」をプルタブ缶に変更 - dailydairynews.jp <a href=""https://news.google.com/rss/articles/CBMiS0FVX3lxTE81cG5vNmduOVZwUWtacVhPZmhfRU1vZ2R2Vkc4Yi1FZkJ0amNlLTNkY3MzQzRJNUpIaUZXdDVLTklhd...",乳幼児の保護者,,,ニュース/PR,公開情報からの接触機会維持または企業情報発信,1,0.45,"{""title"": ""明治「らくらくミルク」をプルタブ缶に変更 - dailydairynews.jp"", ""url"": ""https://news.google.com/rss/articles/CBMiS0FVX3lxTE81cG5vNmduOVZwUWtacVhPZmhfRU1vZ2R2Vkc4Yi1FZkJ0amNlLTNkY3MzQzRJNUpIaUZXdDVLTklhdWd0aC1kUXBWSQ?oc=5"", ""source_type"": ""news_pr"", ""published_at"": ""2025-10-30"", ""matched_text"": ""明治「らくらくミルク」をプルタブ缶に変更 - dailydairynews.jp <a href=\""https://news.google.com/rss/articles/CBMiS0FVX3lxTE81cG5vNmduOVZwUWtacVhPZmhfRU1vZ2R2Vkc4Yi1FZkJ0amNlLTNkY3MzQzRJNUpIaUZXdDVLTklhdWd0aC1kUXBWSQ?oc=5\"" target=\""_blank\"">明治「らくらくミルク」をプルタブ缶に変更</a>&nbsp;&nbsp;<font color=\""#6f6f6f\"">dailydairynews.jp</font> ""}","{""method"": ""heuristic_keyword_classifier"", ""event_type_reason"": ""No strong keyword match"", ""marketing_intent_note"": ""Inference, not a verified fact.""}",[36],4b53a2c84778a84f
32,明治,ステップ,明治ステップ,1-3,PRODUCT_RENEWAL,2025-10-30,,"「明治ほほえみ らくらくミルク」「明治ステップ らくらくミルク」 リニューアル発売のお知らせ - kyodo.co.jp: 「明治ほほえみ らくらくミルク」「明治ステップ らくらくミルク」 リニューアル発売のお知らせ - kyodo.co.jp <a href=""https://news.google.com/rss/articles/CBMiWkFVX3lxTE8wUkRpakpRWmMzZDdzUEtLV0g0a3VoV0lteXdSUGJrT3o5a2JXQXlTcGJ2U...",乳幼児の保護者,明治ほほえみ らくらくミルク,,ニュース/PR,商品理解の更新、品質・成分・利便性の再訴求,4,0.72,"{""title"": ""「明治ほほえみ らくらくミルク」「明治ステップ らくらくミルク」 リニューアル発売のお知らせ - kyodo.co.jp"", ""url"": ""https://news.google.com/rss/articles/CBMiWkFVX3lxTE8wUkRpakpRWmMzZDdzUEtLV0g0a3VoV0lteXdSUGJrT3o5a2JXQXlTcGJ2U0ozM3lIblBkODhlRnpSbWJ3RngwOFVGLUhSZWFFNFFTdlNFenRXQQ?oc=5"", ""source_type"": ""news_pr"", ""published_at"": ""2025-10-30"", ""matched_text"": ""「明治ほほえみ らくらくミルク」「明治ステップ らくらくミルク」 リニューアル発売のお知らせ - kyodo.co.jp <a href=\""https://news.google.com/rss/articles/CBMiWkFVX3lxTE8wUkRpakpRWmMzZDdzUEtLV0g0a3VoV0lteXdSUGJrT3o5a2JXQXlTcGJ2U0ozM3lIblBkODhlRnpSbWJ3RngwOFVGLUhSZWFFNFFTdlNFenRXQQ?oc=5\"" target=\""_blank\"">「明治ほほえみ らくらくミルク」「明治ステップ らくらくミルク」 リニューアル発売のお知らせ</a>&nbsp;&nbsp;<font color=\""#6f6f6f\"">kyodo.co.jp</font> ""}","{""method"": ""heuristic_keyword_classifier"", ""event_type_reason"": ""Matched keywords for PRODUCT_RENEWAL"", ""marketing_intent_note"": ""Inference, not a verified fact.""}",[41],3583fdf7f80083e4
33,明治,ステップ,明治ステップ,1-3,PRODUCT_RENEWAL,2025-10-30,,"明治、液体ミルク刷新 安全性最優先でプルタブ缶に - 日本食糧新聞・電子版: 明治、液体ミルク刷新 安全性最優先でプルタブ缶に - 日本食糧新聞・電子版 <a href=""https://news.google.com/rss/articles/CBMiZkFVX3lxTE1rY3RqQ1ktdXZGQldCRGNMMHowQlBERk9UTkFjLTRPOUtuOG1xSUhaRXFEZlQ1WjZ3QmtCVkFyQ2h2d09x...",乳幼児の保護者,,,ニュース/PR,商品理解の更新、品質・成分・利便性の再訴求,4,0.72,"{""title"": ""明治、液体ミルク刷新 安全性最優先でプルタブ缶に - 日本食糧新聞・電子版"", ""url"": ""https://news.google.com/rss/articles/CBMiZkFVX3lxTE1rY3RqQ1ktdXZGQldCRGNMMHowQlBERk9UTkFjLTRPOUtuOG1xSUhaRXFEZlQ1WjZ3QmtCVkFyQ2h2d09xZmNKcU5tYTFiRFFnZ3k4N2lsVmJfSW1LQ1R5TmxzYW9Gdw?oc=5"", ""source_type"": ""news_pr"", ""published_at"": ""2025-10-30"", ""matched_text"": ""明治、液体ミルク刷新 安全性最優先でプルタブ缶に - 日本食糧新聞・電子版 <a href=\""https://news.google.com/rss/articles/CBMiZkFVX3lxTE1rY3RqQ1ktdXZGQldCRGNMMHowQlBERk9UTkFjLTRPOUtuOG1xSUhaRXFEZlQ1WjZ3QmtCVkFyQ2h2d09xZmNKcU5tYTFiRFFnZ3k4N2lsVmJfSW1LQ1R5TmxzYW9Gdw?oc=5\"" target=\""_blank\"">明治、液体ミルク刷新 安全性最優先でプルタブ缶に</a>&nbsp;&nbsp;<font color=\""#6f6f6f\"">日本食糧新聞・電子版</font> ""}","{""method"": ""heuristic_keyword_classifier"", ""event_type_reason"": ""Matched keywords for PRODUCT_RENEWAL"", ""marketing_intent_note"": ""Inference, not a verified fact.""}",[43],52bf063a464f9d5d
34,明治,ほほえみ,明治ほほえみ,0-1,PRODUCT_LAUNCH,2025-11-18,,"明治、日本初ビフィズス菌入り粉ミルク発売 - dailydairynews.jp: 明治、日本初ビフィズス菌入り粉ミルク発売 - dailydairynews.jp <a href=""https://news.google.com/rss/articles/CBMiS0FVX3lxTE5PVXVSNUtmT1pWTW5aeGJ2bnlOZ2R0di1oVE9vUS1FdmE0b2E5c2d1RW1zMElXTzRjdmRPbFVVQjVhS...",乳幼児の保護者,,,ニュース/PR,公開情報からの接触機会維持または企業情報発信,4,0.72,"{""title"": ""明治、日本初ビフィズス菌入り粉ミルク発売 - dailydairynews.jp"", ""url"": ""https://news.google.com/rss/articles/CBMiS0FVX3lxTE5PVXVSNUtmT1pWTW5aeGJ2bnlOZ2R0di1oVE9vUS1FdmE0b2E5c2d1RW1zMElXTzRjdmRPbFVVQjVhSEh3eWl0cjhzTQ?oc=5"", ""source_type"": ""news_pr"", ""published_at"": ""2025-11-18"", ""matched_text"": ""明治、日本初ビフィズス菌入り粉ミルク発売 - dailydairynews.jp <a href=\""https://news.google.com/rss/articles/CBMiS0FVX3lxTE5PVXVSNUtmT1pWTW5aeGJ2bnlOZ2R0di1oVE9vUS1FdmE0b2E5c2d1RW1zMElXTzRjdmRPbFVVQjVhSEh3eWl0cjhzTQ?oc=5\"" target=\""_blank\"">明治、日本初ビフィズス菌入り粉ミルク発売</a>&nbsp;&nbsp;<font color=\""#6f6f6f\"">dailydairynews.jp</font> ""}","{""method"": ""heuristic_keyword_classifier"", ""event_type_reason"": ""Matched keywords for PRODUCT_LAUNCH"", ""marketing_intent_note"": ""Inference, not a verified fact.""}",[18],b93e2a20920ed0bc
35,明治,ほほえみ,明治ほほえみ,0-1,EVENT,2026-01-06,,"「明治ほほえみ」×「Babiew」コラボイベント 東京・二子玉川で開催 - PR TIMES: 「明治ほほえみ」×「Babiew」コラボイベント 東京・二子玉川で開催 - PR TIMES <a href=""https://news.google.com/rss/articles/CBMiakFVX3lxTE5DRUNCblJPWWpkMTd2UE1lVWRROTZjVkdWSTZsb1lBVE4xLUV0bjNXWGpkMmEtS2VXWmFLZmJ...",乳幼児の保護者,,,ニュース/PR,育児接点での信頼形成,3,0.72,"{""title"": ""「明治ほほえみ」×「Babiew」コラボイベント 東京・二子玉川で開催 - PR TIMES"", ""url"": ""https://news.google.com/rss/articles/CBMiakFVX3lxTE5DRUNCblJPWWpkMTd2UE1lVWRROTZjVkdWSTZsb1lBVE4xLUV0bjNXWGpkMmEtS2VXWmFLZmJxZnIwTWljbmtEWHVxVE1ncUtuTUFWSkJKSEQwRFY0TFFqamRncW9LeWdoc2c?oc=5"", ""source_type"": ""news_pr"", ""published_at"": ""2026-01-06"", ""matched_text"": ""「明治ほほえみ」×「Babiew」コラボイベント 東京・二子玉川で開催 - PR TIMES <a href=\""https://news.google.com/rss/articles/CBMiakFVX3lxTE5DRUNCblJPWWpkMTd2UE1lVWRROTZjVkdWSTZsb1lBVE4xLUV0bjNXWGpkMmEtS2VXWmFLZmJxZnIwTWljbmtEWHVxVE1ncUtuTUFWSkJKSEQwRFY0TFFqamRncW9LeWdoc2c?oc=5\"" target=\""_blank\"">「明治ほほえみ」×「Babiew」コラボイベント 東京・二子玉川で開催</a>&nbsp;&nbsp;<font color=\""#6f6f6f\"">PR TIMES</font> ""}","{""method"": ""heuristic_keyword_classifier"", ""event_type_reason"": ""Matched keywords for EVENT"", ""marketing_intent_note"": ""Inference, not a verified fact.""}",[6],7eb22b8f67c92dfa
36,明治,ほほえみ,明治ほほえみ,0-1,EVENT,2026-01-08,,"【東京都世田谷区】明治ほほえみ×Babiewコラボイベント開催！プロによる月齢フォト撮影や調乳体験も - ガジェット通信: 【東京都世田谷区】明治ほほえみ×Babiewコラボイベント開催！プロによる月齢フォト撮影や調乳体験も - ガジェット通信 <a href=""https://news.google.com/rss/articles/CBMiS0FVX3lxTE1Lek04cUNEd19Hc3VPdElMTG4ta3FxYzc4eXJRV2hmY2xHNGRpREJYV00tU...",乳幼児の保護者,,,ニュース/PR,育児接点での信頼形成,3,0.72,"{""title"": ""【東京都世田谷区】明治ほほえみ×Babiewコラボイベント開催！プロによる月齢フォト撮影や調乳体験も - ガジェット通信"", ""url"": ""https://news.google.com/rss/articles/CBMiS0FVX3lxTE1Lek04cUNEd19Hc3VPdElMTG4ta3FxYzc4eXJRV2hmY2xHNGRpREJYV00tU1JIRnFZbms3alVaZ2NtUmRURWljN3Nibw?oc=5"", ""source_type"": ""news_pr"", ""published_at"": ""2026-01-08"", ""matched_text"": ""【東京都世田谷区】明治ほほえみ×Babiewコラボイベント開催！プロによる月齢フォト撮影や調乳体験も - ガジェット通信 <a href=\""https://news.google.com/rss/articles/CBMiS0FVX3lxTE1Lek04cUNEd19Hc3VPdElMTG4ta3FxYzc4eXJRV2hmY2xHNGRpREJYV00tU1JIRnFZbms3alVaZ2NtUmRURWljN3Nibw?oc=5\"" target=\""_blank\"">【東京都世田谷区】明治ほほえみ×Babiewコラボイベント開催！プロによる月齢フォト撮影や調乳体験も</a>&nbsp;&nbsp;<font color=\""#6f6f6f\"">ガジェット通信</font> ""}","{""method"": ""heuristic_keyword_classifier"", ""event_type_reason"": ""Matched keywords for EVENT"", ""marketing_intent_note"": ""Inference, not a verified fact.""}",[8],2fc4bcc614e68ad3
37,明治,ほほえみ,明治ほほえみ,0-1,EVENT,2026-01-19,,"家族の“ほほえみ”あふれるコンテンツが充実 明治ほほえみ×Babiewコラボイベント - PR EDGE: 家族の“ほほえみ”あふれるコンテンツが充実 明治ほほえみ×Babiewコラボイベント - PR EDGE <a href=""https://news.google.com/rss/articles/CBMiPkFVX3lxTE1BdkQyb0FjcEJqcWxscEFMZVdYQ0tvS1lWT3VyVk5YdXJXeklLN2NUSnQ3WHdsWDZfU...",乳幼児の保護者,,,ニュース/PR,育児接点での信頼形成,3,0.72,"{""title"": ""家族の“ほほえみ”あふれるコンテンツが充実 明治ほほえみ×Babiewコラボイベント - PR EDGE"", ""url"": ""https://news.google.com/rss/articles/CBMiPkFVX3lxTE1BdkQyb0FjcEJqcWxscEFMZVdYQ0tvS1lWT3VyVk5YdXJXeklLN2NUSnQ3WHdsWDZfUGR3V0pn?oc=5"", ""source_type"": ""news_pr"", ""published_at"": ""2026-01-19"", ""matched_text"": ""家族の“ほほえみ”あふれるコンテンツが充実 明治ほほえみ×Babiewコラボイベント - PR EDGE <a href=\""https://news.google.com/rss/articles/CBMiPkFVX3lxTE1BdkQyb0FjcEJqcWxscEFMZVdYQ0tvS1lWT3VyVk5YdXJXeklLN2NUSnQ3WHdsWDZfUGR3V0pn?oc=5\"" target=\""_blank\"">家族の“ほほえみ”あふれるコンテンツが充実 明治ほほえみ×Babiewコラボイベント</a>&nbsp;&nbsp;<font color=\""#6f6f6f\"">PR EDGE</font> ""}","{""method"": ""heuristic_keyword_classifier"", ""event_type_reason"": ""Matched keywords for EVENT"", ""marketing_intent_note"": ""Inference, not a verified fact.""}",[9],0fa9e7ee21a49cc7
38,明治,ほほえみ,明治ほほえみ,0-1,PR_ACTIVITY,2026-02-12,,"【産前クライシス調査】95%が悩む、ベビーグッズ選び「ママ任せ」が夫婦の溝に!? | BEFFY Inc.のプレスリリース - PR TIMES: 【産前クライシス調査】95%が悩む、ベビーグッズ選び「ママ任せ」が夫婦の溝に!? | BEFFY Inc.のプレスリリース - PR TIMES <a href=""https://news.google.com/rss/articles/CBMiakFVX3lxTFBpa2prTXhuV2ZTekNQNWVtQWtJTl94Z0lzWkVweXl1WUFIW...",乳幼児の保護者,,,ニュース/PR,公開情報からの接触機会維持または企業情報発信,2,0.72,"{""title"": ""【産前クライシス調査】95%が悩む、ベビーグッズ選び「ママ任せ」が夫婦の溝に!? | BEFFY Inc.のプレスリリース - PR TIMES"", ""url"": ""https://news.google.com/rss/articles/CBMiakFVX3lxTFBpa2prTXhuV2ZTekNQNWVtQWtJTl94Z0lzWkVweXl1WUFIWldxU0xJZnJiMnVJMnNzWV9mQy1LVUQxRTlXU0FjYmk5Zm1PX1VoTF9QeXNGaDAtLURWdVFYRDBrNC1JWWFjMHc?oc=5"", ""source_type"": ""news_pr"", ""published_at"": ""2026-02-12"", ""matched_text"": ""【産前クライシス調査】95%が悩む、ベビーグッズ選び「ママ任せ」が夫婦の溝に!? | BEFFY Inc.のプレスリリース - PR TIMES <a href=\""https://news.google.com/rss/articles/CBMiakFVX3lxTFBpa2prTXhuV2ZTekNQNWVtQWtJTl94Z0lzWkVweXl1WUFIWldxU0xJZnJiMnVJMnNzWV9mQy1LVUQxRTlXU0FjYmk5Zm1PX1VoTF9QeXNGaDAtLURWdVFYRDBrNC1JWWFjMHc?oc=5\"" target=\""_blank\"">【産前クライシス調査】95%が悩む、ベビーグッズ選び「ママ任せ」が夫婦の溝に!? | BEFFY Inc.のプレスリリース</a>&nbsp;&nbsp;<font color=\""#6f6f6f\"">PR TIMES</font> ""}","{""method"": ""heuristic_keyword_classifier"", ""event_type_reason"": ""Matched keywords for PR_ACTIVITY"", ""marketing_intent_note"": ""Inference, not a verified fact.""}",[12],b37b0a50817a0971
39,明治,ほほえみ,明治ほほえみ,0-1,PRODUCT_LAUNCH,2026-03-02,,"ビフィズス菌と亜鉛を新配合！お子さまに対する栄養面での不安に応えるフォローアップミルク「明治ステップ」「明治ステップ らくらくキューブ」3月9日 発売／全国 - meiji.co.jp: ビフィズス菌と亜鉛を新配合！お子さまに対する栄養面での不安に応えるフォローアップミルク「明治ステップ」「明治ステップ らくらくキューブ」3月9日 発売／全国 - meiji.co.jp <a href=""https://news.google.com/rss/articles/CBMid0FVX3lxTFB1em9ZTmhTWEMxRDN0amhId1ZZc...",1-3歳児の保護者,明治ステップ らくらくキューブ,,ニュース/PR,公開情報からの接触機会維持または企業情報発信,4,0.72,"{""title"": ""ビフィズス菌と亜鉛を新配合！お子さまに対する栄養面での不安に応えるフォローアップミルク「明治ステップ」「明治ステップ らくらくキューブ」3月9日 発売／全国 - meiji.co.jp"", ""url"": ""https://news.google.com/rss/articles/CBMid0FVX3lxTFB1em9ZTmhTWEMxRDN0amhId1ZZcnBqVGpYSXpUWkM0dl8wSFVraG1xX3NMRWVCWlBkUUl1d1FNOVZuNTk2c2R2S0pOdWZqMGNaLTZWR3FrMjJ6SnpKRmZpUzJuUklyZm1oOEhSRy1mZVZGRy15MU9Z?oc=5"", ""source_type"": ""news_pr"", ""published_at"": ""2026-03-02"", ""matched_text"": ""ビフィズス菌と亜鉛を新配合！お子さまに対する栄養面での不安に応えるフォローアップミルク「明治ステップ」「明治ステップ らくらくキューブ」3月9日 発売／全国 - meiji.co.jp <a href=\""https://news.google.com/rss/articles/CBMid0FVX3lxTFB1em9ZTmhTWEMxRDN0amhId1ZZcnBqVGpYSXpUWkM0dl8wSFVraG1xX3NMRWVCWlBkUUl1d1FNOVZuNTk2c2R2S0pOdWZqMGNaLTZWR3FrMjJ6SnpKRmZpUzJuUklyZm1oOEhSRy1mZVZGRy15MU9Z?oc=5\"" target=\""_blank\"">ビフィズス菌と亜鉛を新配合！お子さまに対する栄養面での不安に応えるフォローアップミルク「明治ステップ」「明治ステップ らくらくキューブ」3月9日 発売／全国</a>&nbsp;&nbsp;<font color=\""#6f6f6f\"">meiji.co.jp</font> ""}","{""method"": ""heuristic_keyword_classifier"", ""event_type_reason"": ""Matched keywords for PRODUCT_LAUNCH"", ""marketing_intent_note"": ""Inference, not a verified fact.""}",[14],a82fcded103f1640
40,明治,ステップ,明治ステップ,1-3,PRODUCT_LAUNCH,2026-03-02,,"ビフィズス菌と亜鉛を新配合！お子さまに対する栄養面での不安に応えるフォローアップミルク「明治ステップ」「明治ステップ らくらくキューブ」3月9日 発売／全国 - meiji.co.jp: ビフィズス菌と亜鉛を新配合！お子さまに対する栄養面での不安に応えるフォローアップミルク「明治ステップ」「明治ステップ らくらくキューブ」3月9日 発売／全国 - meiji.co.jp <a href=""https://news.google.com/rss/articles/CBMid0FVX3lxTFB1em9ZTmhTWEMxRDN0amhId1ZZc...",1-3歳児の保護者,明治ステップ らくらくキューブ,,ニュース/PR,公開情報からの接触機会維持または企業情報発信,4,0.72,"{""title"": ""ビフィズス菌と亜鉛を新配合！お子さまに対する栄養面での不安に応えるフォローアップミルク「明治ステップ」「明治ステップ らくらくキューブ」3月9日 発売／全国 - meiji.co.jp"", ""url"": ""https://news.google.com/rss/articles/CBMid0FVX3lxTFB1em9ZTmhTWEMxRDN0amhId1ZZcnBqVGpYSXpUWkM0dl8wSFVraG1xX3NMRWVCWlBkUUl1d1FNOVZuNTk2c2R2S0pOdWZqMGNaLTZWR3FrMjJ6SnpKRmZpUzJuUklyZm1oOEhSRy1mZVZGRy15MU9Z?oc=5"", ""source_type"": ""news_pr"", ""published_at"": ""2026-03-02"", ""matched_text"": ""ビフィズス菌と亜鉛を新配合！お子さまに対する栄養面での不安に応えるフォローアップミルク「明治ステップ」「明治ステップ らくらくキューブ」3月9日 発売／全国 - meiji.co.jp <a href=\""https://news.google.com/rss/articles/CBMid0FVX3lxTFB1em9ZTmhTWEMxRDN0amhId1ZZcnBqVGpYSXpUWkM0dl8wSFVraG1xX3NMRWVCWlBkUUl1d1FNOVZuNTk2c2R2S0pOdWZqMGNaLTZWR3FrMjJ6SnpKRmZpUzJuUklyZm1oOEhSRy1mZVZGRy15MU9Z?oc=5\"" target=\""_blank\"">ビフィズス菌と亜鉛を新配合！お子さまに対する栄養面での不安に応えるフォローアップミルク「明治ステップ」「明治ステップ らくらくキューブ」3月9日 発売／全国</a>&nbsp;&nbsp;<font color=\""#6f6f6f\"">meiji.co.jp</font> ""}","{""method"": ""heuristic_keyword_classifier"", ""event_type_reason"": ""Matched keywords for PRODUCT_LAUNCH"", ""marketing_intent_note"": ""Inference, not a verified fact.""}",[40],ab4d66e53b8865e1
41,明治,ステップ,明治ステップ,1-3,PRODUCT_LAUNCH,2026-03-02,,"ビフィズス菌と亜鉛を新配合「明治ステップ」「明治ステップ らくらくキューブ」 3月9日発売／全国 - 共同通信PRワイヤー: ビフィズス菌と亜鉛を新配合「明治ステップ」「明治ステップ らくらくキューブ」 3月9日発売／全国 - 共同通信PRワイヤー <a href=""https://news.google.com/rss/articles/CBMiW0FVX3lxTE9tdXpmNnNZb19odmhYMmR4T1l0SWNUYmhmUENKclJ4RmN1LXNmM3Y0dGU3...",乳幼児の保護者,明治ステップ らくらくキューブ,,ニュース/PR,公開情報からの接触機会維持または企業情報発信,4,0.72,"{""title"": ""ビフィズス菌と亜鉛を新配合「明治ステップ」「明治ステップ らくらくキューブ」 3月9日発売／全国 - 共同通信PRワイヤー"", ""url"": ""https://news.google.com/rss/articles/CBMiW0FVX3lxTE9tdXpmNnNZb19odmhYMmR4T1l0SWNUYmhmUENKclJ4RmN1LXNmM3Y0dGU3T205WGVkWTBQSElwWlltNVhLTWxCa3JIRnZXR0hma0laelRaWnIzZnM?oc=5"", ""source_type"": ""news_pr"", ""published_at"": ""2026-03-02"", ""matched_text"": ""ビフィズス菌と亜鉛を新配合「明治ステップ」「明治ステップ らくらくキューブ」 3月9日発売／全国 - 共同通信PRワイヤー <a href=\""https://news.google.com/rss/articles/CBMiW0FVX3lxTE9tdXpmNnNZb19odmhYMmR4T1l0SWNUYmhmUENKclJ4RmN1LXNmM3Y0dGU3T205WGVkWTBQSElwWlltNVhLTWxCa3JIRnZXR0hma0laelRaWnIzZnM?oc=5\"" target=\""_blank\"">ビフィズス菌と亜鉛を新配合「明治ステップ」「明治ステップ らくらくキューブ」 3月9日発売／全国</a>&nbsp;&nbsp;<font color=\""#6f6f6f\"">共同通信PRワイヤー</font> ""}","{""method"": ""heuristic_keyword_classifier"", ""event_type_reason"": ""Matched keywords for PRODUCT_LAUNCH"", ""marketing_intent_note"": ""Inference, not a verified fact.""}",[56],3887faadb143ef8b
42,明治,ステップ,明治ステップ,1-3,PR_ACTIVITY,2026-03-02,,"幼児期に不足しがちな栄養をサポートする 「明治ステップ」と「明治ミラフル」が「ドラえもん」とタイアップ 小田急線の車両をジャック！ - PR TIMES: 幼児期に不足しがちな栄養をサポートする 「明治ステップ」と「明治ミラフル」が「ドラえもん」とタイアップ 小田急線の車両をジャック！ - PR TIMES <a href=""https://news.google.com/rss/articles/CBMiakFVX3lxTE45anlGNGxlWnZtV2t5dW11MEl5S1lEbDJTTVIyU0w5d...",乳幼児の保護者,,,ニュース/PR,公開情報からの接触機会維持または企業情報発信,2,0.72,"{""title"": ""幼児期に不足しがちな栄養をサポートする 「明治ステップ」と「明治ミラフル」が「ドラえもん」とタイアップ 小田急線の車両をジャック！ - PR TIMES"", ""url"": ""https://news.google.com/rss/articles/CBMiakFVX3lxTE45anlGNGxlWnZtV2t5dW11MEl5S1lEbDJTTVIyU0w5dXRqQkNVMnhCOUNMRWhGd3lrbjlDN0VoR3kxRk8tX2QwQjR5X3hEWEZNam1kWlFpc0poS3Y3RWYydFBkRDhjdFd6bGc?oc=5"", ""source_type"": ""news_pr"", ""published_at"": ""2026-03-02"", ""matched_text"": ""幼児期に不足しがちな栄養をサポートする 「明治ステップ」と「明治ミラフル」が「ドラえもん」とタイアップ 小田急線の車両をジャック！ - PR TIMES <a href=\""https://news.google.com/rss/articles/CBMiakFVX3lxTE45anlGNGxlWnZtV2t5dW11MEl5S1lEbDJTTVIyU0w5dXRqQkNVMnhCOUNMRWhGd3lrbjlDN0VoR3kxRk8tX2QwQjR5X3hEWEZNam1kWlFpc0poS3Y3RWYydFBkRDhjdFd6bGc?oc=5\"" target=\""_blank\"">幼児期に不足しがちな栄養をサポートする 「明治ステップ」と「明治ミラフル」が「ドラえもん」とタイアップ 小田急線の車両をジャック！</a>&nbsp;&nbsp;<font color=\""#6f6f6f\"">PR TIMES</font> ""}","{""method"": ""heuristic_keyword_classifier"", ""event_type_reason"": ""Matched keywords for PR_ACTIVITY"", ""marketing_intent_note"": ""Inference, not a verified fact.""}",[57],f22b8791ad4190f3
43,明治,ステップ,明治ステップ,1-3,PRODUCT_LAUNCH,2026-03-02,,"ビフィズス菌と亜鉛を新配合！お子さまに対する栄養面での不安に応えるフォローアップミルク「明治ステップ」 「明治ステップ らくらくキューブ」3月9日 発売／全国 - PR TIMES: ビフィズス菌と亜鉛を新配合！お子さまに対する栄養面での不安に応えるフォローアップミルク「明治ステップ」 「明治ステップ らくらくキューブ」3月9日 発売／全国 - PR TIMES <a href=""https://news.google.com/rss/articles/CBMiakFVX3lxTE1YYkpzcVFPQ3FQeHQ3T0JwaFhhckt...",1-3歳児の保護者,明治ステップ らくらくキューブ,,ニュース/PR,公開情報からの接触機会維持または企業情報発信,4,0.72,"{""title"": ""ビフィズス菌と亜鉛を新配合！お子さまに対する栄養面での不安に応えるフォローアップミルク「明治ステップ」 「明治ステップ らくらくキューブ」3月9日 発売／全国 - PR TIMES"", ""url"": ""https://news.google.com/rss/articles/CBMiakFVX3lxTE1YYkpzcVFPQ3FQeHQ3T0JwaFhhcktXNXdEemV5QXRKWWJnSW9ROTBvNWFZWFVZc0pRb09zTUVreVd4MElNMk1lNlJEazl6YVAtM0tGNXUxRllpQU4weWFuZzZFQ19kaHNfT3c?oc=5"", ""source_type"": ""news_pr"", ""published_at"": ""2026-03-02"", ""matched_text"": ""ビフィズス菌と亜鉛を新配合！お子さまに対する栄養面での不安に応えるフォローアップミルク「明治ステップ」 「明治ステップ らくらくキューブ」3月9日 発売／全国 - PR TIMES <a href=\""https://news.google.com/rss/articles/CBMiakFVX3lxTE1YYkpzcVFPQ3FQeHQ3T0JwaFhhcktXNXdEemV5QXRKWWJnSW9ROTBvNWFZWFVZc0pRb09zTUVreVd4MElNMk1lNlJEazl6YVAtM0tGNXUxRllpQU4weWFuZzZFQ19kaHNfT3c?oc=5\"" target=\""_blank\"">ビフィズス菌と亜鉛を新配合！お子さまに対する栄養面での不安に応えるフォローアップミルク「明治ステップ」 「明治ステップ らくらくキューブ」3月9日 発売／全国</a>&nbsp;&nbsp;<font color=\""#6f6f6f\"">PR TIMES</font> ""}","{""method"": ""heuristic_keyword_classifier"", ""event_type_reason"": ""Matched keywords for PRODUCT_LAUNCH"", ""marketing_intent_note"": ""Inference, not a verified fact.""}",[61],e263cea8f4e48ac0
44,明治,ステップ,明治ステップ,1-3,OTHER,2026-03-05,,"明治、幼児用ミルクにビフィズス菌と亜鉛を追加 9日に切り替え - 日本経済新聞: 明治、幼児用ミルクにビフィズス菌と亜鉛を追加 9日に切り替え - 日本経済新聞 <a href=""https://news.google.com/rss/articles/CBMibEFVX3lxTE8zSUttTG03bWd6VC1sMlBKQTdUVlFDUmJ2RVcyNk9hMExHVHhubFIyejU4NFFLREV1SkJ3UFFyVnB2Sm...",乳幼児の保護者,,,ニュース/PR,公開情報からの接触機会維持または企業情報発信,1,0.45,"{""title"": ""明治、幼児用ミルクにビフィズス菌と亜鉛を追加 9日に切り替え - 日本経済新聞"", ""url"": ""https://news.google.com/rss/articles/CBMibEFVX3lxTE8zSUttTG03bWd6VC1sMlBKQTdUVlFDUmJ2RVcyNk9hMExHVHhubFIyejU4NFFLREV1SkJ3UFFyVnB2SmtDeFdlbWZHLXNyWGpyYjVfRFJzWk5rTEI5RGFCX2w1ZFpiVWpxb3MxUA?oc=5"", ""source_type"": ""news_pr"", ""published_at"": ""2026-03-05"", ""matched_text"": ""明治、幼児用ミルクにビフィズス菌と亜鉛を追加 9日に切り替え - 日本経済新聞 <a href=\""https://news.google.com/rss/articles/CBMibEFVX3lxTE8zSUttTG03bWd6VC1sMlBKQTdUVlFDUmJ2RVcyNk9hMExHVHhubFIyejU4NFFLREV1SkJ3UFFyVnB2SmtDeFdlbWZHLXNyWGpyYjVfRFJzWk5rTEI5RGFCX2w1ZFpiVWpxb3MxUA?oc=5\"" target=\""_blank\"">明治、幼児用ミルクにビフィズス菌と亜鉛を追加 9日に切り替え</a>&nbsp;&nbsp;<font color=\""#6f6f6f\"">日本経済新聞</font> ""}","{""method"": ""heuristic_keyword_classifier"", ""event_type_reason"": ""No strong keyword match"", ""marketing_intent_note"": ""Inference, not a verified fact.""}",[58],42f0f3648d3d7f16
45,森永乳業,はぐくみ,森永はぐくみ,0-1,PR_ACTIVITY,2026-03-05,,"環境省「製品・サービスのカーボンフットプリントに係るモデル事業」において、プラスチック製の容器包装を対象としたCFP算定ルールを策定 - PR TIMES: 環境省「製品・サービスのカーボンフットプリントに係るモデル事業」において、プラスチック製の容器包装を対象としたCFP算定ルールを策定 - PR TIMES <a href=""https://news.google.com/rss/articles/CBMiakFVX3lxTFAzVElWTnNrcnNFWUlINW1TazdUT1lnMkZHWmJ2Qmxm...",乳幼児の保護者,製品・サービスのカーボンフットプリントに係るモデル事業,,ニュース/PR,公開情報からの接触機会維持または企業情報発信,2,0.72,"{""title"": ""環境省「製品・サービスのカーボンフットプリントに係るモデル事業」において、プラスチック製の容器包装を対象としたCFP算定ルールを策定 - PR TIMES"", ""url"": ""https://news.google.com/rss/articles/CBMiakFVX3lxTFAzVElWTnNrcnNFWUlINW1TazdUT1lnMkZHWmJ2QmxmbC1STlJodnhCazhpTnN5Q0YtOTQ4QmtTRURud3RBM05rUDJQSGZ0akxISjAyYVNaWUViTHFJM2JobmJOaUlTMWRRVkE?oc=5"", ""source_type"": ""news_pr"", ""published_at"": ""2026-03-05"", ""matched_text"": ""環境省「製品・サービスのカーボンフットプリントに係るモデル事業」において、プラスチック製の容器包装を対象としたCFP算定ルールを策定 - PR TIMES <a href=\""https://news.google.com/rss/articles/CBMiakFVX3lxTFAzVElWTnNrcnNFWUlINW1TazdUT1lnMkZHWmJ2QmxmbC1STlJodnhCazhpTnN5Q0YtOTQ4QmtTRURud3RBM05rUDJQSGZ0akxISjAyYVNaWUViTHFJM2JobmJOaUlTMWRRVkE?oc=5\"" target=\""_blank\"">環境省「製品・サービスのカーボンフットプリントに係るモデル事業」において、プラスチック製の容器包装を対象としたCFP算定ルールを策定</a>&nbsp;&nbsp;<font color=\""#6f6f6f\"">PR TIMES</font> ""}","{""method"": ""heuristic_keyword_classifier"", ""event_type_reason"": ""Matched keywords for PR_ACTIVITY"", ""marketing_intent_note"": ""Inference, not a verified fact.""}",[65],4069eed1a8a68a2f
46,明治,ほほえみ,明治ほほえみ,0-1,PRODUCT_LAUNCH,2026-03-25,,"ピジョンの「母乳実感」がつけられる！哺乳瓶なしでミルクをあげられ、社会全体での育児をサポート！「明治ほほえみ らくらくミルク アタッチメント」 4月23日 発売／全国 - meiji.co.jp: ピジョンの「母乳実感」がつけられる！哺乳瓶なしでミルクをあげられ、社会全体での育児をサポート！「明治ほほえみ らくらくミルク アタッチメント」 4月23日 発売／全国 - meiji.co.jp <a href=""https://news.google.com/rss/articles/CBMid0FVX3lxTE5rMFZGUEVPTTZVRWJHSmtw...",0-1歳児の保護者,明治ほほえみ らくらくミルク アタッチメント,,ニュース/PR,公開情報からの接触機会維持または企業情報発信,4,0.72,"{""title"": ""ピジョンの「母乳実感」がつけられる！哺乳瓶なしでミルクをあげられ、社会全体での育児をサポート！「明治ほほえみ らくらくミルク アタッチメント」 4月23日 発売／全国 - meiji.co.jp"", ""url"": ""https://news.google.com/rss/articles/CBMid0FVX3lxTE5rMFZGUEVPTTZVRWJHSmtwUFBYb2RpeXktSGFNRnIzTDlXdVlRRkhhRlVrSlRyMkZrZUxwV1FMRm9fSHAwdUVYaW05djYzLWV4dmVvaDJBbTFfS1p4d0tjRDZvUG9VV3Z1V0djaXVKRXg2NVZHVFhV?oc=5"", ""source_type"": ""news_pr"", ""published_at"": ""2026-03-25"", ""matched_text"": ""ピジョンの「母乳実感」がつけられる！哺乳瓶なしでミルクをあげられ、社会全体での育児をサポート！「明治ほほえみ らくらくミルク アタッチメント」 4月23日 発売／全国 - meiji.co.jp <a href=\""https://news.google.com/rss/articles/CBMid0FVX3lxTE5rMFZGUEVPTTZVRWJHSmtwUFBYb2RpeXktSGFNRnIzTDlXdVlRRkhhRlVrSlRyMkZrZUxwV1FMRm9fSHAwdUVYaW05djYzLWV4dmVvaDJBbTFfS1p4d0tjRDZvUG9VV3Z1V0djaXVKRXg2NVZHVFhV?oc=5\"" target=\""_blank\"">ピジョンの「母乳実感」がつけられる！哺乳瓶なしでミルクをあげられ、社会全体での育児をサポート！「明治ほほえみ らくらくミルク アタッチメント」 4月23日 発売／全国</a>&nbsp;&nbsp;<font color=\""#6f6f6f\"">meiji.co.jp</font> ""}","{""method"": ""heuristic_keyword_classifier"", ""event_type_reason"": ""Matched keywords for PRODUCT_LAUNCH"", ""marketing_intent_note"": ""Inference, not a verified fact.""}",[13],7092204d3ec367d6
47,明治,ほほえみ,明治ほほえみ,0-1,PR_ACTIVITY,2026-03-25,,"強化ベビーフードの日本市場（2026年～2034年）、市場規模（粉末ベビーフード、瓶詰めベビーフード、即席ベビーフード）・分析レポートを発表 - Newscast.jp: 強化ベビーフードの日本市場（2026年～2034年）、市場規模（粉末ベビーフード、瓶詰めベビーフード、即席ベビーフード）・分析レポートを発表 - Newscast.jp <a href=""https://news.google.com/rss/articles/CBMiR0FVX3lxTE9UMDFBOWJDZkVVaTlhYTVwdG9JSGJnWm9re...",乳幼児の保護者,,,ニュース/PR,公開情報からの接触機会維持または企業情報発信,2,0.72,"{""title"": ""強化ベビーフードの日本市場（2026年～2034年）、市場規模（粉末ベビーフード、瓶詰めベビーフード、即席ベビーフード）・分析レポートを発表 - Newscast.jp"", ""url"": ""https://news.google.com/rss/articles/CBMiR0FVX3lxTE9UMDFBOWJDZkVVaTlhYTVwdG9JSGJnWm9reGROSm9Tc2djZHVhQjhwdTNZTUZvR2Rla1lrNGdhQVYzUzVad0dz?oc=5"", ""source_type"": ""news_pr"", ""published_at"": ""2026-03-25"", ""matched_text"": ""強化ベビーフードの日本市場（2026年～2034年）、市場規模（粉末ベビーフード、瓶詰めベビーフード、即席ベビーフード）・分析レポートを発表 - Newscast.jp <a href=\""https://news.google.com/rss/articles/CBMiR0FVX3lxTE9UMDFBOWJDZkVVaTlhYTVwdG9JSGJnWm9reGROSm9Tc2djZHVhQjhwdTNZTUZvR2Rla1lrNGdhQVYzUzVad0dz?oc=5\"" target=\""_blank\"">強化ベビーフードの日本市場（2026年～2034年）、市場規模（粉末ベビーフード、瓶詰めベビーフード、即席ベビーフード）・分析レポートを発表</a>&nbsp;&nbsp;<font color=\""#6f6f6f\"">Newscast.jp</font> ""}","{""method"": ""heuristic_keyword_classifier"", ""event_type_reason"": ""Matched keywords for PR_ACTIVITY"", ""marketing_intent_note"": ""Inference, not a verified fact.""}",[15],e2c1a6cf5fb5c0a2
48,明治,ほほえみ,明治ほほえみ,0-1,PRODUCT_LAUNCH,2026-03-25,,"ピジョンの「母乳実感」がつけられる！「明治ほほえみ らくらくミルク アタッチメント」 4月23日発売/全国 - kyodo.co.jp: ピジョンの「母乳実感」がつけられる！「明治ほほえみ らくらくミルク アタッチメント」 4月23日発売/全国 - kyodo.co.jp <a href=""https://news.google.com/rss/articles/CBMiWkFVX3lxTE5mbWRBTVhncFRDblpHRUg5LW1FSHRJdUY2aFJlWW5ETTJ0di1YWG...",0-1歳児の保護者,明治ほほえみ らくらくミルク アタッチメント,,ニュース/PR,公開情報からの接触機会維持または企業情報発信,4,0.72,"{""title"": ""ピジョンの「母乳実感」がつけられる！「明治ほほえみ らくらくミルク アタッチメント」 4月23日発売/全国 - kyodo.co.jp"", ""url"": ""https://news.google.com/rss/articles/CBMiWkFVX3lxTE5mbWRBTVhncFRDblpHRUg5LW1FSHRJdUY2aFJlWW5ETTJ0di1YWGZfQXdUYng1V0U3M05VUi16MGxNYldSX1BDUzNKRXE0RGdqMmlFLWczQWJ0QQ?oc=5"", ""source_type"": ""news_pr"", ""published_at"": ""2026-03-25"", ""matched_text"": ""ピジョンの「母乳実感」がつけられる！「明治ほほえみ らくらくミルク アタッチメント」 4月23日発売/全国 - kyodo.co.jp <a href=\""https://news.google.com/rss/articles/CBMiWkFVX3lxTE5mbWRBTVhncFRDblpHRUg5LW1FSHRJdUY2aFJlWW5ETTJ0di1YWGZfQXdUYng1V0U3M05VUi16MGxNYldSX1BDUzNKRXE0RGdqMmlFLWczQWJ0QQ?oc=5\"" target=\""_blank\"">ピジョンの「母乳実感」がつけられる！「明治ほほえみ らくらくミルク アタッチメント」 4月23日発売/全国</a>&nbsp;&nbsp;<font color=\""#6f6f6f\"">kyodo.co.jp</font> ""}","{""method"": ""heuristic_keyword_classifier"", ""event_type_reason"": ""Matched keywords for PRODUCT_LAUNCH"", ""marketing_intent_note"": ""Inference, not a verified fact.""}",[22],7c23056c5e2c17fd
49,明治,ほほえみ,明治ほほえみ,0-1,PR_ACTIVITY,2026-05-11,,"“あなたの舌タイプ”で、ヨーグルトの食べ方が変わる！？ 「ひと皿で満足できるヨーグルト」を提案する、体験型POP UPが渋谷に登場！ - PR TIMES: “あなたの舌タイプ”で、ヨーグルトの食べ方が変わる！？ 「ひと皿で満足できるヨーグルト」を提案する、体験型POP UPが渋谷に登場！ - PR TIMES <a href=""https://news.google.com/rss/articles/CBMiakFVX3lxTE0zdFhsRDFnWTJrMUctR3BvU2xTako5ZTNrb0w2Rzkz...",乳幼児の保護者,ひと皿で満足できるヨーグルト,,ニュース/PR,公開情報からの接触機会維持または企業情報発信,2,0.72,"{""title"": ""“あなたの舌タイプ”で、ヨーグルトの食べ方が変わる！？ 「ひと皿で満足できるヨーグルト」を提案する、体験型POP UPが渋谷に登場！ - PR TIMES"", ""url"": ""https://news.google.com/rss/articles/CBMiakFVX3lxTE0zdFhsRDFnWTJrMUctR3BvU2xTako5ZTNrb0w2RzkzUWIzeHFiNmpzYWNwaWxkeGVBSWJ0NkFaRWJtWjRHaVlzN0NXRXhFZ1FHTjlRT0YxZ3NfUUREV1lJbU1SR3lsSlpoV2c?oc=5"", ""source_type"": ""news_pr"", ""published_at"": ""2026-05-11"", ""matched_text"": ""“あなたの舌タイプ”で、ヨーグルトの食べ方が変わる！？ 「ひと皿で満足できるヨーグルト」を提案する、体験型POP UPが渋谷に登場！ - PR TIMES <a href=\""https://news.google.com/rss/articles/CBMiakFVX3lxTE0zdFhsRDFnWTJrMUctR3BvU2xTako5ZTNrb0w2RzkzUWIzeHFiNmpzYWNwaWxkeGVBSWJ0NkFaRWJtWjRHaVlzN0NXRXhFZ1FHTjlRT0YxZ3NfUUREV1lJbU1SR3lsSlpoV2c?oc=5\"" target=\""_blank\"">“あなたの舌タイプ”で、ヨーグルトの食べ方が変わる！？ 「ひと皿で満足できるヨーグルト」を提案する、体験型POP UPが渋谷に登場！</a>&nbsp;&nbsp;<font color=\""#6f6f6f\"">PR TIMES</font> ""}","{""method"": ""heuristic_keyword_classifier"", ""event_type_reason"": ""Matched keywords for PR_ACTIVITY"", ""marketing_intent_note"": ""Inference, not a verified fact.""}",[55],5a0f271fa1765f4b
50,森永乳業,はぐくみ,森永はぐくみ,0-1,PR_ACTIVITY,2026-05-11,,"ZACROS、海外子会社（インド）の設立および営業開始に関するお知らせ - PR TIMES: ZACROS、海外子会社（インド）の設立および営業開始に関するお知らせ - PR TIMES <a href=""https://news.google.com/rss/articles/CBMiakFVX3lxTE1CZTNhaU5FaTVuZkZSeURNNHVZODB0YUVJVmdsWV9RQXdEUnM1dzVnSkhzMGNGbk51ejE5ZDE...",乳幼児の保護者,,,ニュース/PR,公開情報からの接触機会維持または企業情報発信,2,0.72,"{""title"": ""ZACROS、海外子会社（インド）の設立および営業開始に関するお知らせ - PR TIMES"", ""url"": ""https://news.google.com/rss/articles/CBMiakFVX3lxTE1CZTNhaU5FaTVuZkZSeURNNHVZODB0YUVJVmdsWV9RQXdEUnM1dzVnSkhzMGNGbk51ejE5ZDE1Z0dWNDQtV1J5Z1R5ZVJGc044TmdqUGZCR2NQb29xS1lpNHZvTkhzVHU4b3c?oc=5"", ""source_type"": ""news_pr"", ""published_at"": ""2026-05-11"", ""matched_text"": ""ZACROS、海外子会社（インド）の設立および営業開始に関するお知らせ - PR TIMES <a href=\""https://news.google.com/rss/articles/CBMiakFVX3lxTE1CZTNhaU5FaTVuZkZSeURNNHVZODB0YUVJVmdsWV9RQXdEUnM1dzVnSkhzMGNGbk51ejE5ZDE1Z0dWNDQtV1J5Z1R5ZVJGc044TmdqUGZCR2NQb29xS1lpNHZvTkhzVHU4b3c?oc=5\"" target=\""_blank\"">ZACROS、海外子会社（インド）の設立および営業開始に関するお知らせ</a>&nbsp;&nbsp;<font color=\""#6f6f6f\"">PR TIMES</font> ""}","{""method"": ""heuristic_keyword_classifier"", ""event_type_reason"": ""Matched keywords for PR_ACTIVITY"", ""marketing_intent_note"": ""Inference, not a verified fact.""}",[62],cec031daca914c4d
51,明治,ほほえみ,明治ほほえみ,0-1,ADVERTISING,2026-05-15,,"明治ブルガリアヨーグルト「ヨーグルトの日」PRイベントを開催 - PR TIMES: 明治ブルガリアヨーグルト「ヨーグルトの日」PRイベントを開催 - PR TIMES <a href=""https://news.google.com/rss/articles/CBMiakFVX3lxTFBaczViTUFoSThWY2dRU1RCZDQwblhTQ1hweVcwcm9ENzc3Y2RFSXRUQjBSeEJOWlhrOVg5RlBIV0RG...",乳幼児の保護者,,,ニュース/PR,認知拡大とブランド想起の獲得,3,0.72,"{""title"": ""明治ブルガリアヨーグルト「ヨーグルトの日」PRイベントを開催 - PR TIMES"", ""url"": ""https://news.google.com/rss/articles/CBMiakFVX3lxTFBaczViTUFoSThWY2dRU1RCZDQwblhTQ1hweVcwcm9ENzc3Y2RFSXRUQjBSeEJOWlhrOVg5RlBIV0RGUDNUTmlHVURwNHRqNjlmNlZWQUgza0JLYlJMS1N5eWRuSU1VRFV3eEE?oc=5"", ""source_type"": ""news_pr"", ""published_at"": ""2026-05-15"", ""matched_text"": ""明治ブルガリアヨーグルト「ヨーグルトの日」PRイベントを開催 - PR TIMES <a href=\""https://news.google.com/rss/articles/CBMiakFVX3lxTFBaczViTUFoSThWY2dRU1RCZDQwblhTQ1hweVcwcm9ENzc3Y2RFSXRUQjBSeEJOWlhrOVg5RlBIV0RGUDNUTmlHVURwNHRqNjlmNlZWQUgza0JLYlJMS1N5eWRuSU1VRFV3eEE?oc=5\"" target=\""_blank\"">明治ブルガリアヨーグルト「ヨーグルトの日」PRイベントを開催</a>&nbsp;&nbsp;<font color=\""#6f6f6f\"">PR TIMES</font> ""}","{""method"": ""heuristic_keyword_classifier"", ""event_type_reason"": ""Matched keywords for ADVERTISING"", ""marketing_intent_note"": ""Inference, not a verified fact.""}",[54],dd6706c8fdb9e88d
52,明治,ほほえみ,明治ほほえみ,0-1,OTHER,2026-05-20,,"澤田グループが「災害備蓄用ミルク」をフードバンクとやまへ寄贈 - DMMぱちタウン: 澤田グループが「災害備蓄用ミルク」をフードバンクとやまへ寄贈 - DMMぱちタウン <a href=""https://news.google.com/rss/articles/CBMiVEFVX3lxTE04T0R2a3NqS1ZRZ0RMWHUxV1BzNWxVdEYtVUF4bVk3djdQekowNlNNY0hVSVdxemV6RDhnLVEyRm9a...",乳幼児の保護者,災害備蓄用ミルク,,ニュース/PR,公開情報からの接触機会維持または企業情報発信,1,0.45,"{""title"": ""澤田グループが「災害備蓄用ミルク」をフードバンクとやまへ寄贈 - DMMぱちタウン"", ""url"": ""https://news.google.com/rss/articles/CBMiVEFVX3lxTE04T0R2a3NqS1ZRZ0RMWHUxV1BzNWxVdEYtVUF4bVk3djdQekowNlNNY0hVSVdxemV6RDhnLVEyRm9aMHUwZnB3MlUyYzVYVnE1b0VLZg?oc=5"", ""source_type"": ""news_pr"", ""published_at"": ""2026-05-20"", ""matched_text"": ""澤田グループが「災害備蓄用ミルク」をフードバンクとやまへ寄贈 - DMMぱちタウン <a href=\""https://news.google.com/rss/articles/CBMiVEFVX3lxTE04T0R2a3NqS1ZRZ0RMWHUxV1BzNWxVdEYtVUF4bVk3djdQekowNlNNY0hVSVdxemV6RDhnLVEyRm9aMHUwZnB3MlUyYzVYVnE1b0VLZg?oc=5\"" target=\""_blank\"">澤田グループが「災害備蓄用ミルク」をフードバンクとやまへ寄贈</a>&nbsp;&nbsp;<font color=\""#6f6f6f\"">DMMぱちタウン</font> ""}","{""method"": ""heuristic_keyword_classifier"", ""event_type_reason"": ""No strong keyword match"", ""marketing_intent_note"": ""Inference, not a verified fact.""}",[20],bd07ca89a1be4974
53,明治,ほほえみ,明治ほほえみ,0-1,ADVERTISING,2026-05-21,,"ベビーグッズの口コミサイトBabiew、待望の「動画・写真投稿機能」をリリース！ | BEFFY Inc.のプレスリリース - PR TIMES: ベビーグッズの口コミサイトBabiew、待望の「動画・写真投稿機能」をリリース！ | BEFFY Inc.のプレスリリース - PR TIMES <a href=""https://news.google.com/rss/articles/CBMiakFVX3lxTE9MeUpHWnNKbjNhRXZiUWNUSmpCdkwyY0hfNnZKOWhTT194N...",乳幼児の保護者,動画・写真投稿機能,,YouTube/Web動画,認知拡大とブランド想起の獲得,3,0.72,"{""title"": ""ベビーグッズの口コミサイトBabiew、待望の「動画・写真投稿機能」をリリース！ | BEFFY Inc.のプレスリリース - PR TIMES"", ""url"": ""https://news.google.com/rss/articles/CBMiakFVX3lxTE9MeUpHWnNKbjNhRXZiUWNUSmpCdkwyY0hfNnZKOWhTT194N2ozMURoeWFSS1lPZzNLQ1VmN2NabkN4TnE5X21Ic0hxY1FuSmQ2Zy1RR3QxUTdfWFp1X3RvZ1loVHFtRVVLS1E?oc=5"", ""source_type"": ""news_pr"", ""published_at"": ""2026-05-21"", ""matched_text"": ""ベビーグッズの口コミサイトBabiew、待望の「動画・写真投稿機能」をリリース！ | BEFFY Inc.のプレスリリース - PR TIMES <a href=\""https://news.google.com/rss/articles/CBMiakFVX3lxTE9MeUpHWnNKbjNhRXZiUWNUSmpCdkwyY0hfNnZKOWhTT194N2ozMURoeWFSS1lPZzNLQ1VmN2NabkN4TnE5X21Ic0hxY1FuSmQ2Zy1RR3QxUTdfWFp1X3RvZ1loVHFtRVVLS1E?oc=5\"" target=\""_blank\"">ベビーグッズの口コミサイトBabiew、待望の「動画・写真投稿機能」をリリース！ | BEFFY Inc.のプレスリリース</a>&nbsp;&nbsp;<font color=\""#6f6f6f\"">PR TIMES</font> ""}","{""method"": ""heuristic_keyword_classifier"", ""event_type_reason"": ""Matched keywords for ADVERTISING"", ""marketing_intent_note"": ""Inference, not a verified fact.""}",[19],fbbf605e6b53c2fa
54,江崎グリコ,アイクレオ バランスミルク,アイクレオ バランスミルク,0-1,PR_ACTIVITY,2026-06-03,,"「アイクレオ 赤ちゃんミルク」と「cotote(コトテ)」、イエローリボン「ベスト・ファーザー賞」認定商品に選定 - PR TIMES: 「アイクレオ 赤ちゃんミルク」と「cotote(コトテ)」、イエローリボン「ベスト・ファーザー賞」認定商品に選定 - PR TIMES <a href=""https://news.google.com/rss/articles/CBMiakFVX3lxTFB0QmpXdFMyYmU2WG5zOFB6WG5WLUZhSVpkWHpHek5iUlZqZ2VPX1...",乳幼児の保護者,アイクレオ 赤ちゃんミルク,,ニュース/PR,公開情報からの接触機会維持または企業情報発信,2,0.72,"{""title"": ""「アイクレオ 赤ちゃんミルク」と「cotote(コトテ)」、イエローリボン「ベスト・ファーザー賞」認定商品に選定 - PR TIMES"", ""url"": ""https://news.google.com/rss/articles/CBMiakFVX3lxTFB0QmpXdFMyYmU2WG5zOFB6WG5WLUZhSVpkWHpHek5iUlZqZ2VPX1Z0RGhOS1Vud1U4RGZjLUl6aG10bnZuTk5GMERITWt3Q3B4SjQ4blhSUmlnVEVCWHRTZHRJNFdKNDR5WVE?oc=5"", ""source_type"": ""news_pr"", ""published_at"": ""2026-06-03"", ""matched_text"": ""「アイクレオ 赤ちゃんミルク」と「cotote(コトテ)」、イエローリボン「ベスト・ファーザー賞」認定商品に選定 - PR TIMES <a href=\""https://news.google.com/rss/articles/CBMiakFVX3lxTFB0QmpXdFMyYmU2WG5zOFB6WG5WLUZhSVpkWHpHek5iUlZqZ2VPX1Z0RGhOS1Vud1U4RGZjLUl6aG10bnZuTk5GMERITWt3Q3B4SjQ4blhSUmlnVEVCWHRTZHRJNFdKNDR5WVE?oc=5\"" target=\""_blank\"">「アイクレオ 赤ちゃんミルク」と「cotote(コトテ)」、イエローリボン「ベスト・ファーザー賞」認定商品に選定</a>&nbsp;&nbsp;<font color=\""#6f6f6f\"">PR TIMES</font> ""}","{""method"": ""heuristic_keyword_classifier"", ""event_type_reason"": ""Matched keywords for PR_ACTIVITY"", ""marketing_intent_note"": ""Inference, not a verified fact.""}",[69],1b22f72df8ee6276
55,森永乳業,はぐくみ,森永はぐくみ,0-1,PR_ACTIVITY,2026-06-05,「MONOSOLUTIONS」ポリエチレン単一素材つめかえパウチ,"ZACROS、『「MONOSOLUTIONS」ポリエチレン単一素材つめかえパウチ』経済産業省の「プラスチック使用製品設計認定制度」においてフィルム容器で初めての認定を取得 - PR TIMES: ZACROS、『「MONOSOLUTIONS」ポリエチレン単一素材つめかえパウチ』経済産業省の「プラスチック使用製品設計認定制度」においてフィルム容器で初めての認定を取得 - PR TIMES <a href=""https://news.google.com/rss/articles/CBMiakFVX3lxTFBUQkh5ekJfdDl6SUFTLWxhb...",乳幼児の保護者,MONOSOLUTIONS,,ニュース/PR,公開情報からの接触機会維持または企業情報発信,2,0.72,"{""title"": ""ZACROS、『「MONOSOLUTIONS」ポリエチレン単一素材つめかえパウチ』経済産業省の「プラスチック使用製品設計認定制度」においてフィルム容器で初めての認定を取得 - PR TIMES"", ""url"": ""https://news.google.com/rss/articles/CBMiakFVX3lxTFBUQkh5ekJfdDl6SUFTLWxhbk1LcTBuM01HU05ULUpOS1JOaTdXVXRxdzNzVmYxNTlyZ29xODEzVkVfN2o2MzZKR2xlY21JSzEyellaUUhwWW5DT3NQTHppc3huc29naFhzNXc?oc=5"", ""source_type"": ""news_pr"", ""published_at"": ""2026-06-05"", ""matched_text"": ""ZACROS、『「MONOSOLUTIONS」ポリエチレン単一素材つめかえパウチ』経済産業省の「プラスチック使用製品設計認定制度」においてフィルム容器で初めての認定を取得 - PR TIMES <a href=\""https://news.google.com/rss/articles/CBMiakFVX3lxTFBUQkh5ekJfdDl6SUFTLWxhbk1LcTBuM01HU05ULUpOS1JOaTdXVXRxdzNzVmYxNTlyZ29xODEzVkVfN2o2MzZKR2xlY21JSzEyellaUUhwWW5DT3NQTHppc3huc29naFhzNXc?oc=5\"" target=\""_blank\"">ZACROS、『「MONOSOLUTIONS」ポリエチレン単一素材つめかえパウチ』経済産業省の「プラスチック使用製品設計認定制度」においてフィルム容器で初めての認定を取得</a>&nbsp;&nbsp;<font color=\""#6f6f6f\"">PR TIMES</font> ""}","{""method"": ""heuristic_keyword_classifier"", ""event_type_reason"": ""Matched keywords for PR_ACTIVITY"", ""marketing_intent_note"": ""Inference, not a verified fact.""}",[63],f609c9930ad45784
56,明治,ほほえみ,明治ほほえみ,0-1,PR_ACTIVITY,2026-06-09,,"11月まで待てない！ベビーザらス発、『夏』のブラックフライデー、今年も開催 - PR TIMES: 11月まで待てない！ベビーザらス発、『夏』のブラックフライデー、今年も開催 - PR TIMES <a href=""https://news.google.com/rss/articles/CBMiakFVX3lxTFBaaUdHUkpldEJpVWN3WTY5ZGZVeEZPSGFTTFdZVFFGVWhraFh6UjMzUzFZaHZRMlBjZTM1a...",乳幼児の保護者,,,ニュース/PR,公開情報からの接触機会維持または企業情報発信,2,0.72,"{""title"": ""11月まで待てない！ベビーザらス発、『夏』のブラックフライデー、今年も開催 - PR TIMES"", ""url"": ""https://news.google.com/rss/articles/CBMiakFVX3lxTFBaaUdHUkpldEJpVWN3WTY5ZGZVeEZPSGFTTFdZVFFGVWhraFh6UjMzUzFZaHZRMlBjZTM1aEZYN3RwYlhmZGcxSmx2ZE9abkpoOUFVYkxQMkZJelhuMVRZRzJ0aXgzOFVvaGc?oc=5"", ""source_type"": ""news_pr"", ""published_at"": ""2026-06-09"", ""matched_text"": ""11月まで待てない！ベビーザらス発、『夏』のブラックフライデー、今年も開催 - PR TIMES <a href=\""https://news.google.com/rss/articles/CBMiakFVX3lxTFBaaUdHUkpldEJpVWN3WTY5ZGZVeEZPSGFTTFdZVFFGVWhraFh6UjMzUzFZaHZRMlBjZTM1aEZYN3RwYlhmZGcxSmx2ZE9abkpoOUFVYkxQMkZJelhuMVRZRzJ0aXgzOFVvaGc?oc=5\"" target=\""_blank\"">11月まで待てない！ベビーザらス発、『夏』のブラックフライデー、今年も開催</a>&nbsp;&nbsp;<font color=\""#6f6f6f\"">PR TIMES</font> ""}","{""method"": ""heuristic_keyword_classifier"", ""event_type_reason"": ""Matched keywords for PR_ACTIVITY"", ""marketing_intent_note"": ""Inference, not a verified fact.""}",[21],d2f705d7c05095c3
57,明治,ほほえみ,明治ほほえみ,0-1,ADVERTISING,2026-06-16,,"2026 上半期 Babiew ベストベビーグッズアワード受賞商品発表！ - PR TIMES: 2026 上半期 Babiew ベストベビーグッズアワード受賞商品発表！ - PR TIMES <a href=""https://news.google.com/rss/articles/CBMiakFVX3lxTE5Ma3JmcHZtbEY1WDlST2RNczcwQ1VkTHZjSGs1S25UUk5JVEV2TDZtb1N2NlFQNnVfRlpkcm...",乳幼児の保護者,,,ニュース/PR,認知拡大とブランド想起の獲得,3,0.72,"{""title"": ""2026 上半期 Babiew ベストベビーグッズアワード受賞商品発表！ - PR TIMES"", ""url"": ""https://news.google.com/rss/articles/CBMiakFVX3lxTE5Ma3JmcHZtbEY1WDlST2RNczcwQ1VkTHZjSGs1S25UUk5JVEV2TDZtb1N2NlFQNnVfRlpkcmRuUktzaWRJLXZtemtsTTUzOElQYmZFcm91THoyb1ZDaURheEk3R3I3TEJIMXc?oc=5"", ""source_type"": ""news_pr"", ""published_at"": ""2026-06-16"", ""matched_text"": ""2026 上半期 Babiew ベストベビーグッズアワード受賞商品発表！ - PR TIMES <a href=\""https://news.google.com/rss/articles/CBMiakFVX3lxTE5Ma3JmcHZtbEY1WDlST2RNczcwQ1VkTHZjSGs1S25UUk5JVEV2TDZtb1N2NlFQNnVfRlpkcmRuUktzaWRJLXZtemtsTTUzOElQYmZFcm91THoyb1ZDaURheEk3R3I3TEJIMXc?oc=5\"" target=\""_blank\"">2026 上半期 Babiew ベストベビーグッズアワード受賞商品発表！</a>&nbsp;&nbsp;<font color=\""#6f6f6f\"">PR TIMES</font> ""}","{""method"": ""heuristic_keyword_classifier"", ""event_type_reason"": ""Matched keywords for ADVERTISING"", ""marketing_intent_note"": ""Inference, not a verified fact.""}",[24],ac111e55f9098202
58,明治,ほほえみ,明治ほほえみ,0-1,EVENT,2026-06-18,,"日本初※ビフィズス菌配合の『安心』を味方に。明治ほほえみセミナー体験レポート - ママリ: 日本初※ビフィズス菌配合の『安心』を味方に。明治ほほえみセミナー体験レポート - ママリ <a href=""https://news.google.com/rss/articles/CBMiO0FVX3lxTFBaMkdWZ0pTa2Y2ZkgweWJKZHp5Q05sbUV2UzNQakdrZ0ZaNDZHQUlkX2JJWEhYcVpqSTVN?oc=5...",乳幼児の保護者,,,ニュース/PR,育児接点での信頼形成,3,0.72,"{""title"": ""日本初※ビフィズス菌配合の『安心』を味方に。明治ほほえみセミナー体験レポート - ママリ"", ""url"": ""https://news.google.com/rss/articles/CBMiO0FVX3lxTFBaMkdWZ0pTa2Y2ZkgweWJKZHp5Q05sbUV2UzNQakdrZ0ZaNDZHQUlkX2JJWEhYcVpqSTVN?oc=5"", ""source_type"": ""news_pr"", ""published_at"": ""2026-06-18"", ""matched_text"": ""日本初※ビフィズス菌配合の『安心』を味方に。明治ほほえみセミナー体験レポート - ママリ <a href=\""https://news.google.com/rss/articles/CBMiO0FVX3lxTFBaMkdWZ0pTa2Y2ZkgweWJKZHp5Q05sbUV2UzNQakdrZ0ZaNDZHQUlkX2JJWEhYcVpqSTVN?oc=5\"" target=\""_blank\"">日本初※ビフィズス菌配合の『安心』を味方に。明治ほほえみセミナー体験レポート</a>&nbsp;&nbsp;<font color=\""#6f6f6f\"">ママリ</font> ""}","{""method"": ""heuristic_keyword_classifier"", ""event_type_reason"": ""Matched keywords for EVENT"", ""marketing_intent_note"": ""Inference, not a verified fact.""}",[51],afa0ecaf3641bca9
59,明治,ほほえみ,明治ほほえみ,0-1,OTHER,2026-07-14,,"乳児用ミルク「明治ほほえみ」が第7回「日本子育て支援大賞2026」を受賞 ～母乳研究に基づく栄養設計と育児シーンに合わせて選べる商品展開が評価～ - meiji.co.jp: 乳児用ミルク「明治ほほえみ」が第7回「日本子育て支援大賞2026」を受賞 ～母乳研究に基づく栄養設計と育児シーンに合わせて選べる商品展開が評価～ - meiji.co.jp <a href=""https://news.google.com/rss/articles/CBMid0FVX3lxTE1IZ1ltTjBpaTNCTVBQaXoxRVl4Ty03Vkx...",0-1歳児の保護者,日本子育て支援大賞2026,,ニュース/PR,公開情報からの接触機会維持または企業情報発信,1,0.45,"{""title"": ""乳児用ミルク「明治ほほえみ」が第7回「日本子育て支援大賞2026」を受賞 ～母乳研究に基づく栄養設計と育児シーンに合わせて選べる商品展開が評価～ - meiji.co.jp"", ""url"": ""https://news.google.com/rss/articles/CBMid0FVX3lxTE1IZ1ltTjBpaTNCTVBQaXoxRVl4Ty03VkxkR2t0YUFxdkdFcWNaVDdxWEJhSm90NkJ0R2NwOFY0VW1SN0s1Z0t2bEEzU3JRY3pjUHotUWNpT0ZWOTVYVW95NGZJTFpmMHc3cGJIWjk0aWJaaEdVcUZr?oc=5"", ""source_type"": ""news_pr"", ""published_at"": ""2026-07-14"", ""matched_text"": ""乳児用ミルク「明治ほほえみ」が第7回「日本子育て支援大賞2026」を受賞 ～母乳研究に基づく栄養設計と育児シーンに合わせて選べる商品展開が評価～ - meiji.co.jp <a href=\""https://news.google.com/rss/articles/CBMid0FVX3lxTE1IZ1ltTjBpaTNCTVBQaXoxRVl4Ty03VkxkR2t0YUFxdkdFcWNaVDdxWEJhSm90NkJ0R2NwOFY0VW1SN0s1Z0t2bEEzU3JRY3pjUHotUWNpT0ZWOTVYVW95NGZJTFpmMHc3cGJIWjk0aWJaaEdVcUZr?oc=5\"" target=\""_blank\"">乳児用ミルク「明治ほほえみ」が第7回「日本子育て支援大賞2026」を受賞 ～母乳研究に基づく栄養設計と育児シーンに合わせて選べる商品展開が評価～</a>&nbsp;&nbsp;<font color=\""#6f6f6f\"">meiji.co.jp</font> ""}","{""method"": ""heuristic_keyword_classifier"", ""event_type_reason"": ""No strong keyword match"", ""marketing_intent_note"": ""Inference, not a verified fact.""}",[25],65ab6c7a4fb26c42
60,明治,ほほえみ,明治ほほえみ,0-1,COLLABORATION,2026-07-14,,"乳児用ミルク「明治ほほえみ」が 第7回「日本子育て支援大賞2026」を受賞 - 共同通信PRワイヤー: 乳児用ミルク「明治ほほえみ」が 第7回「日本子育て支援大賞2026」を受賞 - 共同通信PRワイヤー <a href=""https://news.google.com/rss/articles/CBMiW0FVX3lxTE4yeU5MMk8wVVVfQk1Ra0ZtMTRLZDBUZ0NrUnprRllFeEVpQUI2ZV9LNkgxdEVJMDdhUkJ...",乳幼児の保護者,日本子育て支援大賞2026,,ニュース/PR,外部ブランドや企画の話題性活用,3,0.72,"{""title"": ""乳児用ミルク「明治ほほえみ」が 第7回「日本子育て支援大賞2026」を受賞 - 共同通信PRワイヤー"", ""url"": ""https://news.google.com/rss/articles/CBMiW0FVX3lxTE4yeU5MMk8wVVVfQk1Ra0ZtMTRLZDBUZ0NrUnprRllFeEVpQUI2ZV9LNkgxdEVJMDdhUkJKUGE2R1ptaWFpZFdlRWRPb0ltUDRvMDZYTzExbkdicWs?oc=5"", ""source_type"": ""news_pr"", ""published_at"": ""2026-07-14"", ""matched_text"": ""乳児用ミルク「明治ほほえみ」が 第7回「日本子育て支援大賞2026」を受賞 - 共同通信PRワイヤー <a href=\""https://news.google.com/rss/articles/CBMiW0FVX3lxTE4yeU5MMk8wVVVfQk1Ra0ZtMTRLZDBUZ0NrUnprRllFeEVpQUI2ZV9LNkgxdEVJMDdhUkJKUGE2R1ptaWFpZFdlRWRPb0ltUDRvMDZYTzExbkdicWs?oc=5\"" target=\""_blank\"">乳児用ミルク「明治ほほえみ」が 第7回「日本子育て支援大賞2026」を受賞</a>&nbsp;&nbsp;<font color=\""#6f6f6f\"">共同通信PRワイヤー</font> ""}","{""method"": ""heuristic_keyword_classifier"", ""event_type_reason"": ""Matched keywords for COLLABORATION"", ""marketing_intent_note"": ""Inference, not a verified fact.""}",[50],1634226bd372bde5
61,明治,ほほえみ,明治ほほえみ,0-1,PR_ACTIVITY,2026-07-14,明治ほほえみ,"乳児用ミルク『明治ほほえみ』が第7回「日本子育て支援大賞2026」を受賞 - PR TIMES: 乳児用ミルク『明治ほほえみ』が第7回「日本子育て支援大賞2026」を受賞 - PR TIMES <a href=""https://news.google.com/rss/articles/CBMiakFVX3lxTE1QVmdfd0ViUTRqTnBSMXVaZFdNUGd1eHlacExKd2N6TzFiOUtQUEZST2NKdWdDRl96TE5TRm...",乳幼児の保護者,日本子育て支援大賞2026,,ニュース/PR,公開情報からの接触機会維持または企業情報発信,2,0.72,"{""title"": ""乳児用ミルク『明治ほほえみ』が第7回「日本子育て支援大賞2026」を受賞 - PR TIMES"", ""url"": ""https://news.google.com/rss/articles/CBMiakFVX3lxTE1QVmdfd0ViUTRqTnBSMXVaZFdNUGd1eHlacExKd2N6TzFiOUtQUEZST2NKdWdDRl96TE5TRmJ0YWtjQl9aU1BHTV9qYkNSY05OMFRIbFBPZkhESEo5ZU5zakJtNmZTQ1h4V1E?oc=5"", ""source_type"": ""news_pr"", ""published_at"": ""2026-07-14"", ""matched_text"": ""乳児用ミルク『明治ほほえみ』が第7回「日本子育て支援大賞2026」を受賞 - PR TIMES <a href=\""https://news.google.com/rss/articles/CBMiakFVX3lxTE1QVmdfd0ViUTRqTnBSMXVaZFdNUGd1eHlacExKd2N6TzFiOUtQUEZST2NKdWdDRl96TE5TRmJ0YWtjQl9aU1BHTV9qYkNSY05OMFRIbFBPZkhESEo5ZU5zakJtNmZTQ1h4V1E?oc=5\"" target=\""_blank\"">乳児用ミルク『明治ほほえみ』が第7回「日本子育て支援大賞2026」を受賞</a>&nbsp;&nbsp;<font color=\""#6f6f6f\"">PR TIMES</font> ""}","{""method"": ""heuristic_keyword_classifier"", ""event_type_reason"": ""Matched keywords for PR_ACTIVITY"", ""marketing_intent_note"": ""Inference, not a verified fact.""}",[52],f5367a2b898f2e5b
62,明治,ステップ,明治ステップ,1-3,PR_ACTIVITY,2026-07-14,明治ほほえみ,"乳児用ミルク『明治ほほえみ』が第7回「日本子育て支援大賞2026」を受賞 - PR TIMES: 乳児用ミルク『明治ほほえみ』が第7回「日本子育て支援大賞2026」を受賞 - PR TIMES <a href=""https://news.google.com/rss/articles/CBMiakFVX3lxTE1QVmdfd0ViUTRqTnBSMXVaZFdNUGd1eHlacExKd2N6TzFiOUtQUEZST2NKdWdDRl96TE5TRm...",乳幼児の保護者,日本子育て支援大賞2026,,ニュース/PR,公開情報からの接触機会維持または企業情報発信,2,0.72,"{""title"": ""乳児用ミルク『明治ほほえみ』が第7回「日本子育て支援大賞2026」を受賞 - PR TIMES"", ""url"": ""https://news.google.com/rss/articles/CBMiakFVX3lxTE1QVmdfd0ViUTRqTnBSMXVaZFdNUGd1eHlacExKd2N6TzFiOUtQUEZST2NKdWdDRl96TE5TRmJ0YWtjQl9aU1BHTV9qYkNSY05OMFRIbFBPZkhESEo5ZU5zakJtNmZTQ1h4V1E?oc=5"", ""source_type"": ""news_pr"", ""published_at"": ""2026-07-14"", ""matched_text"": ""乳児用ミルク『明治ほほえみ』が第7回「日本子育て支援大賞2026」を受賞 - PR TIMES <a href=\""https://news.google.com/rss/articles/CBMiakFVX3lxTE1QVmdfd0ViUTRqTnBSMXVaZFdNUGd1eHlacExKd2N6TzFiOUtQUEZST2NKdWdDRl96TE5TRmJ0YWtjQl9aU1BHTV9qYkNSY05OMFRIbFBPZkhESEo5ZU5zakJtNmZTQ1h4V1E?oc=5\"" target=\""_blank\"">乳児用ミルク『明治ほほえみ』が第7回「日本子育て支援大賞2026」を受賞</a>&nbsp;&nbsp;<font color=\""#6f6f6f\"">PR TIMES</font> ""}","{""method"": ""heuristic_keyword_classifier"", ""event_type_reason"": ""Matched keywords for PR_ACTIVITY"", ""marketing_intent_note"": ""Inference, not a verified fact.""}",[59],e1a061960e25e022
63,江崎グリコ,アイクレオ バランスミルク,アイクレオ バランスミルク,0-1,PR_ACTIVITY,2026-07-14,,"双子や三つ子などの多胎児家庭を支援 乳児用液体ミルク「アイクレオ 赤ちゃんミルク」の購入補助支援、７年目へ - PR TIMES: 双子や三つ子などの多胎児家庭を支援 乳児用液体ミルク「アイクレオ 赤ちゃんミルク」の購入補助支援、７年目へ - PR TIMES <a href=""https://news.google.com/rss/articles/CBMiakFVX3lxTE9mVVFOU2ZMS3NDaHJqOWttLW5qMWJDd2xNeFFBWjFlQmh5ZVlNU3lzR...",乳幼児の保護者,アイクレオ 赤ちゃんミルク,,ニュース/PR,公開情報からの接触機会維持または企業情報発信,2,0.72,"{""title"": ""双子や三つ子などの多胎児家庭を支援 乳児用液体ミルク「アイクレオ 赤ちゃんミルク」の購入補助支援、７年目へ - PR TIMES"", ""url"": ""https://news.google.com/rss/articles/CBMiakFVX3lxTE9mVVFOU2ZMS3NDaHJqOWttLW5qMWJDd2xNeFFBWjFlQmh5ZVlNU3lzRWVhZ1ZUVklKYU9Sa0ZjNUdTMDF2cEVQZWxiS2JpMG92NFJWQUF6djQxVVh4RVZad1lmWThBYzU5NVE?oc=5"", ""source_type"": ""news_pr"", ""published_at"": ""2026-07-14"", ""matched_text"": ""双子や三つ子などの多胎児家庭を支援 乳児用液体ミルク「アイクレオ 赤ちゃんミルク」の購入補助支援、７年目へ - PR TIMES <a href=\""https://news.google.com/rss/articles/CBMiakFVX3lxTE9mVVFOU2ZMS3NDaHJqOWttLW5qMWJDd2xNeFFBWjFlQmh5ZVlNU3lzRWVhZ1ZUVklKYU9Sa0ZjNUdTMDF2cEVQZWxiS2JpMG92NFJWQUF6djQxVVh4RVZad1lmWThBYzU5NVE?oc=5\"" target=\""_blank\"">双子や三つ子などの多胎児家庭を支援 乳児用液体ミルク「アイクレオ 赤ちゃんミルク」の購入補助支援、７年目へ</a>&nbsp;&nbsp;<font color=\""#6f6f6f\"">PR TIMES</font> ""}","{""method"": ""heuristic_keyword_classifier"", ""event_type_reason"": ""Matched keywords for PR_ACTIVITY"", ""marketing_intent_note"": ""Inference, not a verified fact.""}",[68],e939d3169a40203b
64,明治,ほほえみ,明治ほほえみ,0-1,OTHER,2026-07-16,,"乳幼児ママ・プレママの防災備蓄に関する実態調査 2026 防災意識は高いのに、赤ちゃんの備えは“手薄”に 乳幼児ママ・プレママの98.7％が「防災は重要」 一方、「十分に備蓄できている」はわずか3.4％ ～停電・断水時の授乳に不安を感じる人は94.6％、ミルク・水の備えに課題 - meiji.co.jp: 乳幼児ママ・プレママの防災備蓄に関する実態調査 2026 防災意識は高いのに、赤ちゃんの備えは“手薄”に 乳幼児ママ・プレママの98.7％が「防災は重要」 一方、「十分に備蓄できている」はわずか3.4％ ～停電・断水時の授乳に不安を感じる人は94.6％、ミルク・水の備えに課題 - meiji.co.jp <a href=""https://news.googl...",乳幼児の保護者,十分に備蓄できている,,ニュース/PR,公開情報からの接触機会維持または企業情報発信,1,0.45,"{""title"": ""乳幼児ママ・プレママの防災備蓄に関する実態調査 2026 防災意識は高いのに、赤ちゃんの備えは“手薄”に 乳幼児ママ・プレママの98.7％が「防災は重要」 一方、「十分に備蓄できている」はわずか3.4％ ～停電・断水時の授乳に不安を感じる人は94.6％、ミルク・水の備えに課題 - meiji.co.jp"", ""url"": ""https://news.google.com/rss/articles/CBMid0FVX3lxTFBzSFY5alIwLXJzNmxkV0ZOTHlwNkFZVDJOUUVJMzZHUFVxX29QRHk3NjlJdGgyYTlRcGwyRWRpbExaUlJ6bS01STdzSEFLb1FlRFo4dUoyNlNTRVpHYkpPNHJmZU1ueThDaHVzNlRlWDVuVm1qZTBJ?oc=5"", ""source_type"": ""news_pr"", ""published_at"": ""2026-07-16"", ""matched_text"": ""乳幼児ママ・プレママの防災備蓄に関する実態調査 2026 防災意識は高いのに、赤ちゃんの備えは“手薄”に 乳幼児ママ・プレママの98.7％が「防災は重要」 一方、「十分に備蓄できている」はわずか3.4％ ～停電・断水時の授乳に不安を感じる人は94.6％、ミルク・水の備えに課題 - meiji.co.jp <a href=\""https://news.google.com/rss/articles/CBMid0FVX3lxTFBzSFY5alIwLXJzNmxkV0ZOTHlwNkFZVDJOUUVJMzZHUFVxX29QRHk3NjlJdGgyYTlRcGwyRWRpbExaUlJ6bS01STdzSEFLb1FlRFo4dUoyNlNTRVpHYkpPNHJmZU1ueThDaHVzNlRlWDVuVm1qZTBJ?oc=5\"" target=\""_blank\"">乳幼児ママ・プレママの防災備蓄に関する実態調査 2026 防災意識は高いのに、赤ちゃんの備えは“手薄”に 乳幼児ママ・プレママの98.7％が「防災は重要」 一方、「十分に備蓄できている」はわずか3.4％ ～停電・断水時の授乳に不""}","{""method"": ""heuristic_keyword_classifier"", ""event_type_reason"": ""No strong keyword match"", ""marketing_intent_note"": ""Inference, not a verified fact.""}",[26],6663999599fef43f
65,明治,ステップ,明治ステップ,1-3,OTHER,2026-07-16,,"乳幼児ママ・プレママの防災備蓄に関する実態調査 2026 防災意識は高いのに、赤ちゃんの備えは“手薄”に 乳幼児ママ・プレママの98.7％が「防災は重要」 一方、「十分に備蓄できている」はわずか3.4％ ～停電・断水時の授乳に不安を感じる人は94.6％、ミルク・水の備えに課題 - meiji.co.jp: 乳幼児ママ・プレママの防災備蓄に関する実態調査 2026 防災意識は高いのに、赤ちゃんの備えは“手薄”に 乳幼児ママ・プレママの98.7％が「防災は重要」 一方、「十分に備蓄できている」はわずか3.4％ ～停電・断水時の授乳に不安を感じる人は94.6％、ミルク・水の備えに課題 - meiji.co.jp <a href=""https://news.googl...",乳幼児の保護者,十分に備蓄できている,,ニュース/PR,公開情報からの接触機会維持または企業情報発信,1,0.45,"{""title"": ""乳幼児ママ・プレママの防災備蓄に関する実態調査 2026 防災意識は高いのに、赤ちゃんの備えは“手薄”に 乳幼児ママ・プレママの98.7％が「防災は重要」 一方、「十分に備蓄できている」はわずか3.4％ ～停電・断水時の授乳に不安を感じる人は94.6％、ミルク・水の備えに課題 - meiji.co.jp"", ""url"": ""https://news.google.com/rss/articles/CBMid0FVX3lxTFBzSFY5alIwLXJzNmxkV0ZOTHlwNkFZVDJOUUVJMzZHUFVxX29QRHk3NjlJdGgyYTlRcGwyRWRpbExaUlJ6bS01STdzSEFLb1FlRFo4dUoyNlNTRVpHYkpPNHJmZU1ueThDaHVzNlRlWDVuVm1qZTBJ?oc=5"", ""source_type"": ""news_pr"", ""published_at"": ""2026-07-16"", ""matched_text"": ""乳幼児ママ・プレママの防災備蓄に関する実態調査 2026 防災意識は高いのに、赤ちゃんの備えは“手薄”に 乳幼児ママ・プレママの98.7％が「防災は重要」 一方、「十分に備蓄できている」はわずか3.4％ ～停電・断水時の授乳に不安を感じる人は94.6％、ミルク・水の備えに課題 - meiji.co.jp <a href=\""https://news.google.com/rss/articles/CBMid0FVX3lxTFBzSFY5alIwLXJzNmxkV0ZOTHlwNkFZVDJOUUVJMzZHUFVxX29QRHk3NjlJdGgyYTlRcGwyRWRpbExaUlJ6bS01STdzSEFLb1FlRFo4dUoyNlNTRVpHYkpPNHJmZU1ueThDaHVzNlRlWDVuVm1qZTBJ?oc=5\"" target=\""_blank\"">乳幼児ママ・プレママの防災備蓄に関する実態調査 2026 防災意識は高いのに、赤ちゃんの備えは“手薄”に 乳幼児ママ・プレママの98.7％が「防災は重要」 一方、「十分に備蓄できている」はわずか3.4％ ～停電・断水時の授乳に不""}","{""method"": ""heuristic_keyword_classifier"", ""event_type_reason"": ""No strong keyword match"", ""marketing_intent_note"": ""Inference, not a verified fact.""}",[42],b22f4c44899b10d9
66,明治,ほほえみ,明治ほほえみ,0-1,PR_ACTIVITY,2026-07-16,,"乳幼児ママ・プレママの防災備蓄に関する実態調査 2026：防災意識は高いのに、赤ちゃんの備えは“手薄”に。乳幼児ママ・プレママの98.7％が「防災は重要」一方、「十分に備蓄できている」はわずか3.4％ | 株式会社 明治のプレスリリース - PR TIMES: 乳幼児ママ・プレママの防災備蓄に関する実態調査 2026：防災意識は高いのに、赤ちゃんの備えは“手薄”に。乳幼児ママ・プレママの98.7％が「防災は重要」一方、「十分に備蓄できている」はわずか3.4％ | 株式会社 明治のプレスリリース - PR TIMES <a href=""https://news.google.com/rss/articles/CBMi...",乳幼児の保護者,十分に備蓄できている,,ニュース/PR,公開情報からの接触機会維持または企業情報発信,2,0.72,"{""title"": ""乳幼児ママ・プレママの防災備蓄に関する実態調査 2026：防災意識は高いのに、赤ちゃんの備えは“手薄”に。乳幼児ママ・プレママの98.7％が「防災は重要」一方、「十分に備蓄できている」はわずか3.4％ | 株式会社 明治のプレスリリース - PR TIMES"", ""url"": ""https://news.google.com/rss/articles/CBMiakFVX3lxTE1CYzRpTjY1SkRIY19ETUY3TllyTXdSQXNZaTNGM0JOUWlsRlBJSVF5VFgzM1FvdlBaRnVlaWVWWWVUZlBCUjU3WVZzci1jVWF4eTZOenFOaGZmYm5FRDVzTFlDSGQxN0pxWWc?oc=5"", ""source_type"": ""news_pr"", ""published_at"": ""2026-07-16"", ""matched_text"": ""乳幼児ママ・プレママの防災備蓄に関する実態調査 2026：防災意識は高いのに、赤ちゃんの備えは“手薄”に。乳幼児ママ・プレママの98.7％が「防災は重要」一方、「十分に備蓄できている」はわずか3.4％ | 株式会社 明治のプレスリリース - PR TIMES <a href=\""https://news.google.com/rss/articles/CBMiakFVX3lxTE1CYzRpTjY1SkRIY19ETUY3TllyTXdSQXNZaTNGM0JOUWlsRlBJSVF5VFgzM1FvdlBaRnVlaWVWWWVUZlBCUjU3WVZzci1jVWF4eTZOenFOaGZmYm5FRDVzTFlDSGQxN0pxWWc?oc=5\"" target=\""_blank\"">乳幼児ママ・プレママの防災備蓄に関する実態調査 2026：防災意識は高いのに、赤ちゃんの備えは“手薄”に。乳幼児ママ・プレママの98.7％が「防災は重要」一方、「十分に備蓄できている」はわずか3.4％ | 株式会社 明治のプレスリリース</a>&nbsp;&nbsp;<font color=\""#6f6f6f""}","{""method"": ""heuristic_keyword_classifier"", ""event_type_reason"": ""Matched keywords for PR_ACTIVITY"", ""marketing_intent_note"": ""Inference, not a verified fact.""}",[53],115e352077845b6f
67,明治,ステップ,明治ステップ,1-3,PR_ACTIVITY,2026-07-16,,"乳幼児ママ・プレママの防災備蓄に関する実態調査 2026：防災意識は高いのに、赤ちゃんの備えは“手薄”に。乳幼児ママ・プレママの98.7％が「防災は重要」一方、「十分に備蓄できている」はわずか3.4％ | 株式会社 明治のプレスリリース - PR TIMES: 乳幼児ママ・プレママの防災備蓄に関する実態調査 2026：防災意識は高いのに、赤ちゃんの備えは“手薄”に。乳幼児ママ・プレママの98.7％が「防災は重要」一方、「十分に備蓄できている」はわずか3.4％ | 株式会社 明治のプレスリリース - PR TIMES <a href=""https://news.google.com/rss/articles/CBMi...",乳幼児の保護者,十分に備蓄できている,,ニュース/PR,公開情報からの接触機会維持または企業情報発信,2,0.72,"{""title"": ""乳幼児ママ・プレママの防災備蓄に関する実態調査 2026：防災意識は高いのに、赤ちゃんの備えは“手薄”に。乳幼児ママ・プレママの98.7％が「防災は重要」一方、「十分に備蓄できている」はわずか3.4％ | 株式会社 明治のプレスリリース - PR TIMES"", ""url"": ""https://news.google.com/rss/articles/CBMiakFVX3lxTE1CYzRpTjY1SkRIY19ETUY3TllyTXdSQXNZaTNGM0JOUWlsRlBJSVF5VFgzM1FvdlBaRnVlaWVWWWVUZlBCUjU3WVZzci1jVWF4eTZOenFOaGZmYm5FRDVzTFlDSGQxN0pxWWc?oc=5"", ""source_type"": ""news_pr"", ""published_at"": ""2026-07-16"", ""matched_text"": ""乳幼児ママ・プレママの防災備蓄に関する実態調査 2026：防災意識は高いのに、赤ちゃんの備えは“手薄”に。乳幼児ママ・プレママの98.7％が「防災は重要」一方、「十分に備蓄できている」はわずか3.4％ | 株式会社 明治のプレスリリース - PR TIMES <a href=\""https://news.google.com/rss/articles/CBMiakFVX3lxTE1CYzRpTjY1SkRIY19ETUY3TllyTXdSQXNZaTNGM0JOUWlsRlBJSVF5VFgzM1FvdlBaRnVlaWVWWWVUZlBCUjU3WVZzci1jVWF4eTZOenFOaGZmYm5FRDVzTFlDSGQxN0pxWWc?oc=5\"" target=\""_blank\"">乳幼児ママ・プレママの防災備蓄に関する実態調査 2026：防災意識は高いのに、赤ちゃんの備えは“手薄”に。乳幼児ママ・プレママの98.7％が「防災は重要」一方、「十分に備蓄できている」はわずか3.4％ | 株式会社 明治のプレスリリース</a>&nbsp;&nbsp;<font color=\""#6f6f6f""}","{""method"": ""heuristic_keyword_classifier"", ""event_type_reason"": ""Matched keywords for PR_ACTIVITY"", ""marketing_intent_note"": ""Inference, not a verified fact.""}",[60],c113ec35ebadff98
68,明治,ほほえみ,明治ほほえみ,0-1,OTHER,2026-07-21,,"赤ちゃんの防災備蓄、「十分」はわずか3.4% - ミルク・水の備えに課題、「何を備えるかわからない」声も - マイナビニュース: 赤ちゃんの防災備蓄、「十分」はわずか3.4% - ミルク・水の備えに課題、「何を備えるかわからない」声も - マイナビニュース <a href=""https://news.google.com/rss/articles/CBMiXEFVX3lxTE5VRDUzeTB2ZDFkRXhrVVZEWjRxeDloMm9VR1dUUzZYU2JJaXBiY2RuSk...",乳幼児の保護者,何を備えるかわからない,,ニュース/PR,公開情報からの接触機会維持または企業情報発信,1,0.45,"{""title"": ""赤ちゃんの防災備蓄、「十分」はわずか3.4% - ミルク・水の備えに課題、「何を備えるかわからない」声も - マイナビニュース"", ""url"": ""https://news.google.com/rss/articles/CBMiXEFVX3lxTE5VRDUzeTB2ZDFkRXhrVVZEWjRxeDloMm9VR1dUUzZYU2JJaXBiY2RuSkhHcVFXaGIwdE5jTnNCTWg3bm5ERVR3c2M0ZFFTSkM3dVU1MEl4YlJkSE1L?oc=5"", ""source_type"": ""news_pr"", ""published_at"": ""2026-07-21"", ""matched_text"": ""赤ちゃんの防災備蓄、「十分」はわずか3.4% - ミルク・水の備えに課題、「何を備えるかわからない」声も - マイナビニュース <a href=\""https://news.google.com/rss/articles/CBMiXEFVX3lxTE5VRDUzeTB2ZDFkRXhrVVZEWjRxeDloMm9VR1dUUzZYU2JJaXBiY2RuSkhHcVFXaGIwdE5jTnNCTWg3bm5ERVR3c2M0ZFFTSkM3dVU1MEl4YlJkSE1L?oc=5\"" target=\""_blank\"">赤ちゃんの防災備蓄、「十分」はわずか3.4% - ミルク・水の備えに課題、「何を備えるかわからない」声も</a>&nbsp;&nbsp;<font color=\""#6f6f6f\"">マイナビニュース</font> ""}","{""method"": ""heuristic_keyword_classifier"", ""event_type_reason"": ""No strong keyword match"", ""marketing_intent_note"": ""Inference, not a verified fact.""}",[17],889e7e814b79eb5b
69,明治,ほほえみ,明治ほほえみ,0-1,ADVERTISING,2026-07-23,,"明治HD、2026年度営業利益1,000億円達成へ 中長期的には安定した国内事業の収益を元に海外で成長を加速 - ログミーFinance: 明治HD、2026年度営業利益1,000億円達成へ 中長期的には安定した国内事業の収益を元に海外で成長を加速 - ログミーFinance <a href=""https://news.google.com/rss/articles/CBMiUkFVX3lxTE02NVhqdzFRNFhSejJvYkdEajlPOFF4amJiX29JbXFDaEdZaDdCW...",乳幼児の保護者,,,ニュース/PR,認知拡大とブランド想起の獲得,3,0.72,"{""title"": ""明治HD、2026年度営業利益1,000億円達成へ 中長期的には安定した国内事業の収益を元に海外で成長を加速 - ログミーFinance"", ""url"": ""https://news.google.com/rss/articles/CBMiUkFVX3lxTE02NVhqdzFRNFhSejJvYkdEajlPOFF4amJiX29JbXFDaEdZaDdCWWxlVGxzWW56Qmt1a0YydUVMU0V2cmZaMUJNMVE4NzdzQ1dZdWc?oc=5"", ""source_type"": ""news_pr"", ""published_at"": ""2026-07-23"", ""matched_text"": ""明治HD、2026年度営業利益1,000億円達成へ 中長期的には安定した国内事業の収益を元に海外で成長を加速 - ログミーFinance <a href=\""https://news.google.com/rss/articles/CBMiUkFVX3lxTE02NVhqdzFRNFhSejJvYkdEajlPOFF4amJiX29JbXFDaEdZaDdCWWxlVGxzWW56Qmt1a0YydUVMU0V2cmZaMUJNMVE4NzdzQ1dZdWc?oc=5\"" target=\""_blank\"">明治HD、2026年度営業利益1,000億円達成へ 中長期的には安定した国内事業の収益を元に海外で成長を加速</a>&nbsp;&nbsp;<font color=\""#6f6f6f\"">ログミーFinance</font> ""}","{""method"": ""heuristic_keyword_classifier"", ""event_type_reason"": ""Matched keywords for ADVERTISING"", ""marketing_intent_note"": ""Inference, not a verified fact.""}",[27],c9a14d38634c8041
70,明治,ほほえみ,明治ほほえみ,0-1,PR_ACTIVITY,2026-08-04,,"妊婦7人に1人「気まずい」マタニティマーク 社会と妊婦の心理的距離を縮めるデザインをBabiewが配布開始 - PR TIMES: 妊婦7人に1人「気まずい」マタニティマーク 社会と妊婦の心理的距離を縮めるデザインをBabiewが配布開始 - PR TIMES <a href=""https://news.google.com/rss/articles/CBMiakFVX3lxTFB1UVZTUm02T1Q0MkloNjJiZ1B6djB3VHJINUFFUlFYTUFNaWlqb0lUZ...",乳幼児の保護者,,,ニュース/PR,公開情報からの接触機会維持または企業情報発信,2,0.72,"{""title"": ""妊婦7人に1人「気まずい」マタニティマーク 社会と妊婦の心理的距離を縮めるデザインをBabiewが配布開始 - PR TIMES"", ""url"": ""https://news.google.com/rss/articles/CBMiakFVX3lxTFB1UVZTUm02T1Q0MkloNjJiZ1B6djB3VHJINUFFUlFYTUFNaWlqb0lUZXpmeWdreWZxcldTRU9Td2dzZlNXZmEwM1BTeTlBeXE1N2pyYnVCdExUb2d1VHc2RDUyaW96bzlfd2c?oc=5"", ""source_type"": ""news_pr"", ""published_at"": ""2026-08-04"", ""matched_text"": ""妊婦7人に1人「気まずい」マタニティマーク 社会と妊婦の心理的距離を縮めるデザインをBabiewが配布開始 - PR TIMES <a href=\""https://news.google.com/rss/articles/CBMiakFVX3lxTFB1UVZTUm02T1Q0MkloNjJiZ1B6djB3VHJINUFFUlFYTUFNaWlqb0lUZXpmeWdreWZxcldTRU9Td2dzZlNXZmEwM1BTeTlBeXE1N2pyYnVCdExUb2d1VHc2RDUyaW96bzlfd2c?oc=5\"" target=\""_blank\"">妊婦7人に1人「気まずい」マタニティマーク 社会と妊婦の心理的距離を縮めるデザインをBabiewが配布開始</a>&nbsp;&nbsp;<font color=\""#6f6f6f\"">PR TIMES</font> ""}","{""method"": ""heuristic_keyword_classifier"", ""event_type_reason"": ""Matched keywords for PR_ACTIVITY"", ""marketing_intent_note"": ""Inference, not a verified fact.""}",[30],ef5f681bb5ec2a78
71,森永乳業,はぐくみ,森永はぐくみ,0-1,PR_ACTIVITY,2026-08-06,,"ZACROS、中国現地法人「賽諾世精密材料（無錫）有限公司」開所について - PR TIMES: ZACROS、中国現地法人「賽諾世精密材料（無錫）有限公司」開所について - PR TIMES <a href=""https://news.google.com/rss/articles/CBMiakFVX3lxTFA3NmV5MktCbXZseDRsaGYyeXQ1ZkoxU0FhdHFBQ2c5X21EVkdNZ19BaTRUWHIwZS1mb19oX3...",乳幼児の保護者,賽諾世精密材料（無錫）有限公司,,ニュース/PR,公開情報からの接触機会維持または企業情報発信,2,0.72,"{""title"": ""ZACROS、中国現地法人「賽諾世精密材料（無錫）有限公司」開所について - PR TIMES"", ""url"": ""https://news.google.com/rss/articles/CBMiakFVX3lxTFA3NmV5MktCbXZseDRsaGYyeXQ1ZkoxU0FhdHFBQ2c5X21EVkdNZ19BaTRUWHIwZS1mb19oX3B2NWdnbG14NXRrbUFSOUs3aThsWFlJZmtTWExjZUZCeUtycG1HNzZuS0VTNXc?oc=5"", ""source_type"": ""news_pr"", ""published_at"": ""2026-08-06"", ""matched_text"": ""ZACROS、中国現地法人「賽諾世精密材料（無錫）有限公司」開所について - PR TIMES <a href=\""https://news.google.com/rss/articles/CBMiakFVX3lxTFA3NmV5MktCbXZseDRsaGYyeXQ1ZkoxU0FhdHFBQ2c5X21EVkdNZ19BaTRUWHIwZS1mb19oX3B2NWdnbG14NXRrbUFSOUs3aThsWFlJZmtTWExjZUZCeUtycG1HNzZuS0VTNXc?oc=5\"" target=\""_blank\"">ZACROS、中国現地法人「賽諾世精密材料（無錫）有限公司」開所について</a>&nbsp;&nbsp;<font color=\""#6f6f6f\"">PR TIMES</font> ""}","{""method"": ""heuristic_keyword_classifier"", ""event_type_reason"": ""Matched keywords for PR_ACTIVITY"", ""marketing_intent_note"": ""Inference, not a verified fact.""}",[64],215c3aa35b3dbf90
72,明治,ほほえみ,明治ほほえみ,0-1,OTHER,,,"ãææ²»ã»ã»ãã¿ãç²ãã«ã¯ã»æ¶²ä½ãã«ã¯ã»ããããã­ã¥ã¼ãã®å¬å¼ãµã¤ãï½æ ªå¼ä¼ç¤¾ ææ²» - Meiji Co., Ltd.: ãææ²»ã»ã»ãã¿ãç²ãã«ã¯ã»æ¶²ä½ãã«ã¯ã»ããããã­ã¥ã¼ãã®å ¬å¼ãµã¤ãï½æ ªå¼ä¼ç¤¾ ææ²» - Meiji Co., Ltd. ãææ²»ã»ã»ãã¿ãç²ãã«ã¯ã»æ...",乳幼児の保護者,,,公式サイト,公開情報からの接触機会維持または企業情報発信,1,0.45,"{""title"": ""ãææ²»ã»ã»ãã¿ãç²ãã«ã¯ã»æ¶²ä½ãã«ã¯ã»ããããã­ã¥ã¼ãã®å¬å¼ãµã¤ãï½æ ªå¼ä¼ç¤¾ ææ²» - Meiji Co., Ltd."", ""url"": ""https://www.meiji.co.jp/baby/hohoemi/"", ""source_type"": ""official_site"", ""published_at"": null, ""matched_text"": ""ãææ²»ã»ã»ãã¿ãç²ãã«ã¯ã»æ¶²ä½ãã«ã¯ã»ããããã­ã¥ã¼ãã®å¬å¼ãµã¤ãï½æ ªå¼ä¼ç¤¾ ææ²» - Meiji Co., Ltd. ãææ²»ã»ã»ãã¿ãç²ãã«ã¯ã»æ¶²ä½ãã«ã¯ã»ããããã­ã¥ã¼ãã®å ¬å¼ãµã¤ãï½æ ªå¼ä¼ç¤¾ ææ²» - Meiji Co., Ltd. æ¤ç´¢ ã¡ãã¥ã¼ ååæ å ± ååæ å ±TOP ä¹³è£½å ãã§ã³ã¬ã¼ãã»ã°ã ã¢ã¤ã¹ã»èª¿çé£å ä¹³å ã»å¹¼å ç¨åå ã¹ãã¼ãæ é¤ ç¾å ãææ²»ã»ã»ãã¿ãç²ãã«ã¯ã»æ¶²ä½ãã«ã¯ã»ã""}","{""method"": ""heuristic_keyword_classifier"", ""event_type_reason"": ""No strong keyword match"", ""marketing_intent_note"": ""Inference, not a verified fact.""}",[1],4ba8d43304a134e8
73,明治,ほほえみ,明治ほほえみ,0-1,OTHER,,,"ã­ã£ã³ãã¼ã³ | æ ªå¼ä¼ç¤¾ ææ²» - Meiji Co., Ltd.: ã­ã£ã³ãã¼ã³ | æ ªå¼ä¼ç¤¾ ææ²» - Meiji Co., Ltd. ã­ã£ã³ãã¼ã³ | æ ªå¼ä¼ç¤¾ ææ²» - Meiji Co., Ltd. æ¤ç´¢ ã¡ãã¥ã¼ ååæ å ± ååæ å ±TOP ä¹³è£½å ã...",乳幼児の保護者,,,公式サイト,公開情報からの接触機会維持または企業情報発信,1,0.45,"{""title"": ""ã­ã£ã³ãã¼ã³ | æ ªå¼ä¼ç¤¾ ææ²» - Meiji Co., Ltd."", ""url"": ""https://www.meiji.co.jp/campaign/"", ""source_type"": ""official_site"", ""published_at"": null, ""matched_text"": ""ã­ã£ã³ãã¼ã³ | æ ªå¼ä¼ç¤¾ ææ²» - Meiji Co., Ltd. ã­ã£ã³ãã¼ã³ | æ ªå¼ä¼ç¤¾ ææ²» - Meiji Co., Ltd. æ¤ç´¢ ã¡ãã¥ã¼ ååæ å ± ååæ å ±TOP ä¹³è£½å ãã§ã³ã¬ã¼ãã»ã°ã ã¢ã¤ã¹ã»èª¿çé£å ä¹³å ã»å¹¼å ç¨åå ã¹ãã¼ãæ é¤ ç¾å®¹ã»å¥åº· æ é¤é£åã»æµåé£ å® é åå æ°åå ãã©ã³ããµã¤ã ã­ã£ã³ãã¼ã³ | æ ªå¼ä¼ç¤¾ ææ²» - Meiji Co., Ltd. æ¤ç´¢ ã¡ãã¥ã¼ ååæ å ± ååæ å ±TOP ä¹³è£½å ãã§ã³ã¬ã¼ãã»ã""}","{""method"": ""heuristic_keyword_classifier"", ""event_type_reason"": ""No strong keyword match"", ""marketing_intent_note"": ""Inference, not a verified fact.""}",[2],68a100996effa795
74,明治,ほほえみ,明治ほほえみ,0-1,OTHER,,,"ææ²» ãã¬ããããå¹¼åæã¾ã§ ã¤ãªãããã¤ã³ãã­ã£ã³ãã¼ã³ | æ ªå¼ä¼ç¤¾ææ²»âMeijiCo.,Ltd.: ææ²» ãã¬ããããå¹¼å æã¾ã§ ã¤ãªãããã¤ã³ãã­ã£ã³ãã¼ã³ | æ ªå¼ä¼ç¤¾ææ²»âMeijiCo.,Ltd. ææ²» ãã¬ããããå¹¼å æã¾ã§ ã¤ãªãããã¤...",乳幼児の保護者,,,公式サイト,公開情報からの接触機会維持または企業情報発信,1,0.45,"{""title"": ""ææ²» ãã¬ããããå¹¼åæã¾ã§ ã¤ãªãããã¤ã³ãã­ã£ã³ãã¼ã³ | æ ªå¼ä¼ç¤¾ææ²»âMeijiCo.,Ltd."", ""url"": ""https://www.meiji.co.jp/baby/cmp/close2609/?link=hce26071504"", ""source_type"": ""official_site"", ""published_at"": null, ""matched_text"": ""ææ²» ãã¬ããããå¹¼åæã¾ã§ ã¤ãªãããã¤ã³ãã­ã£ã³ãã¼ã³ | æ ªå¼ä¼ç¤¾ææ²»âMeijiCo.,Ltd. ææ²» ãã¬ããããå¹¼å æã¾ã§ ã¤ãªãããã¤ã³ãã­ã£ã³ãã¼ã³ | æ ªå¼ä¼ç¤¾ææ²»âMeijiCo.,Ltd. æ¤ç´¢ ã¡ãã¥ã¼ ååæ å ± ååæ å ±TOP ä¹³è£½å ãã§ã³ã¬ã¼ãã»ã°ã ã¢ã¤ã¹ã»èª¿çé£å ä¹³å ã»å¹¼å ç¨åå ã¹ãã¼ãæ é¤ ç¾å®¹ã»å¥åº· æ é¤é ææ²» ãã¬ããããå¹¼å æã¾ã§ ã¤ãªãããã¤ã³ãã­ã£ã³ãã""}","{""method"": ""heuristic_keyword_classifier"", ""event_type_reason"": ""No strong keyword match"", ""marketing_intent_note"": ""Inference, not a verified fact.""}",[3],885494c9a299df53
75,明治,ほほえみ,明治ほほえみ,0-1,OTHER,,,"ããã ã¦MINNAdeãã­ã¸ã§ã¯ãï½æ ªå¼ä¼ç¤¾ ææ²» - Meiji Co., Ltd.: ããã ã¦MINNAdeãã­ã¸ã§ã¯ãï½æ ªå¼ä¼ç¤¾ ææ²» - Meiji Co., Ltd. ããã ã¦MINNAdeãã­ã¸ã§ã¯ãï½æ ªå¼ä¼ç¤¾ ææ²» - Meiji Co., Ltd. æ¤ç´¢ ã¡ãã¥ã¼ åå...",乳幼児の保護者,,,公式サイト,公開情報からの接触機会維持または企業情報発信,1,0.45,"{""title"": ""ããã ã¦MINNAdeãã­ã¸ã§ã¯ãï½æ ªå¼ä¼ç¤¾ ææ²» - Meiji Co., Ltd."", ""url"": ""https://www.meiji.co.jp/baby/kosodateminnade/local/?utm_source=owned&utm_medium=banner&utm_campaign=kosodateminnade_local_hohoemi"", ""source_type"": ""official_site"", ""published_at"": null, ""matched_text"": ""ããã ã¦MINNAdeãã­ã¸ã§ã¯ãï½æ ªå¼ä¼ç¤¾ ææ²» - Meiji Co., Ltd. ããã ã¦MINNAdeãã­ã¸ã§ã¯ãï½æ ªå¼ä¼ç¤¾ ææ²» - Meiji Co., Ltd. æ¤ç´¢ ã¡ãã¥ã¼ ååæ å ± ååæ å ±TOP ä¹³è£½å ãã§ã³ã¬ã¼ãã»ã°ã ã¢ã¤ã¹ã»èª¿çé£å ä¹³å ã»å¹¼å ç¨åå ã¹ãã¼ãæ é¤ ç¾å®¹ã»å¥åº· æ é¤é£åã»æµåé£ å® é åå æ°åå ã ããã ã¦MINNAdeãã­ã¸ã§ã¯ãï½æ ªå¼ä¼ç¤¾ ææ²» - Meiji Co., Ltd. æ¤ç´¢ ã¡ãã¥ã¼ ååæ å ± ååæ å""}","{""method"": ""heuristic_keyword_classifier"", ""event_type_reason"": ""No strong keyword match"", ""marketing_intent_note"": ""Inference, not a verified fact.""}",[4],1b5c2a5271889b90
76,明治,ほほえみ,明治ほほえみ,0-1,OTHER,,,ç°å¢ã«éæ®ããåãçµã¿ï½æ ªå¼ä¼ç¤¾ ææ²»: ç°å¢ã«é æ ®ããåãçµã¿ï½æ ªå¼ä¼ç¤¾ ææ²» ç°å¢ã«é æ ®ããåãçµã¿ï½æ ªå¼ä¼ç¤¾ ææ²» æ¤ç´¢ ã¡ãã¥ã¼ ååæ å ± ååæ å ±TOP ä¹³è£½å ãã§ã³...,乳幼児の保護者,,,公式サイト,公開情報からの接触機会維持または企業情報発信,1,0.45,"{""title"": ""ç°å¢ã«éæ®ããåãçµã¿ï½æ ªå¼ä¼ç¤¾ ææ²»"", ""url"": ""https://www.meiji.co.jp/baby/hohoemi/powder/eco/?utm_source=owned&utm_medium=banner&utm_campaign=eco_hohoemi"", ""source_type"": ""official_site"", ""published_at"": null, ""matched_text"": ""ç°å¢ã«éæ®ããåãçµã¿ï½æ ªå¼ä¼ç¤¾ ææ²» ç°å¢ã«é æ ®ããåãçµã¿ï½æ ªå¼ä¼ç¤¾ ææ²» æ¤ç´¢ ã¡ãã¥ã¼ ååæ å ± ååæ å ±TOP ä¹³è£½å ãã§ã³ã¬ã¼ãã»ã°ã ã¢ã¤ã¹ã»èª¿çé£å ä¹³å ã»å¹¼å ç¨åå ã¹ãã¼ãæ é¤ ç¾å®¹ã»å¥åº· æ é¤é£åã»æµåé£ å® é åå æ°åå ãã©ã³ããµã¤ãä¸ ç°å¢ã«é æ ®ããåãçµã¿ï½æ ªå¼ä¼ç¤¾ ææ²» æ¤ç´¢ ã¡ãã¥ã¼ ååæ å ± ååæ å ±TOP ä¹³è£½å ãã§ã³ã¬ã¼ãã»ã°ã ""}","{""method"": ""heuristic_keyword_classifier"", ""event_type_reason"": ""No strong keyword match"", ""marketing_intent_note"": ""Inference, not a verified fact.""}",[5],24e73a08db73ac4d
77,明治,ステップ,明治ステップ,1-3,OTHER,,,"ãææ²»ã¹ãããã ç²ãã«ã¯ã»æ¶²ä½ãã«ã¯ã»ããããã­ã¥ã¼ãï½æ ªå¼ä¼ç¤¾ ææ²» - Meiji Co., Ltd.: ãææ²»ã¹ãããã ç²ãã«ã¯ã»æ¶²ä½ãã«ã¯ã»ããããã­ã¥ã¼ãï½æ ªå¼ä¼ç¤¾ ææ²» - Meiji Co., Ltd. ãææ²»ã¹ãããã ç²ãã«ã¯ã»æ¶²ä½ãã«ã¯ã...",乳幼児の保護者,,,公式サイト,公開情報からの接触機会維持または企業情報発信,1,0.45,"{""title"": ""ãææ²»ã¹ãããã ç²ãã«ã¯ã»æ¶²ä½ãã«ã¯ã»ããããã­ã¥ã¼ãï½æ ªå¼ä¼ç¤¾ ææ²» - Meiji Co., Ltd."", ""url"": ""https://www.meiji.co.jp/baby/step/"", ""source_type"": ""official_site"", ""published_at"": null, ""matched_text"": ""ãææ²»ã¹ãããã ç²ãã«ã¯ã»æ¶²ä½ãã«ã¯ã»ããããã­ã¥ã¼ãï½æ ªå¼ä¼ç¤¾ ææ²» - Meiji Co., Ltd. ãææ²»ã¹ãããã ç²ãã«ã¯ã»æ¶²ä½ãã«ã¯ã»ããããã­ã¥ã¼ãï½æ ªå¼ä¼ç¤¾ ææ²» - Meiji Co., Ltd. æ¤ç´¢ ã¡ãã¥ã¼ ååæ å ± ååæ å ±TOP ä¹³è£½å ãã§ã³ã¬ã¼ãã»ã°ã ã¢ã¤ã¹ã»èª¿çé£å ä¹³å ã»å¹¼å ç¨åå ã¹ãã¼ãæ é¤ ç¾å®¹ã»å¥åº· æ é¤ ãææ²»ã¹ãããã ç²ãã«ã¯ã»æ¶²ä½ãã«ã¯ã»ããããã­ã¥""}","{""method"": ""heuristic_keyword_classifier"", ""event_type_reason"": ""No strong keyword match"", ""marketing_intent_note"": ""Inference, not a verified fact.""}",[31],42e96772ca193c34
78,明治,ステップ,明治ステップ,1-3,OTHER,,,"ã­ã£ã³ãã¼ã³ | æ ªå¼ä¼ç¤¾ ææ²» - Meiji Co., Ltd.: ã­ã£ã³ãã¼ã³ | æ ªå¼ä¼ç¤¾ ææ²» - Meiji Co., Ltd. ã­ã£ã³ãã¼ã³ | æ ªå¼ä¼ç¤¾ ææ²» - Meiji Co., Ltd. æ¤ç´¢ ã¡ãã¥ã¼ ååæ å ± ååæ å ±TOP ä¹³è£½å ã...",乳幼児の保護者,,,公式サイト,公開情報からの接触機会維持または企業情報発信,1,0.45,"{""title"": ""ã­ã£ã³ãã¼ã³ | æ ªå¼ä¼ç¤¾ ææ²» - Meiji Co., Ltd."", ""url"": ""https://www.meiji.co.jp/campaign/"", ""source_type"": ""official_site"", ""published_at"": null, ""matched_text"": ""ã­ã£ã³ãã¼ã³ | æ ªå¼ä¼ç¤¾ ææ²» - Meiji Co., Ltd. ã­ã£ã³ãã¼ã³ | æ ªå¼ä¼ç¤¾ ææ²» - Meiji Co., Ltd. æ¤ç´¢ ã¡ãã¥ã¼ ååæ å ± ååæ å ±TOP ä¹³è£½å ãã§ã³ã¬ã¼ãã»ã°ã ã¢ã¤ã¹ã»èª¿çé£å ä¹³å ã»å¹¼å ç¨åå ã¹ãã¼ãæ é¤ ç¾å®¹ã»å¥åº· æ é¤é£åã»æµåé£ å® é åå æ°åå ãã©ã³ããµã¤ã ã­ã£ã³ãã¼ã³ | æ ªå¼ä¼ç¤¾ ææ²» - Meiji Co., Ltd. æ¤ç´¢ ã¡ãã¥ã¼ ååæ å ± ååæ å ±TOP ä¹³è£½å ãã§ã³ã¬ã¼ãã»ã""}","{""method"": ""heuristic_keyword_classifier"", ""event_type_reason"": ""No strong keyword match"", ""marketing_intent_note"": ""Inference, not a verified fact.""}",[32],494864a2b21affa6
79,明治,ステップ,明治ステップ,1-3,OTHER,,,ãææ²»ãããããã«ã¯ãã·ãªã¼ãº 120mlã200mlããä½¿ç¨ã®ãå®¢æ§ã¸ï½æ ªå¼ä¼ç¤¾ ææ²»: ãææ²»ãããããã«ã¯ãã·ãªã¼ãº 120mlã200mlããä½¿ç¨ã®ãå®¢æ§ã¸ï½æ ªå¼ä¼ç¤¾ ææ²» ãææ²»ãããããã«ã¯ãã·ãªã¼ãº 120mlã200mlããä½¿ç¨...,乳幼児の保護者,,,公式サイト,公開情報からの接触機会維持または企業情報発信,1,0.45,"{""title"": ""ãææ²»ãããããã«ã¯ãã·ãªã¼ãº 120mlã200mlããä½¿ç¨ã®ãå®¢æ§ã¸ï½æ ªå¼ä¼ç¤¾ ææ²»"", ""url"": ""https://www.meiji.co.jp/baby/hohoemi/rakurakumilk/caution/?utm_source=owned&utm_medium=banner&utm_campaign=top_step"", ""source_type"": ""official_site"", ""published_at"": null, ""matched_text"": ""ãææ²»ãããããã«ã¯ãã·ãªã¼ãº 120mlã200mlããä½¿ç¨ã®ãå®¢æ§ã¸ï½æ ªå¼ä¼ç¤¾ ææ²» ãææ²»ãããããã«ã¯ãã·ãªã¼ãº 120mlã200mlããä½¿ç¨ã®ãå®¢æ§ã¸ï½æ ªå¼ä¼ç¤¾ ææ²» æ¤ç´¢ ã¡ãã¥ã¼ ååæ å ± ååæ å ±TOP ä¹³è£½å ãã§ã³ã¬ã¼ãã»ã°ã ã¢ã¤ã¹ã»èª¿çé£å ä¹³å ã»å¹¼å ç¨åå ã¹ãã¼ãæ é¤ ç¾å®¹ã»å¥åº· æ é¤é£åã»æµå ãææ²»ãããããã«ã¯ãã·ãªã¼ãº 120mlã200mlããä½¿ç¨ã®ãå®¢æ§ã¸ï½æ""}","{""method"": ""heuristic_keyword_classifier"", ""event_type_reason"": ""No strong keyword match"", ""marketing_intent_note"": ""Inference, not a verified fact.""}",[33],d71357c9fbf22014
80,明治,ステップ,明治ステップ,1-3,OTHER,,,"ææ²» ãã¬ããããå¹¼åæã¾ã§ ã¤ãªãããã¤ã³ãã­ã£ã³ãã¼ã³ | æ ªå¼ä¼ç¤¾ææ²»âMeijiCo.,Ltd.: ææ²» ãã¬ããããå¹¼å æã¾ã§ ã¤ãªãããã¤ã³ãã­ã£ã³ãã¼ã³ | æ ªå¼ä¼ç¤¾ææ²»âMeijiCo.,Ltd. ææ²» ãã¬ããããå¹¼å æã¾ã§ ã¤ãªãããã¤...",乳幼児の保護者,,,公式サイト,公開情報からの接触機会維持または企業情報発信,1,0.45,"{""title"": ""ææ²» ãã¬ããããå¹¼åæã¾ã§ ã¤ãªãããã¤ã³ãã­ã£ã³ãã¼ã³ | æ ªå¼ä¼ç¤¾ææ²»âMeijiCo.,Ltd."", ""url"": ""https://www.meiji.co.jp/baby/cmp/close2609/?link=hce26071502"", ""source_type"": ""official_site"", ""published_at"": null, ""matched_text"": ""ææ²» ãã¬ããããå¹¼åæã¾ã§ ã¤ãªãããã¤ã³ãã­ã£ã³ãã¼ã³ | æ ªå¼ä¼ç¤¾ææ²»âMeijiCo.,Ltd. ææ²» ãã¬ããããå¹¼å æã¾ã§ ã¤ãªãããã¤ã³ãã­ã£ã³ãã¼ã³ | æ ªå¼ä¼ç¤¾ææ²»âMeijiCo.,Ltd. æ¤ç´¢ ã¡ãã¥ã¼ ååæ å ± ååæ å ±TOP ä¹³è£½å ãã§ã³ã¬ã¼ãã»ã°ã ã¢ã¤ã¹ã»èª¿çé£å ä¹³å ã»å¹¼å ç¨åå ã¹ãã¼ãæ é¤ ç¾å®¹ã»å¥åº· æ é¤é ææ²» ãã¬ããããå¹¼å æã¾ã§ ã¤ãªãããã¤ã³ãã­ã£ã³ãã""}","{""method"": ""heuristic_keyword_classifier"", ""event_type_reason"": ""No strong keyword match"", ""marketing_intent_note"": ""Inference, not a verified fact.""}",[34],c689eb1725089346
81,明治,ステップ,明治ステップ,1-3,OTHER,,,"ï½æå¤§30,000ååã®JCBã®ããã«ã¼ããå½ãã!ï½ãææ²»ã®æ é¤é£åã­ã£ã³ãã¼ã³ | ææ²»ã¡ã¤ãã©ã³ã¹ | æ ªå¼ä¼ç¤¾ ææ²» - Meiji Co., Ltd.: ï½æå¤§30,000ååã®JCBã®ããã«ã¼ããå½ãã!ï½ãææ²»ã®æ é¤é£åã­ã£ã³ãã¼ã³ | ææ²»ã¡ã¤ãã©ã³ã¹ | æ ªå¼ä¼ç¤¾ ææ²» - Meiji Co., Ltd. ï½æå¤§...",乳幼児の保護者,,,公式サイト,公開情報からの接触機会維持または企業情報発信,1,0.45,"{""title"": ""ï½æå¤§30,000ååã®JCBã®ããã«ã¼ããå½ãã!ï½ãææ²»ã®æ é¤é£åã­ã£ã³ãã¼ã³ | ææ²»ã¡ã¤ãã©ã³ã¹ | æ ªå¼ä¼ç¤¾ ææ²» - Meiji Co., Ltd."", ""url"": ""https://www.meiji.co.jp/meiji-eiyoucare/products/nutritionfood/meibalance/cmp/close2606/"", ""source_type"": ""official_site"", ""published_at"": null, ""matched_text"": ""ï½æå¤§30,000ååã®JCBã®ããã«ã¼ããå½ãã!ï½ãææ²»ã®æ é¤é£åã­ã£ã³ãã¼ã³ | ææ²»ã¡ã¤ãã©ã³ã¹ | æ ªå¼ä¼ç¤¾ ææ²» - Meiji Co., Ltd. ï½æå¤§30,000ååã®JCBã®ããã«ã¼ããå½ãã!ï½ãææ²»ã®æ é¤é£åã­ã£ã³ãã¼ã³ | ææ²»ã¡ã¤ãã©ã³ã¹ | æ ªå¼ä¼ç¤¾ ææ²» - Meiji Co., Ltd. æ¤ç´¢ ã¡ãã¥ã¼ ååæ å ± ååæ å ±TOP ä¹³è£½å ãã§ã³ã¬ã¼ãã»ã°ã ã¢ã¤ã¹ã»èª¿çé£å ä¹³å ã»å¹¼å ç ï½æå¤§30,000ååã®JCBã""}","{""method"": ""heuristic_keyword_classifier"", ""event_type_reason"": ""No strong keyword match"", ""marketing_intent_note"": ""Inference, not a verified fact.""}",[35],08b04411e64a1772
82,森永乳業,はぐくみ,森永はぐくみ,0-1,OTHER,,,ã¯ããã¿ï½ååæå ±ï½å¦å¨ ã»è²åæå ±ãµã¤ããã¯ããã¿ãï½æ£®æ°¸ä¹³æ¥­æ ªå¼ä¼ç¤¾: ã¯ããã¿ï½ååæ å ±ï½å¦å¨ ã»è²å æ å ±ãµã¤ããã¯ããã¿ãï½æ£®æ°¸ä¹³æ¥­æ ªå¼ä¼ç¤¾ ã¯ããã¿ï½ååæ å ±ï½å¦å¨ ã»è²å æ å ±ãµã¤ããã¯ããã...,乳幼児の保護者,,,公式サイト,公開情報からの接触機会維持または企業情報発信,1,0.45,"{""title"": ""ã¯ããã¿ï½ååæå ±ï½å¦å¨ ã»è²åæå ±ãµã¤ããã¯ããã¿ãï½æ£®æ°¸ä¹³æ¥­æ ªå¼ä¼ç¤¾"", ""url"": ""https://www.hagukumi.ne.jp/products/hagukumi/"", ""source_type"": ""official_site"", ""published_at"": null, ""matched_text"": ""ã¯ããã¿ï½ååæå ±ï½å¦å¨ ã»è²åæå ±ãµã¤ããã¯ããã¿ãï½æ£®æ°¸ä¹³æ¥­æ ªå¼ä¼ç¤¾ ã¯ããã¿ï½ååæ å ±ï½å¦å¨ ã»è²å æ å ±ãµã¤ããã¯ããã¿ãï½æ£®æ°¸ä¹³æ¥­æ ªå¼ä¼ç¤¾ æ£®æ°¸ã®ã³ã¢ãã©ã³ããã«ã¯ æ£®æ°¸ã¯ããã¿ 0ãµæï½1æ­³é ã¾ã§ æ¯ä¹³ããææ¬ã® æ é¤ãã©ã³ã¹ã¨ èµ¤ã¡ããã® ããªããèããæå ä¹³å è ¸å ç´°èå¢ã¢ã ã¯ããã¿ï½ååæ å ±ï½å¦å¨ ã»è²å æ å ±ãµã¤ããã¯ããã¿ãï½æ£®æ°¸ä¹³æ¥­""}","{""method"": ""heuristic_keyword_classifier"", ""event_type_reason"": ""No strong keyword match"", ""marketing_intent_note"": ""Inference, not a verified fact.""}",[45],b3d46daacd848d6f
83,アサヒグループ食品／和光堂,はいはい,レーベンスミルク はいはい,0-1,OTHER,,,[xX~N Í¢Í¢b¤iîñb£ûHA²~NAxr[t[hÌaõ°: [xX~N Í¢Í¢b¤iîñb£ûHA²~NAxr[t[hÌaõ° [xX~N Í¢Í¢b¤iîñb£ûHA²~NAxr[t[hÌaõ° j [ ¤iîñ îÅT·...,乳幼児の保護者,,,公式サイト,公開情報からの接触機会維持または企業情報発信,1,0.45,"{""title"": ""[xX~N Í¢Í¢b¤iîñb£ûHA²~NAxr[t[hÌaõ°"", ""url"": ""https://www.wakodo.co.jp/product/babyfood/milk/haihai/"", ""source_type"": ""official_site"", ""published_at"": null, ""matched_text"": ""[xX~N Í¢Í¢b¤iîñb£ûHA²~NAxr[t[hÌaõ° [xX~N Í¢Í¢b¤iîñb£ûHA²~NAxr[t[hÌaõ° j [ ¤iîñ îÅT· Ly[îñ aõ°Xg[[ i¿ÖÌ±¾íè ´Þ¿îñ æµXÜõ ¨â¢í¹ / æ­¢½¾­²¿â í±¿áñJtF English ¶ tiếng Việt z[ > ¤iîñ > ~N > [xX~N [xX~N Í¢Í¢b¤iîñb£ûHA²~NAxr[t[hÌaõ° j [ ¤iîñ îÅT· Ly[îñ ""}","{""method"": ""heuristic_keyword_classifier"", ""event_type_reason"": ""No strong keyword match"", ""marketing_intent_note"": ""Inference, not a verified fact.""}",[66],9eba64975d20a8d5
84,アサヒグループ食品／和光堂,ぐんぐん,フォローアップミルク ぐんぐん,1-3,OTHER,,,tH[Abv~N  ®ñ®ñb¤iîñb£ûHA²~NAxr[t[hÌaõ°: tH[Abv~N ®ñ®ñb¤iîñb£ûHA²~NAxr[t[hÌaõ° tH[Abv~N ®ñ®ñb¤iîñb£ûHA²~NAxr[t[hÌaõ° j [ ¤iîñ ...,乳幼児の保護者,,,公式サイト,公開情報からの接触機会維持または企業情報発信,1,0.45,"{""title"": ""tH[Abv~N  ®ñ®ñb¤iîñb£ûHA²~NAxr[t[hÌaõ°"", ""url"": ""https://www.wakodo.co.jp/product/babyfood/milk/gungun/"", ""source_type"": ""official_site"", ""published_at"": null, ""matched_text"": ""tH[Abv~N  ®ñ®ñb¤iîñb£ûHA²~NAxr[t[hÌaõ° tH[Abv~N ®ñ®ñb¤iîñb£ûHA²~NAxr[t[hÌaõ° j [ ¤iîñ îÅT· Ly[îñ aõ°Xg[[ i¿ÖÌ±¾íè ´Þ¿îñ æµXÜõ ¨â¢í¹ / æ­¢½¾­²¿â í±¿áñJtF English ¶ tiếng Việt z[ > ¤iîñ > ~N > tH[Ab tH[Abv~N ®ñ®ñb¤iîñb£ûHA²~NAxr[t[hÌaõ° j [ ¤iîñ îÅT· Ly""}","{""method"": ""heuristic_keyword_classifier"", ""event_type_reason"": ""No strong keyword match"", ""marketing_intent_note"": ""Inference, not a verified fact.""}",[67],87f45f646054f8ca
