id,document_id,company,brand,product,age_segment,page_url,asset_url,asset_type,alt_text,creative_text,width,height,is_landing_page_candidate,confidence,collected_at,metadata_json
1,1,明治,ほほえみ,明治ほほえみ,0-1,https://www.meiji.co.jp/baby/hohoemi/,https://www.meiji.co.jp/baby/hohoemi/assets/img/og.jpg,og_image,,OG/Twitter preview image,,,0,0.85,2026-09-14T17:55:00,"{""page_url"": ""https://www.meiji.co.jp/baby/hohoemi/""}"
2,1,明治,ほほえみ,明治ほほえみ,0-1,https://www.meiji.co.jp/baby/hohoemi/,https://www.meiji.co.jp/assets/img/structures/logo.svg,page_image,健康にアイデアを 株式会社 明治,,249.0,68.0,0,0.5,2026-09-14T17:55:00,"{""page_url"": ""https://www.meiji.co.jp/baby/hohoemi/""}"
3,1,明治,ほほえみ,明治ほほえみ,0-1,https://www.meiji.co.jp/baby/hohoemi/,https://www.meiji.co.jp/assets/img/icons/icon_search.svg,page_image,,,,,0,0.45,2026-09-14T17:55:00,"{""page_url"": ""https://www.meiji.co.jp/baby/hohoemi/""}"
4,1,明治,ほほえみ,明治ほほえみ,0-1,https://www.meiji.co.jp/baby/hohoemi/,https://www.meiji.co.jp/assets/img/icons/header_close.svg,page_image,,,,,0,0.45,2026-09-14T17:55:00,"{""page_url"": ""https://www.meiji.co.jp/baby/hohoemi/""}"
5,1,明治,ほほえみ,明治ほほえみ,0-1,https://www.meiji.co.jp/baby/hohoemi/,https://www.meiji.co.jp/assets/img/icons/plus.svg,page_image,開く,,,,0,0.5,2026-09-14T17:55:00,"{""page_url"": ""https://www.meiji.co.jp/baby/hohoemi/""}"
6,1,明治,ほほえみ,明治ほほえみ,0-1,https://www.meiji.co.jp/baby/hohoemi/,https://www.meiji.co.jp/assets/img/icons/external_gray.svg,page_image,（新しいウィンドウ）,,,,0,0.5,2026-09-14T17:55:00,"{""page_url"": ""https://www.meiji.co.jp/baby/hohoemi/""}"
7,1,明治,ほほえみ,明治ほほえみ,0-1,https://www.meiji.co.jp/baby/hohoemi/,https://www.meiji.co.jp/assets/img/structures/menu/menu_products_01.png,page_image,,,,,0,0.45,2026-09-14T17:55:00,"{""page_url"": ""https://www.meiji.co.jp/baby/hohoemi/""}"
8,1,明治,ほほえみ,明治ほほえみ,0-1,https://www.meiji.co.jp/baby/hohoemi/,https://www.meiji.co.jp/assets/img/structures/menu/menu_products_02.png,page_image,,,,,0,0.45,2026-09-14T17:55:00,"{""page_url"": ""https://www.meiji.co.jp/baby/hohoemi/""}"
9,1,明治,ほほえみ,明治ほほえみ,0-1,https://www.meiji.co.jp/baby/hohoemi/,https://www.meiji.co.jp/assets/img/structures/menu/menu_products_03.png,page_image,,,,,0,0.45,2026-09-14T17:55:00,"{""page_url"": ""https://www.meiji.co.jp/baby/hohoemi/""}"
10,1,明治,ほほえみ,明治ほほえみ,0-1,https://www.meiji.co.jp/baby/hohoemi/,https://www.meiji.co.jp/assets/img/structures/menu/menu_products_04.png,page_image,,,,,0,0.45,2026-09-14T17:55:00,"{""page_url"": ""https://www.meiji.co.jp/baby/hohoemi/""}"
11,1,明治,ほほえみ,明治ほほえみ,0-1,https://www.meiji.co.jp/baby/hohoemi/,https://www.meiji.co.jp/assets/img/structures/menu/menu_products_05.png,page_image,,,,,0,0.45,2026-09-14T17:55:00,"{""page_url"": ""https://www.meiji.co.jp/baby/hohoemi/""}"
12,1,明治,ほほえみ,明治ほほえみ,0-1,https://www.meiji.co.jp/baby/hohoemi/,https://www.meiji.co.jp/assets/img/structures/menu/menu_products_06.png,page_image,,,,,0,0.45,2026-09-14T17:55:00,"{""page_url"": ""https://www.meiji.co.jp/baby/hohoemi/""}"
13,1,明治,ほほえみ,明治ほほえみ,0-1,https://www.meiji.co.jp/baby/hohoemi/,https://www.meiji.co.jp/assets/img/structures/menu/menu_products_07.png,page_image,,,,,0,0.45,2026-09-14T17:55:00,"{""page_url"": ""https://www.meiji.co.jp/baby/hohoemi/""}"
14,1,明治,ほほえみ,明治ほほえみ,0-1,https://www.meiji.co.jp/baby/hohoemi/,https://www.meiji.co.jp/assets/img/structures/menu/menu_products_08.png,page_image,,,,,0,0.45,2026-09-14T17:55:00,"{""page_url"": ""https://www.meiji.co.jp/baby/hohoemi/""}"
15,1,明治,ほほえみ,明治ほほえみ,0-1,https://www.meiji.co.jp/baby/hohoemi/,https://www.meiji.co.jp/assets/img/structures/menu/menu_learned.png,page_image,,,,,0,0.45,2026-09-14T17:55:00,"{""page_url"": ""https://www.meiji.co.jp/baby/hohoemi/""}"
16,1,明治,ほほえみ,明治ほほえみ,0-1,https://www.meiji.co.jp/baby/hohoemi/,https://www.meiji.co.jp/assets/img/structures/menu/menu_learned_02.png,page_image,,,,,0,0.45,2026-09-14T17:55:00,"{""page_url"": ""https://www.meiji.co.jp/baby/hohoemi/""}"
17,1,明治,ほほえみ,明治ほほえみ,0-1,https://www.meiji.co.jp/baby/hohoemi/,https://www.meiji.co.jp/assets/img/structures/menu/menu_learned_03.png,page_image,,,,,0,0.45,2026-09-14T17:55:00,"{""page_url"": ""https://www.meiji.co.jp/baby/hohoemi/""}"
18,1,明治,ほほえみ,明治ほほえみ,0-1,https://www.meiji.co.jp/baby/hohoemi/,https://www.meiji.co.jp/assets/img/structures/menu/menu_learned_04.png,page_image,,,,,0,0.45,2026-09-14T17:55:00,"{""page_url"": ""https://www.meiji.co.jp/baby/hohoemi/""}"
19,1,明治,ほほえみ,明治ほほえみ,0-1,https://www.meiji.co.jp/baby/hohoemi/,https://www.meiji.co.jp/assets/img/structures/menu/menu_learned_07.png,page_image,,,,,0,0.45,2026-09-14T17:55:00,"{""page_url"": ""https://www.meiji.co.jp/baby/hohoemi/""}"
20,1,明治,ほほえみ,明治ほほえみ,0-1,https://www.meiji.co.jp/baby/hohoemi/,https://www.meiji.co.jp/assets/img/structures/menu/menu_learned_05.png,page_image,,,,,0,0.45,2026-09-14T17:55:00,"{""page_url"": ""https://www.meiji.co.jp/baby/hohoemi/""}"
21,1,明治,ほほえみ,明治ほほえみ,0-1,https://www.meiji.co.jp/baby/hohoemi/,https://www.meiji.co.jp/assets/img/structures/menu/menu_learned_08.png,page_image,,,,,0,0.45,2026-09-14T17:55:00,"{""page_url"": ""https://www.meiji.co.jp/baby/hohoemi/""}"
22,1,明治,ほほえみ,明治ほほえみ,0-1,https://www.meiji.co.jp/baby/hohoemi/,https://www.meiji.co.jp/assets/img/structures/menu/menu_learned_06.png,page_image,,,,,0,0.45,2026-09-14T17:55:00,"{""page_url"": ""https://www.meiji.co.jp/baby/hohoemi/""}"
23,1,明治,ほほえみ,明治ほほえみ,0-1,https://www.meiji.co.jp/baby/hohoemi/,https://www.meiji.co.jp/assets/img/structures/menu/menu_quality.png,page_image,,,,,0,0.45,2026-09-14T17:55:00,"{""page_url"": ""https://www.meiji.co.jp/baby/hohoemi/""}"
24,1,明治,ほほえみ,明治ほほえみ,0-1,https://www.meiji.co.jp/baby/hohoemi/,https://www.meiji.co.jp/assets/img/structures/menu/menu_quality_02.png,page_image,,,,,0,0.45,2026-09-14T17:55:00,"{""page_url"": ""https://www.meiji.co.jp/baby/hohoemi/""}"
25,1,明治,ほほえみ,明治ほほえみ,0-1,https://www.meiji.co.jp/baby/hohoemi/,https://www.meiji.co.jp/assets/img/structures/menu/menu_baby_clinic.png,page_image,,,,,0,0.45,2026-09-14T17:55:00,"{""page_url"": ""https://www.meiji.co.jp/baby/hohoemi/""}"
26,1,明治,ほほえみ,明治ほほえみ,0-1,https://www.meiji.co.jp/baby/hohoemi/,https://www.meiji.co.jp/baby/hohoemi/assets/img/common/logo.png,page_image,明治ほほえみ,,,,0,0.5,2026-09-14T17:55:00,"{""page_url"": ""https://www.meiji.co.jp/baby/hohoemi/""}"
27,1,明治,ほほえみ,明治ほほえみ,0-1,https://www.meiji.co.jp/baby/hohoemi/,https://www.meiji.co.jp/baby/hohoemi/assets/img/top/sec_00c_bg_01.png,page_image,,,,,0,0.45,2026-09-14T17:55:00,"{""page_url"": ""https://www.meiji.co.jp/baby/hohoemi/""}"
28,1,明治,ほほえみ,明治ほほえみ,0-1,https://www.meiji.co.jp/baby/hohoemi/,https://www.meiji.co.jp/baby/hohoemi/assets/img/top/sec_00c_bg_02.png,page_image,,,,,0,0.45,2026-09-14T17:55:00,"{""page_url"": ""https://www.meiji.co.jp/baby/hohoemi/""}"
29,1,明治,ほほえみ,明治ほほえみ,0-1,https://www.meiji.co.jp/baby/hohoemi/,https://www.meiji.co.jp/baby/hohoemi/assets/img/top/sec_00c_bg_03.png,page_image,,,,,0,0.45,2026-09-14T17:55:00,"{""page_url"": ""https://www.meiji.co.jp/baby/hohoemi/""}"
30,1,明治,ほほえみ,明治ほほえみ,0-1,https://www.meiji.co.jp/baby/hohoemi/,https://www.meiji.co.jp/baby/hohoemi/assets/img/top/bg_icon_01.png,page_image,,,,,0,0.45,2026-09-14T17:55:00,"{""page_url"": ""https://www.meiji.co.jp/baby/hohoemi/""}"
31,1,明治,ほほえみ,明治ほほえみ,0-1,https://www.meiji.co.jp/baby/hohoemi/,https://www.meiji.co.jp/baby/hohoemi/assets/img/top/bg_icon_13.png,page_image,,,,,0,0.45,2026-09-14T17:55:00,"{""page_url"": ""https://www.meiji.co.jp/baby/hohoemi/""}"
32,1,明治,ほほえみ,明治ほほえみ,0-1,https://www.meiji.co.jp/baby/hohoemi/,https://www.meiji.co.jp/baby/hohoemi/assets/img/top/awards_title.png,page_image,,,,,0,0.45,2026-09-14T17:55:00,"{""page_url"": ""https://www.meiji.co.jp/baby/hohoemi/""}"
33,1,明治,ほほえみ,明治ほほえみ,0-1,https://www.meiji.co.jp/baby/hohoemi/,https://www.meiji.co.jp/baby/hohoemi/assets/img/top/tamahiyo.png,page_image,,,,,0,0.45,2026-09-14T17:55:00,"{""page_url"": ""https://www.meiji.co.jp/baby/hohoemi/""}"
34,1,明治,ほほえみ,明治ほほえみ,0-1,https://www.meiji.co.jp/baby/hohoemi/,https://www.meiji.co.jp/baby/hohoemi/assets/img/top/mamari_eki.png,page_image,,,,,0,0.45,2026-09-14T17:55:00,"{""page_url"": ""https://www.meiji.co.jp/baby/hohoemi/""}"
35,1,明治,ほほえみ,明治ほほえみ,0-1,https://www.meiji.co.jp/baby/hohoemi/,https://www.meiji.co.jp/baby/hohoemi/assets/img/top/mamari_kona.png,page_image,,,,,0,0.45,2026-09-14T17:55:00,"{""page_url"": ""https://www.meiji.co.jp/baby/hohoemi/""}"
36,1,明治,ほほえみ,明治ほほえみ,0-1,https://www.meiji.co.jp/baby/hohoemi/,https://www.meiji.co.jp/baby/hohoemi/assets/img/top/tomonite.png,page_image,,,,,0,0.45,2026-09-14T17:55:00,"{""page_url"": ""https://www.meiji.co.jp/baby/hohoemi/""}"
37,1,明治,ほほえみ,明治ほほえみ,0-1,https://www.meiji.co.jp/baby/hohoemi/,https://www.meiji.co.jp/baby/hohoemi/assets/img/top/sec_12_ttl.png,page_image,News,,,,0,0.5,2026-09-14T17:55:00,"{""page_url"": ""https://www.meiji.co.jp/baby/hohoemi/""}"
38,1,明治,ほほえみ,明治ほほえみ,0-1,https://www.meiji.co.jp/baby/hohoemi/,https://www.meiji.co.jp/baby/hohoemi/assets/img/top/sec_12_img_23.png,page_image,,,,,0,0.45,2026-09-14T17:55:00,"{""page_url"": ""https://www.meiji.co.jp/baby/hohoemi/""}"
39,1,明治,ほほえみ,明治ほほえみ,0-1,https://www.meiji.co.jp/baby/hohoemi/,https://www.meiji.co.jp/baby/hohoemi/assets/img/top/sec_12_img_20.jpg,page_image,,,,,0,0.45,2026-09-14T17:55:00,"{""page_url"": ""https://www.meiji.co.jp/baby/hohoemi/""}"
40,1,明治,ほほえみ,明治ほほえみ,0-1,https://www.meiji.co.jp/baby/hohoemi/,https://www.meiji.co.jp/baby/hohoemi/assets/img/top/sec_12_img_15.png?202603,page_image,,,,,0,0.45,2026-09-14T17:55:00,"{""page_url"": ""https://www.meiji.co.jp/baby/hohoemi/""}"
41,1,明治,ほほえみ,明治ほほえみ,0-1,https://www.meiji.co.jp/baby/hohoemi/,https://www.meiji.co.jp/baby/hohoemi/assets/img/top/sec_12_img_14.png,page_image,,,,,0,0.45,2026-09-14T17:55:00,"{""page_url"": ""https://www.meiji.co.jp/baby/hohoemi/""}"
42,1,明治,ほほえみ,明治ほほえみ,0-1,https://www.meiji.co.jp/baby/hohoemi/,https://www.meiji.co.jp/baby/hohoemi/assets/img/top/sec_12_img_09.png,page_image,,,,,0,0.45,2026-09-14T17:55:00,"{""page_url"": ""https://www.meiji.co.jp/baby/hohoemi/""}"
43,1,明治,ほほえみ,明治ほほえみ,0-1,https://www.meiji.co.jp/baby/hohoemi/,https://www.meiji.co.jp/baby/hohoemi/assets/img/top/sec_12_img_11.jpg,page_image,,,,,0,0.45,2026-09-14T17:55:00,"{""page_url"": ""https://www.meiji.co.jp/baby/hohoemi/""}"
44,1,明治,ほほえみ,明治ほほえみ,0-1,https://www.meiji.co.jp/baby/hohoemi/,https://www.meiji.co.jp/baby/hohoemi/assets/img/top/sec_12_img_02.png,page_image,,,,,0,0.45,2026-09-14T17:55:00,"{""page_url"": ""https://www.meiji.co.jp/baby/hohoemi/""}"
45,1,明治,ほほえみ,明治ほほえみ,0-1,https://www.meiji.co.jp/baby/hohoemi/,https://www.meiji.co.jp/baby/hohoemi/assets/img/top/bg_liquid_01_b.png,page_image,,,,,0,0.45,2026-09-14T17:55:00,"{""page_url"": ""https://www.meiji.co.jp/baby/hohoemi/""}"
46,1,明治,ほほえみ,明治ほほえみ,0-1,https://www.meiji.co.jp/baby/hohoemi/,https://www.meiji.co.jp/baby/hohoemi/assets/img/top/bg_icon_16.png,page_image,,,,,0,0.45,2026-09-14T17:55:00,"{""page_url"": ""https://www.meiji.co.jp/baby/hohoemi/""}"
47,1,明治,ほほえみ,明治ほほえみ,0-1,https://www.meiji.co.jp/baby/hohoemi/,https://www.meiji.co.jp/baby/hohoemi/assets/img/top/bg_icon_02.png,page_image,,,,,0,0.45,2026-09-14T17:55:00,"{""page_url"": ""https://www.meiji.co.jp/baby/hohoemi/""}"
48,1,明治,ほほえみ,明治ほほえみ,0-1,https://www.meiji.co.jp/baby/hohoemi/,https://www.meiji.co.jp/baby/hohoemi/assets/img/top/sec_17_ttl.png,page_image,Movie,,,,0,0.5,2026-09-14T17:55:00,"{""page_url"": ""https://www.meiji.co.jp/baby/hohoemi/""}"
49,1,明治,ほほえみ,明治ほほえみ,0-1,https://www.meiji.co.jp/baby/hohoemi/,https://www.meiji.co.jp/baby/hohoemi/assets/img/top/sec_17_thumb_01.jpg,page_image,はじまりのミルク,,,,0,0.5,2026-09-14T17:55:00,"{""page_url"": ""https://www.meiji.co.jp/baby/hohoemi/""}"
50,1,明治,ほほえみ,明治ほほえみ,0-1,https://www.meiji.co.jp/baby/hohoemi/,https://www.meiji.co.jp/baby/hohoemi/assets/img/common/dummy.png,page_image,,,,,0,0.45,2026-09-14T17:55:00,"{""page_url"": ""https://www.meiji.co.jp/baby/hohoemi/""}"
51,1,明治,ほほえみ,明治ほほえみ,0-1,https://www.meiji.co.jp/baby/hohoemi/,https://www.meiji.co.jp/baby/hohoemi/assets/img/top/bg_icon_08.png,page_image,,,,,0,0.45,2026-09-14T17:55:00,"{""page_url"": ""https://www.meiji.co.jp/baby/hohoemi/""}"
52,1,明治,ほほえみ,明治ほほえみ,0-1,https://www.meiji.co.jp/baby/hohoemi/,https://www.meiji.co.jp/baby/hohoemi/assets/img/top/bg_icon_09.png,page_image,,,,,0,0.45,2026-09-14T17:55:00,"{""page_url"": ""https://www.meiji.co.jp/baby/hohoemi/""}"
53,1,明治,ほほえみ,明治ほほえみ,0-1,https://www.meiji.co.jp/baby/hohoemi/,https://www.meiji.co.jp/baby/hohoemi/assets/img/top/bg_icon_10.png,page_image,,,,,0,0.45,2026-09-14T17:55:00,"{""page_url"": ""https://www.meiji.co.jp/baby/hohoemi/""}"
54,1,明治,ほほえみ,明治ほほえみ,0-1,https://www.meiji.co.jp/baby/hohoemi/,https://www.meiji.co.jp/baby/hohoemi/assets/img/top/bg_icon_14.png,page_image,,,,,0,0.45,2026-09-14T17:55:00,"{""page_url"": ""https://www.meiji.co.jp/baby/hohoemi/""}"
55,1,明治,ほほえみ,明治ほほえみ,0-1,https://www.meiji.co.jp/baby/hohoemi/,https://www.meiji.co.jp/baby/hohoemi/assets/img/top/sec_05c_head.png,page_image,Product,,,,0,0.5,2026-09-14T17:55:00,"{""page_url"": ""https://www.meiji.co.jp/baby/hohoemi/""}"
56,1,明治,ほほえみ,明治ほほえみ,0-1,https://www.meiji.co.jp/baby/hohoemi/,https://www.meiji.co.jp/baby/hohoemi/assets/img/top/sec_05c_img_pc.png,page_image,,,,,0,0.45,2026-09-14T17:55:00,"{""page_url"": ""https://www.meiji.co.jp/baby/hohoemi/""}"
57,1,明治,ほほえみ,明治ほほえみ,0-1,https://www.meiji.co.jp/baby/hohoemi/,https://www.meiji.co.jp/baby/hohoemi/assets/img/top/sec_05c_img_sp.png,page_image,,,,,0,0.45,2026-09-14T17:55:00,"{""page_url"": ""https://www.meiji.co.jp/baby/hohoemi/""}"
58,1,明治,ほほえみ,明治ほほえみ,0-1,https://www.meiji.co.jp/baby/hohoemi/,https://www.meiji.co.jp/baby/hohoemi/assets/img/top/sec_02_head.png,page_image,Feature,,,,0,0.5,2026-09-14T17:55:00,"{""page_url"": ""https://www.meiji.co.jp/baby/hohoemi/""}"
59,1,明治,ほほえみ,明治ほほえみ,0-1,https://www.meiji.co.jp/baby/hohoemi/,https://www.meiji.co.jp/baby/hohoemi/assets/img/common/head_point_01.png,page_image,Point 1,,,,0,0.5,2026-09-14T17:55:00,"{""page_url"": ""https://www.meiji.co.jp/baby/hohoemi/""}"
60,1,明治,ほほえみ,明治ほほえみ,0-1,https://www.meiji.co.jp/baby/hohoemi/,https://www.meiji.co.jp/campaign,landing_page,,キャンペーンTOP,,,1,0.75,2026-09-14T17:55:00,"{""page_url"": ""https://www.meiji.co.jp/baby/hohoemi/""}"
61,1,明治,ほほえみ,明治ほほえみ,0-1,https://www.meiji.co.jp/baby/hohoemi/,https://campaign.meiji.co.jp/,landing_page,,明治会員ID限定キャンペーン,,,1,0.75,2026-09-14T17:55:00,"{""page_url"": ""https://www.meiji.co.jp/baby/hohoemi/""}"
62,1,明治,ほほえみ,明治ほほえみ,0-1,https://www.meiji.co.jp/baby/hohoemi/,https://www.meiji.co.jp/learned,landing_page,,体験・学ぶ,,,1,0.75,2026-09-14T17:55:00,"{""page_url"": ""https://www.meiji.co.jp/baby/hohoemi/""}"
63,1,明治,ほほえみ,明治ほほえみ,0-1,https://www.meiji.co.jp/baby/hohoemi/,https://search.meiji.co.jp/?kw=キャンペーン&ie=u,landing_page,,キャンペーン,,,1,0.75,2026-09-14T17:55:00,"{""page_url"": ""https://www.meiji.co.jp/baby/hohoemi/""}"
64,1,明治,ほほえみ,明治ほほえみ,0-1,https://www.meiji.co.jp/baby/hohoemi/,https://www.meiji.co.jp/baby/cmp/close2609?link=hce26071504,landing_page,,詳細はこちら,,,1,0.75,2026-09-14T17:55:00,"{""page_url"": ""https://www.meiji.co.jp/baby/hohoemi/""}"
65,1,明治,ほほえみ,明治ほほえみ,0-1,https://www.meiji.co.jp/baby/hohoemi/,https://www.meiji.co.jp/baby/kosodateminnade/local,landing_page,,詳細はこちら,,,1,0.75,2026-09-14T17:55:00,"{""page_url"": ""https://www.meiji.co.jp/baby/hohoemi/""}"
66,1,明治,ほほえみ,明治ほほえみ,0-1,https://www.meiji.co.jp/baby/hohoemi/,https://www.meiji.co.jp/baby/hohoemi/powder/eco,landing_page,,詳細はこちら,,,1,0.75,2026-09-14T17:55:00,"{""page_url"": ""https://www.meiji.co.jp/baby/hohoemi/""}"
67,1,明治,ほほえみ,明治ほほえみ,0-1,https://www.meiji.co.jp/baby/hohoemi/,https://www.meiji.co.jp/baby/club/iglive,landing_page,,詳細はこちら,,,1,0.75,2026-09-14T17:55:00,"{""page_url"": ""https://www.meiji.co.jp/baby/hohoemi/""}"
68,1,明治,ほほえみ,明治ほほえみ,0-1,https://www.meiji.co.jp/baby/hohoemi/,https://www.meiji.co.jp/baby/club/littleoneaction,landing_page,,詳細はこちら,,,1,0.75,2026-09-14T17:55:00,"{""page_url"": ""https://www.meiji.co.jp/baby/hohoemi/""}"
69,1,明治,ほほえみ,明治ほほえみ,0-1,https://www.meiji.co.jp/baby/hohoemi/,https://www.meiji.co.jp/products/brand/baby/app,landing_page,,詳細はこちら,,,1,0.75,2026-09-14T17:55:00,"{""page_url"": ""https://www.meiji.co.jp/baby/hohoemi/""}"
70,1,明治,ほほえみ,明治ほほえみ,0-1,https://www.meiji.co.jp/baby/hohoemi/,https://www.meiji.co.jp/baby/club/line,landing_page,,詳細はこちら,,,1,0.75,2026-09-14T17:55:00,"{""page_url"": ""https://www.meiji.co.jp/baby/hohoemi/""}"
73,2,明治,ほほえみ,明治ほほえみ,0-1,https://www.meiji.co.jp/campaign/,https://www.meiji.co.jp/assets/img/ogp.png,og_image,,OG/Twitter preview image,,,0,0.85,2026-09-14T17:55:01,"{""page_url"": ""https://www.meiji.co.jp/campaign/""}"
74,2,明治,ほほえみ,明治ほほえみ,0-1,https://www.meiji.co.jp/campaign/,https://www.meiji.co.jp/assets/img/structures/logo.svg,page_image,健康にアイデアを 株式会社 明治,,249.0,68.0,0,0.5,2026-09-14T17:55:01,"{""page_url"": ""https://www.meiji.co.jp/campaign/""}"
75,2,明治,ほほえみ,明治ほほえみ,0-1,https://www.meiji.co.jp/campaign/,https://www.meiji.co.jp/assets/img/icons/icon_search.svg,page_image,,,,,0,0.45,2026-09-14T17:55:01,"{""page_url"": ""https://www.meiji.co.jp/campaign/""}"
76,2,明治,ほほえみ,明治ほほえみ,0-1,https://www.meiji.co.jp/campaign/,https://www.meiji.co.jp/assets/img/icons/header_close.svg,page_image,,,,,0,0.45,2026-09-14T17:55:01,"{""page_url"": ""https://www.meiji.co.jp/campaign/""}"
77,2,明治,ほほえみ,明治ほほえみ,0-1,https://www.meiji.co.jp/campaign/,https://www.meiji.co.jp/assets/img/icons/plus.svg,page_image,開く,,,,0,0.5,2026-09-14T17:55:01,"{""page_url"": ""https://www.meiji.co.jp/campaign/""}"
78,2,明治,ほほえみ,明治ほほえみ,0-1,https://www.meiji.co.jp/campaign/,https://www.meiji.co.jp/assets/img/icons/external_gray.svg,page_image,（新しいウィンドウ）,,,,0,0.5,2026-09-14T17:55:01,"{""page_url"": ""https://www.meiji.co.jp/campaign/""}"
79,2,明治,ほほえみ,明治ほほえみ,0-1,https://www.meiji.co.jp/campaign/,https://www.meiji.co.jp/assets/img/structures/menu/menu_products_01.png,page_image,,,,,0,0.45,2026-09-14T17:55:01,"{""page_url"": ""https://www.meiji.co.jp/campaign/""}"
80,2,明治,ほほえみ,明治ほほえみ,0-1,https://www.meiji.co.jp/campaign/,https://www.meiji.co.jp/assets/img/structures/menu/menu_products_02.png,page_image,,,,,0,0.45,2026-09-14T17:55:01,"{""page_url"": ""https://www.meiji.co.jp/campaign/""}"
81,2,明治,ほほえみ,明治ほほえみ,0-1,https://www.meiji.co.jp/campaign/,https://www.meiji.co.jp/assets/img/structures/menu/menu_products_03.png,page_image,,,,,0,0.45,2026-09-14T17:55:01,"{""page_url"": ""https://www.meiji.co.jp/campaign/""}"
82,2,明治,ほほえみ,明治ほほえみ,0-1,https://www.meiji.co.jp/campaign/,https://www.meiji.co.jp/assets/img/structures/menu/menu_products_04.png,page_image,,,,,0,0.45,2026-09-14T17:55:01,"{""page_url"": ""https://www.meiji.co.jp/campaign/""}"
83,2,明治,ほほえみ,明治ほほえみ,0-1,https://www.meiji.co.jp/campaign/,https://www.meiji.co.jp/assets/img/structures/menu/menu_products_05.png,page_image,,,,,0,0.45,2026-09-14T17:55:01,"{""page_url"": ""https://www.meiji.co.jp/campaign/""}"
84,2,明治,ほほえみ,明治ほほえみ,0-1,https://www.meiji.co.jp/campaign/,https://www.meiji.co.jp/assets/img/structures/menu/menu_products_06.png,page_image,,,,,0,0.45,2026-09-14T17:55:01,"{""page_url"": ""https://www.meiji.co.jp/campaign/""}"
85,2,明治,ほほえみ,明治ほほえみ,0-1,https://www.meiji.co.jp/campaign/,https://www.meiji.co.jp/assets/img/structures/menu/menu_products_07.png,page_image,,,,,0,0.45,2026-09-14T17:55:01,"{""page_url"": ""https://www.meiji.co.jp/campaign/""}"
86,2,明治,ほほえみ,明治ほほえみ,0-1,https://www.meiji.co.jp/campaign/,https://www.meiji.co.jp/assets/img/structures/menu/menu_products_08.png,page_image,,,,,0,0.45,2026-09-14T17:55:01,"{""page_url"": ""https://www.meiji.co.jp/campaign/""}"
87,2,明治,ほほえみ,明治ほほえみ,0-1,https://www.meiji.co.jp/campaign/,https://www.meiji.co.jp/assets/img/structures/menu/menu_learned.png,page_image,,,,,0,0.45,2026-09-14T17:55:01,"{""page_url"": ""https://www.meiji.co.jp/campaign/""}"
88,2,明治,ほほえみ,明治ほほえみ,0-1,https://www.meiji.co.jp/campaign/,https://www.meiji.co.jp/assets/img/structures/menu/menu_learned_02.png,page_image,,,,,0,0.45,2026-09-14T17:55:01,"{""page_url"": ""https://www.meiji.co.jp/campaign/""}"
89,2,明治,ほほえみ,明治ほほえみ,0-1,https://www.meiji.co.jp/campaign/,https://www.meiji.co.jp/assets/img/structures/menu/menu_learned_03.png,page_image,,,,,0,0.45,2026-09-14T17:55:01,"{""page_url"": ""https://www.meiji.co.jp/campaign/""}"
90,2,明治,ほほえみ,明治ほほえみ,0-1,https://www.meiji.co.jp/campaign/,https://www.meiji.co.jp/assets/img/structures/menu/menu_learned_04.png,page_image,,,,,0,0.45,2026-09-14T17:55:01,"{""page_url"": ""https://www.meiji.co.jp/campaign/""}"
91,2,明治,ほほえみ,明治ほほえみ,0-1,https://www.meiji.co.jp/campaign/,https://www.meiji.co.jp/assets/img/structures/menu/menu_learned_07.png,page_image,,,,,0,0.45,2026-09-14T17:55:01,"{""page_url"": ""https://www.meiji.co.jp/campaign/""}"
92,2,明治,ほほえみ,明治ほほえみ,0-1,https://www.meiji.co.jp/campaign/,https://www.meiji.co.jp/assets/img/structures/menu/menu_learned_05.png,page_image,,,,,0,0.45,2026-09-14T17:55:01,"{""page_url"": ""https://www.meiji.co.jp/campaign/""}"
93,2,明治,ほほえみ,明治ほほえみ,0-1,https://www.meiji.co.jp/campaign/,https://www.meiji.co.jp/assets/img/structures/menu/menu_learned_08.png,page_image,,,,,0,0.45,2026-09-14T17:55:01,"{""page_url"": ""https://www.meiji.co.jp/campaign/""}"
94,2,明治,ほほえみ,明治ほほえみ,0-1,https://www.meiji.co.jp/campaign/,https://www.meiji.co.jp/assets/img/structures/menu/menu_learned_06.png,page_image,,,,,0,0.45,2026-09-14T17:55:01,"{""page_url"": ""https://www.meiji.co.jp/campaign/""}"
95,2,明治,ほほえみ,明治ほほえみ,0-1,https://www.meiji.co.jp/campaign/,https://www.meiji.co.jp/assets/img/structures/menu/menu_quality.png,page_image,,,,,0,0.45,2026-09-14T17:55:01,"{""page_url"": ""https://www.meiji.co.jp/campaign/""}"
96,2,明治,ほほえみ,明治ほほえみ,0-1,https://www.meiji.co.jp/campaign/,https://www.meiji.co.jp/assets/img/structures/menu/menu_quality_02.png,page_image,,,,,0,0.45,2026-09-14T17:55:01,"{""page_url"": ""https://www.meiji.co.jp/campaign/""}"
97,2,明治,ほほえみ,明治ほほえみ,0-1,https://www.meiji.co.jp/campaign/,https://www.meiji.co.jp/assets/img/structures/menu/menu_baby_clinic.png,page_image,,,,,0,0.45,2026-09-14T17:55:01,"{""page_url"": ""https://www.meiji.co.jp/campaign/""}"
98,2,明治,ほほえみ,明治ほほえみ,0-1,https://www.meiji.co.jp/campaign/,https://www.meiji.co.jp/campaign/assets/img/okashihappy_cp_20260913.png,banner_image,明治ミルクチョコ100周年！フォロー＆コメントで当たるキャンペーン明治ミルクチョコよくばりBOXが20名様に当たる！※画像はイメージです応募締切2026年10月12日（月・祝）23:59まで,,,,0,0.75,2026-09-14T17:55:01,"{""page_url"": ""https://www.meiji.co.jp/campaign/""}"
99,2,明治,ほほえみ,明治ほほえみ,0-1,https://www.meiji.co.jp/campaign/,https://www.meiji.co.jp/campaign/assets/img/mchoco_cp_20260913.png,banner_image,"明治ミルクチョコレート 当選者各100名様 100周年記念! プレゼントキャンペーン A賞 FRUITS ZIPPERオリジナルポスター(A1サイズ) メンバー7名の直筆メッセージ入り! B賞 おかしの詰め合わせ金箱約5,000円相当 応募期間 | 9月13日(日) 10時00分~10月12日(月)23時59分",,,,0,0.75,2026-09-14T17:55:01,"{""page_url"": ""https://www.meiji.co.jp/campaign/""}"
100,2,明治,ほほえみ,明治ほほえみ,0-1,https://www.meiji.co.jp/campaign/,https://www.meiji.co.jp/campaign/assets/img/lactome_cp_20260911.png,banner_image,"meiji 新発売、記念キャンペーン 明治から膣内善玉菌サプリ ラクトミー 対象期間 10月9日(金)23:59まで 抽選で10名様にAmazonギフト券5,000円分プレゼント！ 株式会社 明治主催。Amazon、Amazon.co.jpおよびそれらのロゴはAmazon.com, Inc.またはその関連会社の商標です。 応募方法 1 @lactome_meijiをフォロー 2 対象投稿をリポスト",,,,0,0.75,2026-09-14T17:55:01,"{""page_url"": ""https://www.meiji.co.jp/campaign/""}"
101,2,明治,ほほえみ,明治ほほえみ,0-1,https://www.meiji.co.jp/campaign/,https://www.meiji.co.jp/campaign/assets/img/mylacto_cp_20260902.png,banner_image,"meiji 新発売、記念キャンペーン 膣内フローラ検査 マイラクト 妊活中の方も、将来に備えたい方も 毎日、自分のカラダと向き合うあなたへ。 対象期間 9月30日(水)23:59まで 抽選で10名様にAmazonギフト券5,000円分プレゼント！ 株式会社 明治主催。Amazon、Amazon.co.jpおよびそれらのロゴはAmazon.com, Inc.またはその関連会社の商標です。 応募方法 1 @mylacto_meijiをフォロー 2 対象投稿をリポスト",,,,0,0.75,2026-09-14T17:55:01,"{""page_url"": ""https://www.meiji.co.jp/campaign/""}"
102,2,明治,ほほえみ,明治ほほえみ,0-1,https://www.meiji.co.jp/campaign/,https://www.meiji.co.jp/campaign/assets/img/meiji_baby_cmp_pointCP_260901.png,banner_image,ポイント集めて必ずもらえる！QUOカードPay200円分 さらに、ポイントそのまま使えてお好きな賞品が当たる！,,,,0,0.75,2026-09-14T17:55:01,"{""page_url"": ""https://www.meiji.co.jp/campaign/""}"
103,2,明治,ほほえみ,明治ほほえみ,0-1,https://www.meiji.co.jp/campaign/,https://www.meiji.co.jp/campaign/assets/img/meiji_ice_cp_20260901.png,banner_image,"対象のマルチアイス＆ホームタイプアイス1品で応募！えらべるPay5,000円分が合計1,000名様に当たるキャンペーン",,,,0,0.75,2026-09-14T17:55:01,"{""page_url"": ""https://www.meiji.co.jp/campaign/""}"
104,2,明治,ほほえみ,明治ほほえみ,0-1,https://www.meiji.co.jp/campaign/,https://www.meiji.co.jp/campaign/assets/img/meijioishiigyunyu_cp_20260730.png,banner_image,みんな、ミルクだよね？ミルクを語りすぎる男見本オリジナルQUOカード当たる！,,,,0,0.75,2026-09-14T17:55:01,"{""page_url"": ""https://www.meiji.co.jp/campaign/""}"
105,2,明治,ほほえみ,明治ほほえみ,0-1,https://www.meiji.co.jp/campaign/,https://www.meiji.co.jp/campaign/assets/img/meiji_ginzacurry_cp_20260803.png,banner_image,銀座カリー 定番3種 × 釜炊きごはん 15食セット いいね数UPで 最大30名様に 当たる！ 2026年8月18日(火)～9月17日(木),,,,0,0.75,2026-09-14T17:55:01,"{""page_url"": ""https://www.meiji.co.jp/campaign/""}"
106,2,明治,ほほえみ,明治ほほえみ,0-1,https://www.meiji.co.jp/campaign/,https://www.meiji.co.jp/campaign/assets/img/meiji_meibalance_cp_260601.png,banner_image,"明治の栄養食品キャンペーン～最大30,000円分のJCBギフトカードが当たる!～ 【応募期間】2026年6月1日(月)10:00〜10月1日(木)23:59 当日消印有効",,,,0,0.75,2026-09-14T17:55:01,"{""page_url"": ""https://www.meiji.co.jp/campaign/""}"
107,2,明治,ほほえみ,明治ほほえみ,0-1,https://www.meiji.co.jp/campaign/,https://www.meiji.co.jp/campaign/assets/img/campaign_pc.jpg,banner_image,,,,,0,0.7,2026-09-14T17:55:01,"{""page_url"": ""https://www.meiji.co.jp/campaign/""}"
108,2,明治,ほほえみ,明治ほほえみ,0-1,https://www.meiji.co.jp/campaign/,https://www.meiji.co.jp/campaign/assets/img/campaign_sp.jpg,banner_image,,,,,0,0.7,2026-09-14T17:55:01,"{""page_url"": ""https://www.meiji.co.jp/campaign/""}"
109,2,明治,ほほえみ,明治ほほえみ,0-1,https://www.meiji.co.jp/campaign/,https://www.meiji.co.jp/assets/img/links/thumbnail_1.png,page_image,,,277.0,103.0,0,0.45,2026-09-14T17:55:01,"{""page_url"": ""https://www.meiji.co.jp/campaign/""}"
110,2,明治,ほほえみ,明治ほほえみ,0-1,https://www.meiji.co.jp/campaign/,https://www.meiji.co.jp/assets/img/links/thumbnail_2.png,page_image,,,277.0,103.0,0,0.45,2026-09-14T17:55:01,"{""page_url"": ""https://www.meiji.co.jp/campaign/""}"
111,2,明治,ほほえみ,明治ほほえみ,0-1,https://www.meiji.co.jp/campaign/,https://www.meiji.co.jp/assets/img/links/thumbnail_3.png,page_image,,,277.0,103.0,0,0.45,2026-09-14T17:55:01,"{""page_url"": ""https://www.meiji.co.jp/campaign/""}"
112,2,明治,ほほえみ,明治ほほえみ,0-1,https://www.meiji.co.jp/campaign/,https://www.meiji.co.jp/assets/img/links/thumbnail_4_2.png,page_image,,,277.0,103.0,0,0.45,2026-09-14T17:55:01,"{""page_url"": ""https://www.meiji.co.jp/campaign/""}"
113,2,明治,ほほえみ,明治ほほえみ,0-1,https://www.meiji.co.jp/campaign/,https://www.meiji.co.jp/assets/img/icons/pagetop.svg,page_image,ページの先頭へ,,,,0,0.5,2026-09-14T17:55:01,"{""page_url"": ""https://www.meiji.co.jp/campaign/""}"
114,2,明治,ほほえみ,明治ほほえみ,0-1,https://www.meiji.co.jp/campaign/,https://www.meiji.co.jp/assets/img/icons/facebook.svg,page_image,Facebook（新しいウィンドウ）,,28.0,29.0,0,0.5,2026-09-14T17:55:01,"{""page_url"": ""https://www.meiji.co.jp/campaign/""}"
115,2,明治,ほほえみ,明治ほほえみ,0-1,https://www.meiji.co.jp/campaign/,https://www.meiji.co.jp/assets/img/icons/twitter.svg,page_image,X（新しいウィンドウ）,,28.0,28.0,0,0.5,2026-09-14T17:55:01,"{""page_url"": ""https://www.meiji.co.jp/campaign/""}"
116,2,明治,ほほえみ,明治ほほえみ,0-1,https://www.meiji.co.jp/campaign/,https://www.meiji.co.jp/assets/img/icons/line.svg,page_image,LINE（新しいウィンドウ）,,28.0,28.0,0,0.5,2026-09-14T17:55:01,"{""page_url"": ""https://www.meiji.co.jp/campaign/""}"
117,2,明治,ほほえみ,明治ほほえみ,0-1,https://www.meiji.co.jp/campaign/,https://www.meiji.co.jp/assets/img/icons/logo_note.svg,page_image,note（新しいウィンドウ）,,29.0,29.0,0,0.5,2026-09-14T17:55:01,"{""page_url"": ""https://www.meiji.co.jp/campaign/""}"
118,2,明治,ほほえみ,明治ほほえみ,0-1,https://www.meiji.co.jp/campaign/,https://www.meiji.co.jp/assets/img/icons/youtube.svg,page_image,YouTube（新しいウィンドウ）,,36.0,25.0,0,0.5,2026-09-14T17:55:01,"{""page_url"": ""https://www.meiji.co.jp/campaign/""}"
119,2,明治,ほほえみ,明治ほほえみ,0-1,https://www.meiji.co.jp/campaign/,https://www.meiji.co.jp/assets/img/structures/name_white.svg,page_image,株式会社明治,,151.0,22.0,0,0.5,2026-09-14T17:55:01,"{""page_url"": ""https://www.meiji.co.jp/campaign/""}"
120,2,明治,ほほえみ,明治ほほえみ,0-1,https://www.meiji.co.jp/campaign/,https://www.meiji.co.jp/assets/img/icons/external_white2.svg,page_image,（新しいウィンドウ）,,,,0,0.5,2026-09-14T17:55:01,"{""page_url"": ""https://www.meiji.co.jp/campaign/""}"
121,2,明治,ほほえみ,明治ほほえみ,0-1,https://www.meiji.co.jp/campaign/,https://www.meiji.co.jp/campaign,landing_page,,キャンペーンTOP,,,1,0.75,2026-09-14T17:55:01,"{""page_url"": ""https://www.meiji.co.jp/campaign/""}"
122,2,明治,ほほえみ,明治ほほえみ,0-1,https://www.meiji.co.jp/campaign/,https://campaign.meiji.co.jp/,landing_page,,明治会員ID限定キャンペーン,,,1,0.75,2026-09-14T17:55:01,"{""page_url"": ""https://www.meiji.co.jp/campaign/""}"
123,2,明治,ほほえみ,明治ほほえみ,0-1,https://www.meiji.co.jp/campaign/,https://www.meiji.co.jp/learned,landing_page,,体験・学ぶ,,,1,0.75,2026-09-14T17:55:01,"{""page_url"": ""https://www.meiji.co.jp/campaign/""}"
124,2,明治,ほほえみ,明治ほほえみ,0-1,https://www.meiji.co.jp/campaign/,https://search.meiji.co.jp/?kw=キャンペーン&ie=u,landing_page,,キャンペーン,,,1,0.75,2026-09-14T17:55:01,"{""page_url"": ""https://www.meiji.co.jp/campaign/""}"
127,2,明治,ほほえみ,明治ほほえみ,0-1,https://www.meiji.co.jp/campaign/,https://www.instagram.com/okashihappy_jack,landing_page,,今すぐ SNS 明治 おかしでHAPPY研究所 明治ミルクチョコ100周年！フォロー＆コメントで当たるキャンペーン 応募締切： 2026年10月12日(月)23:59まで,,,1,0.75,2026-09-14T17:55:01,"{""page_url"": ""https://www.meiji.co.jp/campaign/""}"
128,2,明治,ほほえみ,明治ほほえみ,0-1,https://www.meiji.co.jp/campaign/,https://x.com/chocodaisakusen?ref_src=twsrc%5Egoogle%7Ctwcamp%5Eserp%7Ctwgr%5Eauthor,landing_page,,今すぐ WEB SNS 明治ミルクチョコレート ～明治ミルクチョコレート～100周年記念！プレゼントキャンペーン 応募締切： 2026年10月12日(月)23:59まで,,,1,0.75,2026-09-14T17:55:01,"{""page_url"": ""https://www.meiji.co.jp/campaign/""}"
129,2,明治,ほほえみ,明治ほほえみ,0-1,https://www.meiji.co.jp/campaign/,https://x.com/lactome_meiji,landing_page,,今すぐ SNS ラクトミー ラクトミー新発売記念キャンペーン 応募締切： 2026年10月9日(金)23:59まで,,,1,0.75,2026-09-14T17:55:01,"{""page_url"": ""https://www.meiji.co.jp/campaign/""}"
130,2,明治,ほほえみ,明治ほほえみ,0-1,https://www.meiji.co.jp/campaign/,https://x.com/mylacto_meiji,landing_page,,今すぐ SNS マイラクト マイラクト新発売記念キャンペーン 応募締切： 2026年9月30日(水)23:59まで,,,1,0.75,2026-09-14T17:55:01,"{""page_url"": ""https://www.meiji.co.jp/campaign/""}"
131,2,明治,ほほえみ,明治ほほえみ,0-1,https://www.meiji.co.jp/campaign/,https://www.meiji.co.jp/baby/cmp/close2609?link=hce26071502,landing_page,,商品購入 WEB 明治ほほえみ・ステップ・ミラフル・Mom's Tablet・ミルフィー・エレメンタルフォーミュラ プレママから幼児期までつながるポイントキャンペーン 応募締切： 2027年9月30日(木)23:59まで,,,1,0.75,2026-09-14T17:55:01,"{""page_url"": ""https://www.meiji.co.jp/campaign/""}"
132,2,明治,ほほえみ,明治ほほえみ,0-1,https://www.meiji.co.jp/campaign/,https://campaign.meiji.co.jp/campaignDetail/66544998107506/e043b03a-8773-4c8b-81b8-ab3d49f6d065,landing_page,,"商品購入 WEB 明治 マルチアイス＆ホームタイプアイス 対象のマルチアイス＆ホームタイプアイス1品で応募！えらべるPay5,000円分が合計1,000名様に当たるキャンペーン 応募締切： 2026年11月30日(月)23:59まで",,,1,0.75,2026-09-14T17:55:01,"{""page_url"": ""https://www.meiji.co.jp/campaign/""}"
133,2,明治,ほほえみ,明治ほほえみ,0-1,https://www.meiji.co.jp/campaign/,https://x.com/meiji_oishii?s=20,landing_page,,今すぐ SNS 明治おいしいミルクシリーズ ミルクを語りすぎる男からのプレゼントキャンペーン 応募締切： 2026年9月17日(木)23:59まで,,,1,0.75,2026-09-14T17:55:01,"{""page_url"": ""https://www.meiji.co.jp/campaign/""}"
134,2,明治,ほほえみ,明治ほほえみ,0-1,https://www.meiji.co.jp/campaign/,https://www.instagram.com/meiji_ginzacurry_official,landing_page,,今すぐ SNS 銀座カリー 夏に食べるならあなたはどっち派？銀座カリー大好き！キャンペーン 応募締切： 2026年9月17日(木)23:59まで,,,1,0.75,2026-09-14T17:55:01,"{""page_url"": ""https://www.meiji.co.jp/campaign/""}"
135,2,明治,ほほえみ,明治ほほえみ,0-1,https://www.meiji.co.jp/campaign/,https://www.meiji.co.jp/meiji-eiyoucare/products/nutritionfood/meibalance/cmp/close2606,landing_page,,"商品購入 WEB SNS 郵送 明治メイバランス ～最大30,000円分のJCBギフトカードが当たる!～ 明治の栄養食品キャンペーン 応募締切： 2026年10月1日(木)※当日消印有効",,,1,0.75,2026-09-14T17:55:01,"{""page_url"": ""https://www.meiji.co.jp/campaign/""}"
138,3,明治,ほほえみ,明治ほほえみ,0-1,https://www.meiji.co.jp/baby/cmp/close2609/?link=hce26071504,https://www.meiji.co.jp/baby/cmp/close2609/assets/img/ogp.jpg,og_image,,OG/Twitter preview image,,,0,0.85,2026-09-14T17:55:01,"{""page_url"": ""https://www.meiji.co.jp/baby/cmp/close2609/?link=hce26071504""}"
139,3,明治,ほほえみ,明治ほほえみ,0-1,https://www.meiji.co.jp/baby/cmp/close2609/?link=hce26071504,https://www.meiji.co.jp/assets/img/structures/logo.svg,page_image,健康にアイデアを 株式会社 明治,,249.0,68.0,0,0.5,2026-09-14T17:55:01,"{""page_url"": ""https://www.meiji.co.jp/baby/cmp/close2609/?link=hce26071504""}"
140,3,明治,ほほえみ,明治ほほえみ,0-1,https://www.meiji.co.jp/baby/cmp/close2609/?link=hce26071504,https://www.meiji.co.jp/assets/img/icons/icon_search.svg,page_image,,,,,0,0.45,2026-09-14T17:55:01,"{""page_url"": ""https://www.meiji.co.jp/baby/cmp/close2609/?link=hce26071504""}"
141,3,明治,ほほえみ,明治ほほえみ,0-1,https://www.meiji.co.jp/baby/cmp/close2609/?link=hce26071504,https://www.meiji.co.jp/assets/img/icons/header_close.svg,page_image,,,,,0,0.45,2026-09-14T17:55:01,"{""page_url"": ""https://www.meiji.co.jp/baby/cmp/close2609/?link=hce26071504""}"
142,3,明治,ほほえみ,明治ほほえみ,0-1,https://www.meiji.co.jp/baby/cmp/close2609/?link=hce26071504,https://www.meiji.co.jp/assets/img/icons/plus.svg,page_image,開く,,,,0,0.5,2026-09-14T17:55:01,"{""page_url"": ""https://www.meiji.co.jp/baby/cmp/close2609/?link=hce26071504""}"
143,3,明治,ほほえみ,明治ほほえみ,0-1,https://www.meiji.co.jp/baby/cmp/close2609/?link=hce26071504,https://www.meiji.co.jp/assets/img/icons/external_gray.svg,page_image,（新しいウィンドウ）,,,,0,0.5,2026-09-14T17:55:01,"{""page_url"": ""https://www.meiji.co.jp/baby/cmp/close2609/?link=hce26071504""}"
144,3,明治,ほほえみ,明治ほほえみ,0-1,https://www.meiji.co.jp/baby/cmp/close2609/?link=hce26071504,https://www.meiji.co.jp/assets/img/structures/menu/menu_products_01.png,page_image,,,,,0,0.45,2026-09-14T17:55:01,"{""page_url"": ""https://www.meiji.co.jp/baby/cmp/close2609/?link=hce26071504""}"
145,3,明治,ほほえみ,明治ほほえみ,0-1,https://www.meiji.co.jp/baby/cmp/close2609/?link=hce26071504,https://www.meiji.co.jp/assets/img/structures/menu/menu_products_02.png,page_image,,,,,0,0.45,2026-09-14T17:55:01,"{""page_url"": ""https://www.meiji.co.jp/baby/cmp/close2609/?link=hce26071504""}"
146,3,明治,ほほえみ,明治ほほえみ,0-1,https://www.meiji.co.jp/baby/cmp/close2609/?link=hce26071504,https://www.meiji.co.jp/assets/img/structures/menu/menu_products_03.png,page_image,,,,,0,0.45,2026-09-14T17:55:01,"{""page_url"": ""https://www.meiji.co.jp/baby/cmp/close2609/?link=hce26071504""}"
147,3,明治,ほほえみ,明治ほほえみ,0-1,https://www.meiji.co.jp/baby/cmp/close2609/?link=hce26071504,https://www.meiji.co.jp/assets/img/structures/menu/menu_products_04.png,page_image,,,,,0,0.45,2026-09-14T17:55:01,"{""page_url"": ""https://www.meiji.co.jp/baby/cmp/close2609/?link=hce26071504""}"
148,3,明治,ほほえみ,明治ほほえみ,0-1,https://www.meiji.co.jp/baby/cmp/close2609/?link=hce26071504,https://www.meiji.co.jp/assets/img/structures/menu/menu_products_05.png,page_image,,,,,0,0.45,2026-09-14T17:55:01,"{""page_url"": ""https://www.meiji.co.jp/baby/cmp/close2609/?link=hce26071504""}"
149,3,明治,ほほえみ,明治ほほえみ,0-1,https://www.meiji.co.jp/baby/cmp/close2609/?link=hce26071504,https://www.meiji.co.jp/assets/img/structures/menu/menu_products_06.png,page_image,,,,,0,0.45,2026-09-14T17:55:01,"{""page_url"": ""https://www.meiji.co.jp/baby/cmp/close2609/?link=hce26071504""}"
150,3,明治,ほほえみ,明治ほほえみ,0-1,https://www.meiji.co.jp/baby/cmp/close2609/?link=hce26071504,https://www.meiji.co.jp/assets/img/structures/menu/menu_products_07.png,page_image,,,,,0,0.45,2026-09-14T17:55:01,"{""page_url"": ""https://www.meiji.co.jp/baby/cmp/close2609/?link=hce26071504""}"
151,3,明治,ほほえみ,明治ほほえみ,0-1,https://www.meiji.co.jp/baby/cmp/close2609/?link=hce26071504,https://www.meiji.co.jp/assets/img/structures/menu/menu_products_08.png,page_image,,,,,0,0.45,2026-09-14T17:55:01,"{""page_url"": ""https://www.meiji.co.jp/baby/cmp/close2609/?link=hce26071504""}"
152,3,明治,ほほえみ,明治ほほえみ,0-1,https://www.meiji.co.jp/baby/cmp/close2609/?link=hce26071504,https://www.meiji.co.jp/assets/img/structures/menu/menu_learned.png,page_image,,,,,0,0.45,2026-09-14T17:55:01,"{""page_url"": ""https://www.meiji.co.jp/baby/cmp/close2609/?link=hce26071504""}"
153,3,明治,ほほえみ,明治ほほえみ,0-1,https://www.meiji.co.jp/baby/cmp/close2609/?link=hce26071504,https://www.meiji.co.jp/assets/img/structures/menu/menu_learned_02.png,page_image,,,,,0,0.45,2026-09-14T17:55:01,"{""page_url"": ""https://www.meiji.co.jp/baby/cmp/close2609/?link=hce26071504""}"
154,3,明治,ほほえみ,明治ほほえみ,0-1,https://www.meiji.co.jp/baby/cmp/close2609/?link=hce26071504,https://www.meiji.co.jp/assets/img/structures/menu/menu_learned_03.png,page_image,,,,,0,0.45,2026-09-14T17:55:01,"{""page_url"": ""https://www.meiji.co.jp/baby/cmp/close2609/?link=hce26071504""}"
155,3,明治,ほほえみ,明治ほほえみ,0-1,https://www.meiji.co.jp/baby/cmp/close2609/?link=hce26071504,https://www.meiji.co.jp/assets/img/structures/menu/menu_learned_04.png,page_image,,,,,0,0.45,2026-09-14T17:55:01,"{""page_url"": ""https://www.meiji.co.jp/baby/cmp/close2609/?link=hce26071504""}"
156,3,明治,ほほえみ,明治ほほえみ,0-1,https://www.meiji.co.jp/baby/cmp/close2609/?link=hce26071504,https://www.meiji.co.jp/assets/img/structures/menu/menu_learned_07.png,page_image,,,,,0,0.45,2026-09-14T17:55:01,"{""page_url"": ""https://www.meiji.co.jp/baby/cmp/close2609/?link=hce26071504""}"
157,3,明治,ほほえみ,明治ほほえみ,0-1,https://www.meiji.co.jp/baby/cmp/close2609/?link=hce26071504,https://www.meiji.co.jp/assets/img/structures/menu/menu_learned_05.png,page_image,,,,,0,0.45,2026-09-14T17:55:01,"{""page_url"": ""https://www.meiji.co.jp/baby/cmp/close2609/?link=hce26071504""}"
158,3,明治,ほほえみ,明治ほほえみ,0-1,https://www.meiji.co.jp/baby/cmp/close2609/?link=hce26071504,https://www.meiji.co.jp/assets/img/structures/menu/menu_learned_08.png,page_image,,,,,0,0.45,2026-09-14T17:55:01,"{""page_url"": ""https://www.meiji.co.jp/baby/cmp/close2609/?link=hce26071504""}"
159,3,明治,ほほえみ,明治ほほえみ,0-1,https://www.meiji.co.jp/baby/cmp/close2609/?link=hce26071504,https://www.meiji.co.jp/assets/img/structures/menu/menu_learned_06.png,page_image,,,,,0,0.45,2026-09-14T17:55:01,"{""page_url"": ""https://www.meiji.co.jp/baby/cmp/close2609/?link=hce26071504""}"
160,3,明治,ほほえみ,明治ほほえみ,0-1,https://www.meiji.co.jp/baby/cmp/close2609/?link=hce26071504,https://www.meiji.co.jp/assets/img/structures/menu/menu_quality.png,page_image,,,,,0,0.45,2026-09-14T17:55:01,"{""page_url"": ""https://www.meiji.co.jp/baby/cmp/close2609/?link=hce26071504""}"
161,3,明治,ほほえみ,明治ほほえみ,0-1,https://www.meiji.co.jp/baby/cmp/close2609/?link=hce26071504,https://www.meiji.co.jp/assets/img/structures/menu/menu_quality_02.png,page_image,,,,,0,0.45,2026-09-14T17:55:01,"{""page_url"": ""https://www.meiji.co.jp/baby/cmp/close2609/?link=hce26071504""}"
162,3,明治,ほほえみ,明治ほほえみ,0-1,https://www.meiji.co.jp/baby/cmp/close2609/?link=hce26071504,https://www.meiji.co.jp/assets/img/structures/menu/menu_baby_clinic.png,page_image,,,,,0,0.45,2026-09-14T17:55:01,"{""page_url"": ""https://www.meiji.co.jp/baby/cmp/close2609/?link=hce26071504""}"
163,3,明治,ほほえみ,明治ほほえみ,0-1,https://www.meiji.co.jp/baby/cmp/close2609/?link=hce26071504,https://www.meiji.co.jp/baby/cmp/close2609/assets/img/mv_img01.png,banner_image,プレママから幼児期まで つながるポイントキャンペーン,,,,0,0.75,2026-09-14T17:55:01,"{""page_url"": ""https://www.meiji.co.jp/baby/cmp/close2609/?link=hce26071504""}"
164,3,明治,ほほえみ,明治ほほえみ,0-1,https://www.meiji.co.jp/baby/cmp/close2609/?link=hce26071504,https://www.meiji.co.jp/baby/cmp/close2609/assets/img/mv_img02.png,banner_image,ポイント集めて 必ずもらえる！QUOカードPay 200円分,,,,0,0.75,2026-09-14T17:55:01,"{""page_url"": ""https://www.meiji.co.jp/baby/cmp/close2609/?link=hce26071504""}"
165,3,明治,ほほえみ,明治ほほえみ,0-1,https://www.meiji.co.jp/baby/cmp/close2609/?link=hce26071504,https://www.meiji.co.jp/baby/cmp/close2609/assets/img/mv_img03.png,banner_image,さらに ポイントそのまま使えてお好きな賞品が当たる！こども商品券,,,,0,0.75,2026-09-14T17:55:01,"{""page_url"": ""https://www.meiji.co.jp/baby/cmp/close2609/?link=hce26071504""}"
166,3,明治,ほほえみ,明治ほほえみ,0-1,https://www.meiji.co.jp/baby/cmp/close2609/?link=hce26071504,https://www.meiji.co.jp/baby/cmp/close2609/assets/img/mv_img04.png,banner_image,レシート有効期間 2026年9月1日火～2027年9月30日木,,,,0,0.75,2026-09-14T17:55:01,"{""page_url"": ""https://www.meiji.co.jp/baby/cmp/close2609/?link=hce26071504""}"
167,3,明治,ほほえみ,明治ほほえみ,0-1,https://www.meiji.co.jp/baby/cmp/close2609/?link=hce26071504,https://www.meiji.co.jp/baby/cmp/close2609/assets/img/link_navi01.png,banner_image,応募コース賞品,,,,0,0.75,2026-09-14T17:55:01,"{""page_url"": ""https://www.meiji.co.jp/baby/cmp/close2609/?link=hce26071504""}"
168,3,明治,ほほえみ,明治ほほえみ,0-1,https://www.meiji.co.jp/baby/cmp/close2609/?link=hce26071504,https://www.meiji.co.jp/baby/cmp/close2609/assets/img/link_navi02.png,banner_image,対象商品ポイント,,,,0,0.75,2026-09-14T17:55:01,"{""page_url"": ""https://www.meiji.co.jp/baby/cmp/close2609/?link=hce26071504""}"
169,3,明治,ほほえみ,明治ほほえみ,0-1,https://www.meiji.co.jp/baby/cmp/close2609/?link=hce26071504,https://www.meiji.co.jp/baby/cmp/close2609/assets/img/link_navi03.png,banner_image,応募方法締切,,,,0,0.75,2026-09-14T17:55:01,"{""page_url"": ""https://www.meiji.co.jp/baby/cmp/close2609/?link=hce26071504""}"
170,3,明治,ほほえみ,明治ほほえみ,0-1,https://www.meiji.co.jp/baby/cmp/close2609/?link=hce26071504,https://www.meiji.co.jp/baby/cmp/close2609/assets/img/sec01_ttl_img01.png,banner_image,期間中に対象商品を購入の上、ご希望のコース・賞品を選んで応募しよう！,,,,0,0.75,2026-09-14T17:55:01,"{""page_url"": ""https://www.meiji.co.jp/baby/cmp/close2609/?link=hce26071504""}"
171,3,明治,ほほえみ,明治ほほえみ,0-1,https://www.meiji.co.jp/baby/cmp/close2609/?link=hce26071504,https://www.meiji.co.jp/baby/cmp/close2609/assets/img/sec01_img01.png,banner_image,,,,,0,0.7,2026-09-14T17:55:01,"{""page_url"": ""https://www.meiji.co.jp/baby/cmp/close2609/?link=hce26071504""}"
172,3,明治,ほほえみ,明治ほほえみ,0-1,https://www.meiji.co.jp/baby/cmp/close2609/?link=hce26071504,https://www.meiji.co.jp/baby/cmp/close2609/assets/img/sec01_img02.png,banner_image,,,,,0,0.7,2026-09-14T17:55:01,"{""page_url"": ""https://www.meiji.co.jp/baby/cmp/close2609/?link=hce26071504""}"
173,3,明治,ほほえみ,明治ほほえみ,0-1,https://www.meiji.co.jp/baby/cmp/close2609/?link=hce26071504,https://www.meiji.co.jp/baby/cmp/close2609/assets/img/sec01_img03.png,banner_image,,,,,0,0.7,2026-09-14T17:55:01,"{""page_url"": ""https://www.meiji.co.jp/baby/cmp/close2609/?link=hce26071504""}"
174,3,明治,ほほえみ,明治ほほえみ,0-1,https://www.meiji.co.jp/baby/cmp/close2609/?link=hce26071504,https://www.meiji.co.jp/baby/cmp/close2609/assets/img/sec01_btn01.png,banner_image,全ての賞品を表示する,,,,0,0.75,2026-09-14T17:55:01,"{""page_url"": ""https://www.meiji.co.jp/baby/cmp/close2609/?link=hce26071504""}"
175,3,明治,ほほえみ,明治ほほえみ,0-1,https://www.meiji.co.jp/baby/cmp/close2609/?link=hce26071504,https://www.meiji.co.jp/baby/cmp/close2609/assets/img/sec01_ttl_img02.png,banner_image,コースで探す,,,,0,0.75,2026-09-14T17:55:01,"{""page_url"": ""https://www.meiji.co.jp/baby/cmp/close2609/?link=hce26071504""}"
176,3,明治,ほほえみ,明治ほほえみ,0-1,https://www.meiji.co.jp/baby/cmp/close2609/?link=hce26071504,https://www.meiji.co.jp/baby/cmp/close2609/assets/img/sec01_btn02.png,banner_image,必ずもらえる！,,,,0,0.75,2026-09-14T17:55:01,"{""page_url"": ""https://www.meiji.co.jp/baby/cmp/close2609/?link=hce26071504""}"
177,3,明治,ほほえみ,明治ほほえみ,0-1,https://www.meiji.co.jp/baby/cmp/close2609/?link=hce26071504,https://www.meiji.co.jp/baby/cmp/close2609/assets/img/sec01_btn03.png,banner_image,抽選で当たる！,,,,0,0.75,2026-09-14T17:55:01,"{""page_url"": ""https://www.meiji.co.jp/baby/cmp/close2609/?link=hce26071504""}"
178,3,明治,ほほえみ,明治ほほえみ,0-1,https://www.meiji.co.jp/baby/cmp/close2609/?link=hce26071504,https://www.meiji.co.jp/baby/cmp/close2609/assets/img/sec01_ttl_img03.png,banner_image,ポイントで探す,,,,0,0.75,2026-09-14T17:55:01,"{""page_url"": ""https://www.meiji.co.jp/baby/cmp/close2609/?link=hce26071504""}"
179,3,明治,ほほえみ,明治ほほえみ,0-1,https://www.meiji.co.jp/baby/cmp/close2609/?link=hce26071504,https://www.meiji.co.jp/baby/cmp/close2609/assets/img/sec01_btn04.png,banner_image,25ポイント,,,,0,0.75,2026-09-14T17:55:01,"{""page_url"": ""https://www.meiji.co.jp/baby/cmp/close2609/?link=hce26071504""}"
180,3,明治,ほほえみ,明治ほほえみ,0-1,https://www.meiji.co.jp/baby/cmp/close2609/?link=hce26071504,https://www.meiji.co.jp/baby/cmp/close2609/assets/img/sec01_btn05.png,banner_image,35ポイント,,,,0,0.75,2026-09-14T17:55:01,"{""page_url"": ""https://www.meiji.co.jp/baby/cmp/close2609/?link=hce26071504""}"
181,3,明治,ほほえみ,明治ほほえみ,0-1,https://www.meiji.co.jp/baby/cmp/close2609/?link=hce26071504,https://www.meiji.co.jp/baby/cmp/close2609/assets/img/sec01_btn06.png,banner_image,45ポイント,,,,0,0.75,2026-09-14T17:55:01,"{""page_url"": ""https://www.meiji.co.jp/baby/cmp/close2609/?link=hce26071504""}"
182,3,明治,ほほえみ,明治ほほえみ,0-1,https://www.meiji.co.jp/baby/cmp/close2609/?link=hce26071504,https://www.meiji.co.jp/baby/cmp/close2609/assets/img/sec01_btn07.png,banner_image,65ポイント,,,,0,0.75,2026-09-14T17:55:01,"{""page_url"": ""https://www.meiji.co.jp/baby/cmp/close2609/?link=hce26071504""}"
183,3,明治,ほほえみ,明治ほほえみ,0-1,https://www.meiji.co.jp/baby/cmp/close2609/?link=hce26071504,https://www.meiji.co.jp/baby/cmp/close2609/assets/img/sec01_course_ttl.png,banner_image,必ずもらえる！コースお一人様1回限りのチャンス！,,,,0,0.75,2026-09-14T17:55:01,"{""page_url"": ""https://www.meiji.co.jp/baby/cmp/close2609/?link=hce26071504""}"
184,3,明治,ほほえみ,明治ほほえみ,0-1,https://www.meiji.co.jp/baby/cmp/close2609/?link=hce26071504,https://www.meiji.co.jp/baby/cmp/close2609/assets/img/sec01_course_img01.png,banner_image,25ポイント QUO Payクオ・カード ペイ,,,,0,0.75,2026-09-14T17:55:01,"{""page_url"": ""https://www.meiji.co.jp/baby/cmp/close2609/?link=hce26071504""}"
185,3,明治,ほほえみ,明治ほほえみ,0-1,https://www.meiji.co.jp/baby/cmp/close2609/?link=hce26071504,https://www.meiji.co.jp/baby/cmp/close2609/assets/img/sec01_course_img02.png,banner_image,QUOカードPay200円分が必ずもらえる！,,,,0,0.75,2026-09-14T17:55:01,"{""page_url"": ""https://www.meiji.co.jp/baby/cmp/close2609/?link=hce26071504""}"
186,3,明治,ほほえみ,明治ほほえみ,0-1,https://www.meiji.co.jp/baby/cmp/close2609/?link=hce26071504,https://www.meiji.co.jp/baby/cmp/close2609/assets/img/sec01_prize_ttl.png,banner_image,抽選で当たる！コース25ポイントがそのまま使える！,,,,0,0.75,2026-09-14T17:55:01,"{""page_url"": ""https://www.meiji.co.jp/baby/cmp/close2609/?link=hce26071504""}"
187,3,明治,ほほえみ,明治ほほえみ,0-1,https://www.meiji.co.jp/baby/cmp/close2609/?link=hce26071504,https://www.meiji.co.jp/baby/cmp/close2609/assets/img/sec01_prize_img01.png,banner_image,全期間合計81名様にプレゼント！,,,,0,0.75,2026-09-14T17:55:01,"{""page_url"": ""https://www.meiji.co.jp/baby/cmp/close2609/?link=hce26071504""}"
188,3,明治,ほほえみ,明治ほほえみ,0-1,https://www.meiji.co.jp/baby/cmp/close2609/?link=hce26071504,https://www.meiji.co.jp/baby/cmp/close2609/assets/img/sec01_prize_img02.png,banner_image,必ずもらえる！コースの25ポイントに必要なポイント分を加算するだけで、お好きな賞品が当たる！,,,,0,0.75,2026-09-14T17:55:01,"{""page_url"": ""https://www.meiji.co.jp/baby/cmp/close2609/?link=hce26071504""}"
189,3,明治,ほほえみ,明治ほほえみ,0-1,https://www.meiji.co.jp/baby/cmp/close2609/?link=hce26071504,https://www.meiji.co.jp/baby/cmp/close2609/assets/img/sec01_prize_img03.png,banner_image,+10ポイントで各賞品×3名×3回＝27名様に当たる!,,,,0,0.75,2026-09-14T17:55:01,"{""page_url"": ""https://www.meiji.co.jp/baby/cmp/close2609/?link=hce26071504""}"
190,3,明治,ほほえみ,明治ほほえみ,0-1,https://www.meiji.co.jp/baby/cmp/close2609/?link=hce26071504,https://www.meiji.co.jp/baby/cmp/close2609/assets/img/prize_ttl01.png,banner_image,35ポイント,,,,0,0.75,2026-09-14T17:55:01,"{""page_url"": ""https://www.meiji.co.jp/baby/cmp/close2609/?link=hce26071504""}"
191,3,明治,ほほえみ,明治ほほえみ,0-1,https://www.meiji.co.jp/baby/cmp/close2609/?link=hce26071504,https://www.meiji.co.jp/baby/cmp/close2609/assets/img/prize_img01.png,banner_image,DADWAYオンラインギフト券,,,,0,0.75,2026-09-14T17:55:01,"{""page_url"": ""https://www.meiji.co.jp/baby/cmp/close2609/?link=hce26071504""}"
192,3,明治,ほほえみ,明治ほほえみ,0-1,https://www.meiji.co.jp/baby/cmp/close2609/?link=hce26071504,https://www.meiji.co.jp/baby/cmp/close2609/assets/img/prize_img02.png,banner_image,BRUNOマルチスティックブレンダー2 BOE140,,,,0,0.75,2026-09-14T17:55:01,"{""page_url"": ""https://www.meiji.co.jp/baby/cmp/close2609/?link=hce26071504""}"
193,3,明治,ほほえみ,明治ほほえみ,0-1,https://www.meiji.co.jp/baby/cmp/close2609/?link=hce26071504,https://www.meiji.co.jp/baby/cmp/close2609/assets/img/prize_img03.png,banner_image,リズム楽器とおはなしの世界へボーネルンドもりのおとあそび,,,,0,0.75,2026-09-14T17:55:01,"{""page_url"": ""https://www.meiji.co.jp/baby/cmp/close2609/?link=hce26071504""}"
194,3,明治,ほほえみ,明治ほほえみ,0-1,https://www.meiji.co.jp/baby/cmp/close2609/?link=hce26071504,https://www.meiji.co.jp/baby/cmp/close2609/assets/img/sec01_prize_img04.png,banner_image,+20ポイントで各賞品×3名×3回＝27名様に当たる!,,,,0,0.75,2026-09-14T17:55:01,"{""page_url"": ""https://www.meiji.co.jp/baby/cmp/close2609/?link=hce26071504""}"
195,3,明治,ほほえみ,明治ほほえみ,0-1,https://www.meiji.co.jp/baby/cmp/close2609/?link=hce26071504,https://www.meiji.co.jp/baby/cmp/close2609/assets/img/prize_ttl02.png,banner_image,45ポイント,,,,0,0.75,2026-09-14T17:55:01,"{""page_url"": ""https://www.meiji.co.jp/baby/cmp/close2609/?link=hce26071504""}"
196,3,明治,ほほえみ,明治ほほえみ,0-1,https://www.meiji.co.jp/baby/cmp/close2609/?link=hce26071504,https://www.meiji.co.jp/baby/cmp/close2609/assets/img/prize_img04.png,banner_image,ペダルなし自転車グラフィスベビー,,,,0,0.75,2026-09-14T17:55:01,"{""page_url"": ""https://www.meiji.co.jp/baby/cmp/close2609/?link=hce26071504""}"
197,3,明治,ほほえみ,明治ほほえみ,0-1,https://www.meiji.co.jp/baby/cmp/close2609/?link=hce26071504,https://www.meiji.co.jp/baby/cmp/close2609/assets/img/prize_img05.png,banner_image,アイリスオーヤマ電気圧力鍋4.0LKPC-MA4,,,,0,0.75,2026-09-14T17:55:01,"{""page_url"": ""https://www.meiji.co.jp/baby/cmp/close2609/?link=hce26071504""}"
198,3,明治,ほほえみ,明治ほほえみ,0-1,https://www.meiji.co.jp/baby/cmp/close2609/?link=hce26071504,https://www.meiji.co.jp/baby/cmp/close2609/assets/img/prize_img06.png,banner_image,おもちゃのサブスク「トイサブ！」6ヶ月コース,,,,0,0.75,2026-09-14T17:55:01,"{""page_url"": ""https://www.meiji.co.jp/baby/cmp/close2609/?link=hce26071504""}"
199,3,明治,ほほえみ,明治ほほえみ,0-1,https://www.meiji.co.jp/baby/cmp/close2609/?link=hce26071504,https://www.meiji.co.jp/baby/cmp/close2609/assets/img/sec01_prize_img05.png,banner_image,+40ポイントで各賞品×3名×3回＝27名様に当たる!,,,,0,0.75,2026-09-14T17:55:01,"{""page_url"": ""https://www.meiji.co.jp/baby/cmp/close2609/?link=hce26071504""}"
200,3,明治,ほほえみ,明治ほほえみ,0-1,https://www.meiji.co.jp/baby/cmp/close2609/?link=hce26071504,https://www.meiji.co.jp/baby/cmp/close2609/assets/img/prize_ttl03.png,banner_image,65ポイント,,,,0,0.75,2026-09-14T17:55:01,"{""page_url"": ""https://www.meiji.co.jp/baby/cmp/close2609/?link=hce26071504""}"
201,3,明治,ほほえみ,明治ほほえみ,0-1,https://www.meiji.co.jp/baby/cmp/close2609/?link=hce26071504,https://www.meiji.co.jp/baby/cmp/close2609/assets/img/prize_img07.png,banner_image,パナソニックスチームオーブンレンジ Bistro NE-BS8D,,,,0,0.75,2026-09-14T17:55:01,"{""page_url"": ""https://www.meiji.co.jp/baby/cmp/close2609/?link=hce26071504""}"
202,3,明治,ほほえみ,明治ほほえみ,0-1,https://www.meiji.co.jp/baby/cmp/close2609/?link=hce26071504,https://www.meiji.co.jp/baby/cmp/close2609/assets/img/prize_img08.png,banner_image,"こども商品券 e-Gift 60,000円",,,,0,0.75,2026-09-14T17:55:01,"{""page_url"": ""https://www.meiji.co.jp/baby/cmp/close2609/?link=hce26071504""}"
203,3,明治,ほほえみ,明治ほほえみ,0-1,https://www.meiji.co.jp/baby/cmp/close2609/?link=hce26071504,https://www.meiji.co.jp/baby/cmp/close2609/assets/img/prize_img09.png,banner_image,レストラン・ホテル旅館予約で使えるギフトクーポン,,,,0,0.75,2026-09-14T17:55:01,"{""page_url"": ""https://www.meiji.co.jp/baby/cmp/close2609/?link=hce26071504""}"
204,3,明治,ほほえみ,明治ほほえみ,0-1,https://www.meiji.co.jp/baby/cmp/close2609/?link=hce26071504,https://www.meiji.co.jp/baby/cmp/close2609/assets/img/sec01_btn_img01.png,banner_image,当選確率が2倍のチャンス！,,,,0,0.75,2026-09-14T17:55:01,"{""page_url"": ""https://www.meiji.co.jp/baby/cmp/close2609/?link=hce26071504""}"
205,3,明治,ほほえみ,明治ほほえみ,0-1,https://www.meiji.co.jp/baby/cmp/close2609/?link=hce26071504,https://www.meiji.co.jp/campaign,landing_page,,キャンペーンTOP,,,1,0.75,2026-09-14T17:55:01,"{""page_url"": ""https://www.meiji.co.jp/baby/cmp/close2609/?link=hce26071504""}"
206,3,明治,ほほえみ,明治ほほえみ,0-1,https://www.meiji.co.jp/baby/cmp/close2609/?link=hce26071504,https://campaign.meiji.co.jp/,landing_page,,明治会員ID限定キャンペーン,,,1,0.75,2026-09-14T17:55:01,"{""page_url"": ""https://www.meiji.co.jp/baby/cmp/close2609/?link=hce26071504""}"
207,3,明治,ほほえみ,明治ほほえみ,0-1,https://www.meiji.co.jp/baby/cmp/close2609/?link=hce26071504,https://www.meiji.co.jp/learned,landing_page,,体験・学ぶ,,,1,0.75,2026-09-14T17:55:01,"{""page_url"": ""https://www.meiji.co.jp/baby/cmp/close2609/?link=hce26071504""}"
208,3,明治,ほほえみ,明治ほほえみ,0-1,https://www.meiji.co.jp/baby/cmp/close2609/?link=hce26071504,https://search.meiji.co.jp/?kw=キャンペーン&ie=u,landing_page,,キャンペーン,,,1,0.75,2026-09-14T17:55:01,"{""page_url"": ""https://www.meiji.co.jp/baby/cmp/close2609/?link=hce26071504""}"
209,3,明治,ほほえみ,明治ほほえみ,0-1,https://www.meiji.co.jp/baby/cmp/close2609/?link=hce26071504,https://www.meiji.co.jp/baby/cmp/close2609?link=hce26071504,landing_page,,,,,1,0.75,2026-09-14T17:55:01,"{""page_url"": ""https://www.meiji.co.jp/baby/cmp/close2609/?link=hce26071504""}"
213,3,明治,ほほえみ,明治ほほえみ,0-1,https://www.meiji.co.jp/baby/cmp/close2609/?link=hce26071504,https://www.meiji.co.jp/baby/cmp/close2609/assets/img/pup_img01.png,landing_page,,,,,1,0.75,2026-09-14T17:55:01,"{""page_url"": ""https://www.meiji.co.jp/baby/cmp/close2609/?link=hce26071504""}"
214,3,明治,ほほえみ,明治ほほえみ,0-1,https://www.meiji.co.jp/baby/cmp/close2609/?link=hce26071504,https://www.meiji.co.jp/baby/cmp/close2609/assets/img/pup_img02.png,landing_page,,,,,1,0.75,2026-09-14T17:55:01,"{""page_url"": ""https://www.meiji.co.jp/baby/cmp/close2609/?link=hce26071504""}"
215,3,明治,ほほえみ,明治ほほえみ,0-1,https://www.meiji.co.jp/baby/cmp/close2609/?link=hce26071504,https://www.meiji.co.jp/baby/cmp/close2609/assets/img/pup_img03.png,landing_page,,,,,1,0.75,2026-09-14T17:55:01,"{""page_url"": ""https://www.meiji.co.jp/baby/cmp/close2609/?link=hce26071504""}"
216,3,明治,ほほえみ,明治ほほえみ,0-1,https://www.meiji.co.jp/baby/cmp/close2609/?link=hce26071504,https://www.meiji.co.jp/baby/cmp/close2609/assets/img/pup_img04.png,landing_page,,,,,1,0.75,2026-09-14T17:55:01,"{""page_url"": ""https://www.meiji.co.jp/baby/cmp/close2609/?link=hce26071504""}"
217,3,明治,ほほえみ,明治ほほえみ,0-1,https://www.meiji.co.jp/baby/cmp/close2609/?link=hce26071504,https://www.meiji.co.jp/baby/cmp/close2609/assets/img/pup_img05.png,landing_page,,,,,1,0.75,2026-09-14T17:55:01,"{""page_url"": ""https://www.meiji.co.jp/baby/cmp/close2609/?link=hce26071504""}"
218,3,明治,ほほえみ,明治ほほえみ,0-1,https://www.meiji.co.jp/baby/cmp/close2609/?link=hce26071504,https://www.meiji.co.jp/baby/cmp/close2609/assets/img/pup_img06.png,landing_page,,,,,1,0.75,2026-09-14T17:55:01,"{""page_url"": ""https://www.meiji.co.jp/baby/cmp/close2609/?link=hce26071504""}"
219,3,明治,ほほえみ,明治ほほえみ,0-1,https://www.meiji.co.jp/baby/cmp/close2609/?link=hce26071504,https://www.meiji.co.jp/baby/cmp/close2609/assets/img/pup_img07.png,landing_page,,,,,1,0.75,2026-09-14T17:55:01,"{""page_url"": ""https://www.meiji.co.jp/baby/cmp/close2609/?link=hce26071504""}"
220,3,明治,ほほえみ,明治ほほえみ,0-1,https://www.meiji.co.jp/baby/cmp/close2609/?link=hce26071504,https://www.meiji.co.jp/baby/cmp/close2609/assets/img/pup_img08.png,landing_page,,,,,1,0.75,2026-09-14T17:55:01,"{""page_url"": ""https://www.meiji.co.jp/baby/cmp/close2609/?link=hce26071504""}"
221,3,明治,ほほえみ,明治ほほえみ,0-1,https://www.meiji.co.jp/baby/cmp/close2609/?link=hce26071504,https://www.meiji.co.jp/baby/cmp/close2609/assets/img/pup_img09.png,landing_page,,,,,1,0.75,2026-09-14T17:55:01,"{""page_url"": ""https://www.meiji.co.jp/baby/cmp/close2609/?link=hce26071504""}"
222,3,明治,ほほえみ,明治ほほえみ,0-1,https://www.meiji.co.jp/baby/cmp/close2609/?link=hce26071504,https://help.line.me/line?lang=ja&contentId=10002433,landing_page,,https://help.line.me/line/?lang=ja&contentId=10002433,,,1,0.75,2026-09-14T17:55:01,"{""page_url"": ""https://www.meiji.co.jp/baby/cmp/close2609/?link=hce26071504""}"
224,4,明治,ほほえみ,明治ほほえみ,0-1,https://www.meiji.co.jp/baby/kosodateminnade/local/?utm_source=owned&utm_medium=banner&utm_campaign=kosodateminnade_local_hohoemi,https://www.meiji.co.jp/baby/kosodateminnade/local/images/ogp.jpg,og_image,,OG/Twitter preview image,,,0,0.85,2026-09-14T17:55:01,"{""page_url"": ""https://www.meiji.co.jp/baby/kosodateminnade/local/?utm_source=owned&utm_medium=banner&utm_campaign=kosodateminnade_local_hohoemi""}"
225,4,明治,ほほえみ,明治ほほえみ,0-1,https://www.meiji.co.jp/baby/kosodateminnade/local/?utm_source=owned&utm_medium=banner&utm_campaign=kosodateminnade_local_hohoemi,https://www.meiji.co.jp/assets/img/structures/logo.svg,page_image,健康にアイデアを 株式会社 明治,,249.0,68.0,0,0.5,2026-09-14T17:55:01,"{""page_url"": ""https://www.meiji.co.jp/baby/kosodateminnade/local/?utm_source=owned&utm_medium=banner&utm_campaign=kosodateminnade_local_hohoemi""}"
226,4,明治,ほほえみ,明治ほほえみ,0-1,https://www.meiji.co.jp/baby/kosodateminnade/local/?utm_source=owned&utm_medium=banner&utm_campaign=kosodateminnade_local_hohoemi,https://www.meiji.co.jp/assets/img/icons/icon_search.svg,page_image,,,,,0,0.45,2026-09-14T17:55:01,"{""page_url"": ""https://www.meiji.co.jp/baby/kosodateminnade/local/?utm_source=owned&utm_medium=banner&utm_campaign=kosodateminnade_local_hohoemi""}"
227,4,明治,ほほえみ,明治ほほえみ,0-1,https://www.meiji.co.jp/baby/kosodateminnade/local/?utm_source=owned&utm_medium=banner&utm_campaign=kosodateminnade_local_hohoemi,https://www.meiji.co.jp/assets/img/icons/header_close.svg,page_image,,,,,0,0.45,2026-09-14T17:55:01,"{""page_url"": ""https://www.meiji.co.jp/baby/kosodateminnade/local/?utm_source=owned&utm_medium=banner&utm_campaign=kosodateminnade_local_hohoemi""}"
228,4,明治,ほほえみ,明治ほほえみ,0-1,https://www.meiji.co.jp/baby/kosodateminnade/local/?utm_source=owned&utm_medium=banner&utm_campaign=kosodateminnade_local_hohoemi,https://www.meiji.co.jp/assets/img/icons/plus.svg,page_image,開く,,,,0,0.5,2026-09-14T17:55:01,"{""page_url"": ""https://www.meiji.co.jp/baby/kosodateminnade/local/?utm_source=owned&utm_medium=banner&utm_campaign=kosodateminnade_local_hohoemi""}"
229,4,明治,ほほえみ,明治ほほえみ,0-1,https://www.meiji.co.jp/baby/kosodateminnade/local/?utm_source=owned&utm_medium=banner&utm_campaign=kosodateminnade_local_hohoemi,https://www.meiji.co.jp/assets/img/icons/external_gray.svg,page_image,（新しいウィンドウ）,,,,0,0.5,2026-09-14T17:55:01,"{""page_url"": ""https://www.meiji.co.jp/baby/kosodateminnade/local/?utm_source=owned&utm_medium=banner&utm_campaign=kosodateminnade_local_hohoemi""}"
230,4,明治,ほほえみ,明治ほほえみ,0-1,https://www.meiji.co.jp/baby/kosodateminnade/local/?utm_source=owned&utm_medium=banner&utm_campaign=kosodateminnade_local_hohoemi,https://www.meiji.co.jp/assets/img/structures/menu/menu_products_01.png,page_image,,,,,0,0.45,2026-09-14T17:55:01,"{""page_url"": ""https://www.meiji.co.jp/baby/kosodateminnade/local/?utm_source=owned&utm_medium=banner&utm_campaign=kosodateminnade_local_hohoemi""}"
231,4,明治,ほほえみ,明治ほほえみ,0-1,https://www.meiji.co.jp/baby/kosodateminnade/local/?utm_source=owned&utm_medium=banner&utm_campaign=kosodateminnade_local_hohoemi,https://www.meiji.co.jp/assets/img/structures/menu/menu_products_02.png,page_image,,,,,0,0.45,2026-09-14T17:55:01,"{""page_url"": ""https://www.meiji.co.jp/baby/kosodateminnade/local/?utm_source=owned&utm_medium=banner&utm_campaign=kosodateminnade_local_hohoemi""}"
232,4,明治,ほほえみ,明治ほほえみ,0-1,https://www.meiji.co.jp/baby/kosodateminnade/local/?utm_source=owned&utm_medium=banner&utm_campaign=kosodateminnade_local_hohoemi,https://www.meiji.co.jp/assets/img/structures/menu/menu_products_03.png,page_image,,,,,0,0.45,2026-09-14T17:55:01,"{""page_url"": ""https://www.meiji.co.jp/baby/kosodateminnade/local/?utm_source=owned&utm_medium=banner&utm_campaign=kosodateminnade_local_hohoemi""}"
233,4,明治,ほほえみ,明治ほほえみ,0-1,https://www.meiji.co.jp/baby/kosodateminnade/local/?utm_source=owned&utm_medium=banner&utm_campaign=kosodateminnade_local_hohoemi,https://www.meiji.co.jp/assets/img/structures/menu/menu_products_04.png,page_image,,,,,0,0.45,2026-09-14T17:55:01,"{""page_url"": ""https://www.meiji.co.jp/baby/kosodateminnade/local/?utm_source=owned&utm_medium=banner&utm_campaign=kosodateminnade_local_hohoemi""}"
234,4,明治,ほほえみ,明治ほほえみ,0-1,https://www.meiji.co.jp/baby/kosodateminnade/local/?utm_source=owned&utm_medium=banner&utm_campaign=kosodateminnade_local_hohoemi,https://www.meiji.co.jp/assets/img/structures/menu/menu_products_05.png,page_image,,,,,0,0.45,2026-09-14T17:55:01,"{""page_url"": ""https://www.meiji.co.jp/baby/kosodateminnade/local/?utm_source=owned&utm_medium=banner&utm_campaign=kosodateminnade_local_hohoemi""}"
235,4,明治,ほほえみ,明治ほほえみ,0-1,https://www.meiji.co.jp/baby/kosodateminnade/local/?utm_source=owned&utm_medium=banner&utm_campaign=kosodateminnade_local_hohoemi,https://www.meiji.co.jp/assets/img/structures/menu/menu_products_06.png,page_image,,,,,0,0.45,2026-09-14T17:55:01,"{""page_url"": ""https://www.meiji.co.jp/baby/kosodateminnade/local/?utm_source=owned&utm_medium=banner&utm_campaign=kosodateminnade_local_hohoemi""}"
236,4,明治,ほほえみ,明治ほほえみ,0-1,https://www.meiji.co.jp/baby/kosodateminnade/local/?utm_source=owned&utm_medium=banner&utm_campaign=kosodateminnade_local_hohoemi,https://www.meiji.co.jp/assets/img/structures/menu/menu_products_07.png,page_image,,,,,0,0.45,2026-09-14T17:55:01,"{""page_url"": ""https://www.meiji.co.jp/baby/kosodateminnade/local/?utm_source=owned&utm_medium=banner&utm_campaign=kosodateminnade_local_hohoemi""}"
237,4,明治,ほほえみ,明治ほほえみ,0-1,https://www.meiji.co.jp/baby/kosodateminnade/local/?utm_source=owned&utm_medium=banner&utm_campaign=kosodateminnade_local_hohoemi,https://www.meiji.co.jp/assets/img/structures/menu/menu_products_08.png,page_image,,,,,0,0.45,2026-09-14T17:55:01,"{""page_url"": ""https://www.meiji.co.jp/baby/kosodateminnade/local/?utm_source=owned&utm_medium=banner&utm_campaign=kosodateminnade_local_hohoemi""}"
238,4,明治,ほほえみ,明治ほほえみ,0-1,https://www.meiji.co.jp/baby/kosodateminnade/local/?utm_source=owned&utm_medium=banner&utm_campaign=kosodateminnade_local_hohoemi,https://www.meiji.co.jp/assets/img/structures/menu/menu_learned.png,page_image,,,,,0,0.45,2026-09-14T17:55:01,"{""page_url"": ""https://www.meiji.co.jp/baby/kosodateminnade/local/?utm_source=owned&utm_medium=banner&utm_campaign=kosodateminnade_local_hohoemi""}"
239,4,明治,ほほえみ,明治ほほえみ,0-1,https://www.meiji.co.jp/baby/kosodateminnade/local/?utm_source=owned&utm_medium=banner&utm_campaign=kosodateminnade_local_hohoemi,https://www.meiji.co.jp/assets/img/structures/menu/menu_learned_02.png,page_image,,,,,0,0.45,2026-09-14T17:55:01,"{""page_url"": ""https://www.meiji.co.jp/baby/kosodateminnade/local/?utm_source=owned&utm_medium=banner&utm_campaign=kosodateminnade_local_hohoemi""}"
240,4,明治,ほほえみ,明治ほほえみ,0-1,https://www.meiji.co.jp/baby/kosodateminnade/local/?utm_source=owned&utm_medium=banner&utm_campaign=kosodateminnade_local_hohoemi,https://www.meiji.co.jp/assets/img/structures/menu/menu_learned_03.png,page_image,,,,,0,0.45,2026-09-14T17:55:01,"{""page_url"": ""https://www.meiji.co.jp/baby/kosodateminnade/local/?utm_source=owned&utm_medium=banner&utm_campaign=kosodateminnade_local_hohoemi""}"
241,4,明治,ほほえみ,明治ほほえみ,0-1,https://www.meiji.co.jp/baby/kosodateminnade/local/?utm_source=owned&utm_medium=banner&utm_campaign=kosodateminnade_local_hohoemi,https://www.meiji.co.jp/assets/img/structures/menu/menu_learned_04.png,page_image,,,,,0,0.45,2026-09-14T17:55:01,"{""page_url"": ""https://www.meiji.co.jp/baby/kosodateminnade/local/?utm_source=owned&utm_medium=banner&utm_campaign=kosodateminnade_local_hohoemi""}"
242,4,明治,ほほえみ,明治ほほえみ,0-1,https://www.meiji.co.jp/baby/kosodateminnade/local/?utm_source=owned&utm_medium=banner&utm_campaign=kosodateminnade_local_hohoemi,https://www.meiji.co.jp/assets/img/structures/menu/menu_learned_07.png,page_image,,,,,0,0.45,2026-09-14T17:55:01,"{""page_url"": ""https://www.meiji.co.jp/baby/kosodateminnade/local/?utm_source=owned&utm_medium=banner&utm_campaign=kosodateminnade_local_hohoemi""}"
243,4,明治,ほほえみ,明治ほほえみ,0-1,https://www.meiji.co.jp/baby/kosodateminnade/local/?utm_source=owned&utm_medium=banner&utm_campaign=kosodateminnade_local_hohoemi,https://www.meiji.co.jp/assets/img/structures/menu/menu_learned_05.png,page_image,,,,,0,0.45,2026-09-14T17:55:01,"{""page_url"": ""https://www.meiji.co.jp/baby/kosodateminnade/local/?utm_source=owned&utm_medium=banner&utm_campaign=kosodateminnade_local_hohoemi""}"
244,4,明治,ほほえみ,明治ほほえみ,0-1,https://www.meiji.co.jp/baby/kosodateminnade/local/?utm_source=owned&utm_medium=banner&utm_campaign=kosodateminnade_local_hohoemi,https://www.meiji.co.jp/assets/img/structures/menu/menu_learned_08.png,page_image,,,,,0,0.45,2026-09-14T17:55:01,"{""page_url"": ""https://www.meiji.co.jp/baby/kosodateminnade/local/?utm_source=owned&utm_medium=banner&utm_campaign=kosodateminnade_local_hohoemi""}"
245,4,明治,ほほえみ,明治ほほえみ,0-1,https://www.meiji.co.jp/baby/kosodateminnade/local/?utm_source=owned&utm_medium=banner&utm_campaign=kosodateminnade_local_hohoemi,https://www.meiji.co.jp/assets/img/structures/menu/menu_learned_06.png,page_image,,,,,0,0.45,2026-09-14T17:55:01,"{""page_url"": ""https://www.meiji.co.jp/baby/kosodateminnade/local/?utm_source=owned&utm_medium=banner&utm_campaign=kosodateminnade_local_hohoemi""}"
246,4,明治,ほほえみ,明治ほほえみ,0-1,https://www.meiji.co.jp/baby/kosodateminnade/local/?utm_source=owned&utm_medium=banner&utm_campaign=kosodateminnade_local_hohoemi,https://www.meiji.co.jp/assets/img/structures/menu/menu_quality.png,page_image,,,,,0,0.45,2026-09-14T17:55:01,"{""page_url"": ""https://www.meiji.co.jp/baby/kosodateminnade/local/?utm_source=owned&utm_medium=banner&utm_campaign=kosodateminnade_local_hohoemi""}"
247,4,明治,ほほえみ,明治ほほえみ,0-1,https://www.meiji.co.jp/baby/kosodateminnade/local/?utm_source=owned&utm_medium=banner&utm_campaign=kosodateminnade_local_hohoemi,https://www.meiji.co.jp/assets/img/structures/menu/menu_quality_02.png,page_image,,,,,0,0.45,2026-09-14T17:55:01,"{""page_url"": ""https://www.meiji.co.jp/baby/kosodateminnade/local/?utm_source=owned&utm_medium=banner&utm_campaign=kosodateminnade_local_hohoemi""}"
248,4,明治,ほほえみ,明治ほほえみ,0-1,https://www.meiji.co.jp/baby/kosodateminnade/local/?utm_source=owned&utm_medium=banner&utm_campaign=kosodateminnade_local_hohoemi,https://www.meiji.co.jp/assets/img/structures/menu/menu_baby_clinic.png,page_image,,,,,0,0.45,2026-09-14T17:55:01,"{""page_url"": ""https://www.meiji.co.jp/baby/kosodateminnade/local/?utm_source=owned&utm_medium=banner&utm_campaign=kosodateminnade_local_hohoemi""}"
249,4,明治,ほほえみ,明治ほほえみ,0-1,https://www.meiji.co.jp/baby/kosodateminnade/local/?utm_source=owned&utm_medium=banner&utm_campaign=kosodateminnade_local_hohoemi,https://www.meiji.co.jp/baby/kosodateminnade/local/images/kv_title_sp.png,banner_image,,,,,0,0.7,2026-09-14T17:55:01,"{""page_url"": ""https://www.meiji.co.jp/baby/kosodateminnade/local/?utm_source=owned&utm_medium=banner&utm_campaign=kosodateminnade_local_hohoemi""}"
250,4,明治,ほほえみ,明治ほほえみ,0-1,https://www.meiji.co.jp/baby/kosodateminnade/local/?utm_source=owned&utm_medium=banner&utm_campaign=kosodateminnade_local_hohoemi,https://www.meiji.co.jp/baby/kosodateminnade/local/images/kv_title_pc.png,banner_image,みんなで考え、みんなでよりよく。こそだてMINNAdeプロジェクト,,675.0,377.0,0,0.95,2026-09-14T17:55:01,"{""page_url"": ""https://www.meiji.co.jp/baby/kosodateminnade/local/?utm_source=owned&utm_medium=banner&utm_campaign=kosodateminnade_local_hohoemi""}"
251,4,明治,ほほえみ,明治ほほえみ,0-1,https://www.meiji.co.jp/baby/kosodateminnade/local/?utm_source=owned&utm_medium=banner&utm_campaign=kosodateminnade_local_hohoemi,https://www.meiji.co.jp/baby/kosodateminnade/local/images/kv_img_sp.webp,banner_image,みんなで考え、みんなでよりよく。こそだてMINNAdeプロジェクト,,309.0,199.0,0,0.75,2026-09-14T17:55:01,"{""page_url"": ""https://www.meiji.co.jp/baby/kosodateminnade/local/?utm_source=owned&utm_medium=banner&utm_campaign=kosodateminnade_local_hohoemi""}"
252,4,明治,ほほえみ,明治ほほえみ,0-1,https://www.meiji.co.jp/baby/kosodateminnade/local/?utm_source=owned&utm_medium=banner&utm_campaign=kosodateminnade_local_hohoemi,https://www.meiji.co.jp/baby/kosodateminnade/local/images/icon_01.svg,page_image,,,74.0,50.0,0,0.45,2026-09-14T17:55:01,"{""page_url"": ""https://www.meiji.co.jp/baby/kosodateminnade/local/?utm_source=owned&utm_medium=banner&utm_campaign=kosodateminnade_local_hohoemi""}"
253,4,明治,ほほえみ,明治ほほえみ,0-1,https://www.meiji.co.jp/baby/kosodateminnade/local/?utm_source=owned&utm_medium=banner&utm_campaign=kosodateminnade_local_hohoemi,https://www.meiji.co.jp/baby/kosodateminnade/local/images/action_img.jpg,page_image,Action,,350.0,350.0,0,0.5,2026-09-14T17:55:01,"{""page_url"": ""https://www.meiji.co.jp/baby/kosodateminnade/local/?utm_source=owned&utm_medium=banner&utm_campaign=kosodateminnade_local_hohoemi""}"
254,4,明治,ほほえみ,明治ほほえみ,0-1,https://www.meiji.co.jp/baby/kosodateminnade/local/?utm_source=owned&utm_medium=banner&utm_campaign=kosodateminnade_local_hohoemi,https://www.meiji.co.jp/baby/kosodateminnade/local/images/icon_02.svg,page_image,,,74.0,50.0,0,0.45,2026-09-14T17:55:01,"{""page_url"": ""https://www.meiji.co.jp/baby/kosodateminnade/local/?utm_source=owned&utm_medium=banner&utm_campaign=kosodateminnade_local_hohoemi""}"
255,4,明治,ほほえみ,明治ほほえみ,0-1,https://www.meiji.co.jp/baby/kosodateminnade/local/?utm_source=owned&utm_medium=banner&utm_campaign=kosodateminnade_local_hohoemi,https://www.meiji.co.jp/baby/kosodateminnade/local/images/imple_01.png,page_image,,,134.0,103.0,0,0.45,2026-09-14T17:55:01,"{""page_url"": ""https://www.meiji.co.jp/baby/kosodateminnade/local/?utm_source=owned&utm_medium=banner&utm_campaign=kosodateminnade_local_hohoemi""}"
256,4,明治,ほほえみ,明治ほほえみ,0-1,https://www.meiji.co.jp/baby/kosodateminnade/local/?utm_source=owned&utm_medium=banner&utm_campaign=kosodateminnade_local_hohoemi,https://www.meiji.co.jp/baby/kosodateminnade/local/images/imple_02.png,page_image,,,134.0,103.0,0,0.45,2026-09-14T17:55:01,"{""page_url"": ""https://www.meiji.co.jp/baby/kosodateminnade/local/?utm_source=owned&utm_medium=banner&utm_campaign=kosodateminnade_local_hohoemi""}"
257,4,明治,ほほえみ,明治ほほえみ,0-1,https://www.meiji.co.jp/baby/kosodateminnade/local/?utm_source=owned&utm_medium=banner&utm_campaign=kosodateminnade_local_hohoemi,https://www.meiji.co.jp/baby/kosodateminnade/local/images/imple_03.png,page_image,,,134.0,103.0,0,0.45,2026-09-14T17:55:01,"{""page_url"": ""https://www.meiji.co.jp/baby/kosodateminnade/local/?utm_source=owned&utm_medium=banner&utm_campaign=kosodateminnade_local_hohoemi""}"
258,4,明治,ほほえみ,明治ほほえみ,0-1,https://www.meiji.co.jp/baby/kosodateminnade/local/?utm_source=owned&utm_medium=banner&utm_campaign=kosodateminnade_local_hohoemi,https://www.meiji.co.jp/baby/kosodateminnade/local/images/imple_04.png,page_image,,,135.0,103.0,0,0.45,2026-09-14T17:55:01,"{""page_url"": ""https://www.meiji.co.jp/baby/kosodateminnade/local/?utm_source=owned&utm_medium=banner&utm_campaign=kosodateminnade_local_hohoemi""}"
259,4,明治,ほほえみ,明治ほほえみ,0-1,https://www.meiji.co.jp/baby/kosodateminnade/local/?utm_source=owned&utm_medium=banner&utm_campaign=kosodateminnade_local_hohoemi,https://www.meiji.co.jp/baby/kosodateminnade/local/images/imple_05.png,page_image,,,134.0,105.0,0,0.45,2026-09-14T17:55:01,"{""page_url"": ""https://www.meiji.co.jp/baby/kosodateminnade/local/?utm_source=owned&utm_medium=banner&utm_campaign=kosodateminnade_local_hohoemi""}"
260,4,明治,ほほえみ,明治ほほえみ,0-1,https://www.meiji.co.jp/baby/kosodateminnade/local/?utm_source=owned&utm_medium=banner&utm_campaign=kosodateminnade_local_hohoemi,https://www.meiji.co.jp/baby/kosodateminnade/local/images/icon_03.svg,page_image,,,80.0,62.0,0,0.45,2026-09-14T17:55:01,"{""page_url"": ""https://www.meiji.co.jp/baby/kosodateminnade/local/?utm_source=owned&utm_medium=banner&utm_campaign=kosodateminnade_local_hohoemi""}"
261,4,明治,ほほえみ,明治ほほえみ,0-1,https://www.meiji.co.jp/baby/kosodateminnade/local/?utm_source=owned&utm_medium=banner&utm_campaign=kosodateminnade_local_hohoemi,https://www.meiji.co.jp/baby/kosodateminnade/local/images/report/report_260124.jpg,page_image,,,290.0,208.0,0,0.45,2026-09-14T17:55:01,"{""page_url"": ""https://www.meiji.co.jp/baby/kosodateminnade/local/?utm_source=owned&utm_medium=banner&utm_campaign=kosodateminnade_local_hohoemi""}"
262,4,明治,ほほえみ,明治ほほえみ,0-1,https://www.meiji.co.jp/baby/kosodateminnade/local/?utm_source=owned&utm_medium=banner&utm_campaign=kosodateminnade_local_hohoemi,https://www.meiji.co.jp/baby/kosodateminnade/local/images/report/report_251213.jpg,page_image,流山市イベント「森のマルシェ・ド・ノエル」に出展！,,290.0,217.0,0,0.5,2026-09-14T17:55:01,"{""page_url"": ""https://www.meiji.co.jp/baby/kosodateminnade/local/?utm_source=owned&utm_medium=banner&utm_campaign=kosodateminnade_local_hohoemi""}"
263,4,明治,ほほえみ,明治ほほえみ,0-1,https://www.meiji.co.jp/baby/kosodateminnade/local/?utm_source=owned&utm_medium=banner&utm_campaign=kosodateminnade_local_hohoemi,https://www.meiji.co.jp/baby/kosodateminnade/local/images/report/report_thum_251101.jpg,page_image,流山市イベント「森のマルシェハーヴェスティバル」に出展！,,290.0,217.0,0,0.5,2026-09-14T17:55:01,"{""page_url"": ""https://www.meiji.co.jp/baby/kosodateminnade/local/?utm_source=owned&utm_medium=banner&utm_campaign=kosodateminnade_local_hohoemi""}"
264,4,明治,ほほえみ,明治ほほえみ,0-1,https://www.meiji.co.jp/baby/kosodateminnade/local/?utm_source=owned&utm_medium=banner&utm_campaign=kosodateminnade_local_hohoemi,https://www.meiji.co.jp/baby/kosodateminnade/local/images/report/report_thum_250808.jpg,page_image,流山市イベント「森のナイトカフェ」に出展！,,290.0,218.0,0,0.5,2026-09-14T17:55:01,"{""page_url"": ""https://www.meiji.co.jp/baby/kosodateminnade/local/?utm_source=owned&utm_medium=banner&utm_campaign=kosodateminnade_local_hohoemi""}"
265,4,明治,ほほえみ,明治ほほえみ,0-1,https://www.meiji.co.jp/baby/kosodateminnade/local/?utm_source=owned&utm_medium=banner&utm_campaign=kosodateminnade_local_hohoemi,https://www.meiji.co.jp/baby/kosodateminnade/local/images/report/report_thum_250527.png,page_image,流山市の子育て世帯対象に「こそだてMINNAdeプロジェクト」アンケート調査、ママ座談会を実施,,290.0,218.0,0,0.5,2026-09-14T17:55:01,"{""page_url"": ""https://www.meiji.co.jp/baby/kosodateminnade/local/?utm_source=owned&utm_medium=banner&utm_campaign=kosodateminnade_local_hohoemi""}"
266,4,明治,ほほえみ,明治ほほえみ,0-1,https://www.meiji.co.jp/baby/kosodateminnade/local/?utm_source=owned&utm_medium=banner&utm_campaign=kosodateminnade_local_hohoemi,https://www.meiji.co.jp/baby/kosodateminnade/local/images/report/report_thum_250504.jpg,page_image,流山市イベント「流山グリーンフェスティバル」に出展！,,290.0,218.0,0,0.5,2026-09-14T17:55:01,"{""page_url"": ""https://www.meiji.co.jp/baby/kosodateminnade/local/?utm_source=owned&utm_medium=banner&utm_campaign=kosodateminnade_local_hohoemi""}"
267,4,明治,ほほえみ,明治ほほえみ,0-1,https://www.meiji.co.jp/baby/kosodateminnade/local/?utm_source=owned&utm_medium=banner&utm_campaign=kosodateminnade_local_hohoemi,https://www.meiji.co.jp/baby/kosodateminnade/local/images/icon_04.svg,page_image,,,74.0,52.0,0,0.45,2026-09-14T17:55:01,"{""page_url"": ""https://www.meiji.co.jp/baby/kosodateminnade/local/?utm_source=owned&utm_medium=banner&utm_campaign=kosodateminnade_local_hohoemi""}"
268,4,明治,ほほえみ,明治ほほえみ,0-1,https://www.meiji.co.jp/baby/kosodateminnade/local/?utm_source=owned&utm_medium=banner&utm_campaign=kosodateminnade_local_hohoemi,https://www.meiji.co.jp/baby/kosodateminnade/local/images/banners_01_sp.png,banner_image,,,,,0,0.7,2026-09-14T17:55:01,"{""page_url"": ""https://www.meiji.co.jp/baby/kosodateminnade/local/?utm_source=owned&utm_medium=banner&utm_campaign=kosodateminnade_local_hohoemi""}"
269,4,明治,ほほえみ,明治ほほえみ,0-1,https://www.meiji.co.jp/baby/kosodateminnade/local/?utm_source=owned&utm_medium=banner&utm_campaign=kosodateminnade_local_hohoemi,https://www.meiji.co.jp/baby/kosodateminnade/local/images/banners_01.png,banner_image,母乳で育てたいママの強い味方！明治ほほえ,,368.0,138.0,0,0.75,2026-09-14T17:55:01,"{""page_url"": ""https://www.meiji.co.jp/baby/kosodateminnade/local/?utm_source=owned&utm_medium=banner&utm_campaign=kosodateminnade_local_hohoemi""}"
270,4,明治,ほほえみ,明治ほほえみ,0-1,https://www.meiji.co.jp/baby/kosodateminnade/local/?utm_source=owned&utm_medium=banner&utm_campaign=kosodateminnade_local_hohoemi,https://www.meiji.co.jp/baby/kosodateminnade/local/images/banners_02_sp.png,banner_image,,,,,0,0.7,2026-09-14T17:55:01,"{""page_url"": ""https://www.meiji.co.jp/baby/kosodateminnade/local/?utm_source=owned&utm_medium=banner&utm_campaign=kosodateminnade_local_hohoemi""}"
271,4,明治,ほほえみ,明治ほほえみ,0-1,https://www.meiji.co.jp/baby/kosodateminnade/local/?utm_source=owned&utm_medium=banner&utm_campaign=kosodateminnade_local_hohoemi,https://www.meiji.co.jp/baby/kosodateminnade/local/images/banners_02.png,banner_image,1～3歳の不足しがちな栄養をまとめてサポート 明治ステップ,,368.0,138.0,0,0.75,2026-09-14T17:55:01,"{""page_url"": ""https://www.meiji.co.jp/baby/kosodateminnade/local/?utm_source=owned&utm_medium=banner&utm_campaign=kosodateminnade_local_hohoemi""}"
272,4,明治,ほほえみ,明治ほほえみ,0-1,https://www.meiji.co.jp/baby/kosodateminnade/local/?utm_source=owned&utm_medium=banner&utm_campaign=kosodateminnade_local_hohoemi,https://www.meiji.co.jp/baby/kosodateminnade/local/images/banners_03_sp.png,banner_image,,,,,0,0.7,2026-09-14T17:55:01,"{""page_url"": ""https://www.meiji.co.jp/baby/kosodateminnade/local/?utm_source=owned&utm_medium=banner&utm_campaign=kosodateminnade_local_hohoemi""}"
273,4,明治,ほほえみ,明治ほほえみ,0-1,https://www.meiji.co.jp/baby/kosodateminnade/local/?utm_source=owned&utm_medium=banner&utm_campaign=kosodateminnade_local_hohoemi,https://www.meiji.co.jp/baby/kosodateminnade/local/images/banners_03.png,banner_image,栄養で、こどもの「ミライ」をミラフル,,368.0,138.0,0,0.75,2026-09-14T17:55:01,"{""page_url"": ""https://www.meiji.co.jp/baby/kosodateminnade/local/?utm_source=owned&utm_medium=banner&utm_campaign=kosodateminnade_local_hohoemi""}"
274,4,明治,ほほえみ,明治ほほえみ,0-1,https://www.meiji.co.jp/baby/kosodateminnade/local/?utm_source=owned&utm_medium=banner&utm_campaign=kosodateminnade_local_hohoemi,https://www.meiji.co.jp/baby/kosodateminnade/local/images/banners_06.png,banner_image,,,,,0,0.7,2026-09-14T17:55:01,"{""page_url"": ""https://www.meiji.co.jp/baby/kosodateminnade/local/?utm_source=owned&utm_medium=banner&utm_campaign=kosodateminnade_local_hohoemi""}"
275,4,明治,ほほえみ,明治ほほえみ,0-1,https://www.meiji.co.jp/baby/kosodateminnade/local/?utm_source=owned&utm_medium=banner&utm_campaign=kosodateminnade_local_hohoemi,https://www.meiji.co.jp/baby/kosodateminnade/local/images/banners_05_sp.png,banner_image,,,,,0,0.7,2026-09-14T17:55:01,"{""page_url"": ""https://www.meiji.co.jp/baby/kosodateminnade/local/?utm_source=owned&utm_medium=banner&utm_campaign=kosodateminnade_local_hohoemi""}"
276,4,明治,ほほえみ,明治ほほえみ,0-1,https://www.meiji.co.jp/baby/kosodateminnade/local/?utm_source=owned&utm_medium=banner&utm_campaign=kosodateminnade_local_hohoemi,https://www.meiji.co.jp/baby/kosodateminnade/local/images/banners_05.png,banner_image,都心から一番近い森のまち 流山市,,368.0,138.0,0,0.75,2026-09-14T17:55:01,"{""page_url"": ""https://www.meiji.co.jp/baby/kosodateminnade/local/?utm_source=owned&utm_medium=banner&utm_campaign=kosodateminnade_local_hohoemi""}"
277,4,明治,ほほえみ,明治ほほえみ,0-1,https://www.meiji.co.jp/baby/kosodateminnade/local/?utm_source=owned&utm_medium=banner&utm_campaign=kosodateminnade_local_hohoemi,https://www.meiji.co.jp/assets/img/icons/pagetop.svg,page_image,ページの先頭へ,,,,0,0.5,2026-09-14T17:55:01,"{""page_url"": ""https://www.meiji.co.jp/baby/kosodateminnade/local/?utm_source=owned&utm_medium=banner&utm_campaign=kosodateminnade_local_hohoemi""}"
278,4,明治,ほほえみ,明治ほほえみ,0-1,https://www.meiji.co.jp/baby/kosodateminnade/local/?utm_source=owned&utm_medium=banner&utm_campaign=kosodateminnade_local_hohoemi,https://www.meiji.co.jp/assets/img/icons/facebook.svg,page_image,Facebook（新しいウィンドウ）,,28.0,29.0,0,0.5,2026-09-14T17:55:01,"{""page_url"": ""https://www.meiji.co.jp/baby/kosodateminnade/local/?utm_source=owned&utm_medium=banner&utm_campaign=kosodateminnade_local_hohoemi""}"
279,4,明治,ほほえみ,明治ほほえみ,0-1,https://www.meiji.co.jp/baby/kosodateminnade/local/?utm_source=owned&utm_medium=banner&utm_campaign=kosodateminnade_local_hohoemi,https://www.meiji.co.jp/assets/img/icons/twitter.svg,page_image,X（新しいウィンドウ）,,28.0,28.0,0,0.5,2026-09-14T17:55:01,"{""page_url"": ""https://www.meiji.co.jp/baby/kosodateminnade/local/?utm_source=owned&utm_medium=banner&utm_campaign=kosodateminnade_local_hohoemi""}"
280,4,明治,ほほえみ,明治ほほえみ,0-1,https://www.meiji.co.jp/baby/kosodateminnade/local/?utm_source=owned&utm_medium=banner&utm_campaign=kosodateminnade_local_hohoemi,https://www.meiji.co.jp/assets/img/icons/line.svg,page_image,LINE（新しいウィンドウ）,,28.0,28.0,0,0.5,2026-09-14T17:55:01,"{""page_url"": ""https://www.meiji.co.jp/baby/kosodateminnade/local/?utm_source=owned&utm_medium=banner&utm_campaign=kosodateminnade_local_hohoemi""}"
281,4,明治,ほほえみ,明治ほほえみ,0-1,https://www.meiji.co.jp/baby/kosodateminnade/local/?utm_source=owned&utm_medium=banner&utm_campaign=kosodateminnade_local_hohoemi,https://www.meiji.co.jp/assets/img/icons/logo_note.svg,page_image,note（新しいウィンドウ）,,29.0,29.0,0,0.5,2026-09-14T17:55:01,"{""page_url"": ""https://www.meiji.co.jp/baby/kosodateminnade/local/?utm_source=owned&utm_medium=banner&utm_campaign=kosodateminnade_local_hohoemi""}"
282,4,明治,ほほえみ,明治ほほえみ,0-1,https://www.meiji.co.jp/baby/kosodateminnade/local/?utm_source=owned&utm_medium=banner&utm_campaign=kosodateminnade_local_hohoemi,https://www.meiji.co.jp/assets/img/icons/youtube.svg,page_image,YouTube（新しいウィンドウ）,,36.0,25.0,0,0.5,2026-09-14T17:55:01,"{""page_url"": ""https://www.meiji.co.jp/baby/kosodateminnade/local/?utm_source=owned&utm_medium=banner&utm_campaign=kosodateminnade_local_hohoemi""}"
283,4,明治,ほほえみ,明治ほほえみ,0-1,https://www.meiji.co.jp/baby/kosodateminnade/local/?utm_source=owned&utm_medium=banner&utm_campaign=kosodateminnade_local_hohoemi,https://www.meiji.co.jp/assets/img/structures/name_white.svg,page_image,株式会社明治,,151.0,22.0,0,0.5,2026-09-14T17:55:01,"{""page_url"": ""https://www.meiji.co.jp/baby/kosodateminnade/local/?utm_source=owned&utm_medium=banner&utm_campaign=kosodateminnade_local_hohoemi""}"
284,4,明治,ほほえみ,明治ほほえみ,0-1,https://www.meiji.co.jp/baby/kosodateminnade/local/?utm_source=owned&utm_medium=banner&utm_campaign=kosodateminnade_local_hohoemi,https://www.meiji.co.jp/assets/img/icons/external_white2.svg,page_image,（新しいウィンドウ）,,,,0,0.5,2026-09-14T17:55:01,"{""page_url"": ""https://www.meiji.co.jp/baby/kosodateminnade/local/?utm_source=owned&utm_medium=banner&utm_campaign=kosodateminnade_local_hohoemi""}"
285,4,明治,ほほえみ,明治ほほえみ,0-1,https://www.meiji.co.jp/baby/kosodateminnade/local/?utm_source=owned&utm_medium=banner&utm_campaign=kosodateminnade_local_hohoemi,https://www.meiji.co.jp/campaign,landing_page,,キャンペーンTOP,,,1,0.75,2026-09-14T17:55:01,"{""page_url"": ""https://www.meiji.co.jp/baby/kosodateminnade/local/?utm_source=owned&utm_medium=banner&utm_campaign=kosodateminnade_local_hohoemi""}"
286,4,明治,ほほえみ,明治ほほえみ,0-1,https://www.meiji.co.jp/baby/kosodateminnade/local/?utm_source=owned&utm_medium=banner&utm_campaign=kosodateminnade_local_hohoemi,https://campaign.meiji.co.jp/,landing_page,,明治会員ID限定キャンペーン,,,1,0.75,2026-09-14T17:55:01,"{""page_url"": ""https://www.meiji.co.jp/baby/kosodateminnade/local/?utm_source=owned&utm_medium=banner&utm_campaign=kosodateminnade_local_hohoemi""}"
287,4,明治,ほほえみ,明治ほほえみ,0-1,https://www.meiji.co.jp/baby/kosodateminnade/local/?utm_source=owned&utm_medium=banner&utm_campaign=kosodateminnade_local_hohoemi,https://www.meiji.co.jp/learned,landing_page,,体験・学ぶ,,,1,0.75,2026-09-14T17:55:01,"{""page_url"": ""https://www.meiji.co.jp/baby/kosodateminnade/local/?utm_source=owned&utm_medium=banner&utm_campaign=kosodateminnade_local_hohoemi""}"
288,4,明治,ほほえみ,明治ほほえみ,0-1,https://www.meiji.co.jp/baby/kosodateminnade/local/?utm_source=owned&utm_medium=banner&utm_campaign=kosodateminnade_local_hohoemi,https://search.meiji.co.jp/?kw=キャンペーン&ie=u,landing_page,,キャンペーン,,,1,0.75,2026-09-14T17:55:01,"{""page_url"": ""https://www.meiji.co.jp/baby/kosodateminnade/local/?utm_source=owned&utm_medium=banner&utm_campaign=kosodateminnade_local_hohoemi""}"
289,4,明治,ほほえみ,明治ほほえみ,0-1,https://www.meiji.co.jp/baby/kosodateminnade/local/?utm_source=owned&utm_medium=banner&utm_campaign=kosodateminnade_local_hohoemi,https://www.meiji.co.jp/baby/kosodateminnade/local,landing_page,,,,,1,0.75,2026-09-14T17:55:01,"{""page_url"": ""https://www.meiji.co.jp/baby/kosodateminnade/local/?utm_source=owned&utm_medium=banner&utm_campaign=kosodateminnade_local_hohoemi""}"
291,5,明治,ほほえみ,明治ほほえみ,0-1,https://www.meiji.co.jp/baby/hohoemi/powder/eco/?utm_source=owned&utm_medium=banner&utm_campaign=eco_hohoemi,https://www.meiji.co.jp/baby/hohoemi/assets/img/og.jpg,og_image,,OG/Twitter preview image,,,0,0.85,2026-09-14T17:55:01,"{""page_url"": ""https://www.meiji.co.jp/baby/hohoemi/powder/eco/?utm_source=owned&utm_medium=banner&utm_campaign=eco_hohoemi""}"
292,5,明治,ほほえみ,明治ほほえみ,0-1,https://www.meiji.co.jp/baby/hohoemi/powder/eco/?utm_source=owned&utm_medium=banner&utm_campaign=eco_hohoemi,https://www.meiji.co.jp/assets/img/structures/logo.svg,page_image,健康にアイデアを 株式会社 明治,,249.0,68.0,0,0.5,2026-09-14T17:55:01,"{""page_url"": ""https://www.meiji.co.jp/baby/hohoemi/powder/eco/?utm_source=owned&utm_medium=banner&utm_campaign=eco_hohoemi""}"
293,5,明治,ほほえみ,明治ほほえみ,0-1,https://www.meiji.co.jp/baby/hohoemi/powder/eco/?utm_source=owned&utm_medium=banner&utm_campaign=eco_hohoemi,https://www.meiji.co.jp/assets/img/icons/icon_search.svg,page_image,,,,,0,0.45,2026-09-14T17:55:01,"{""page_url"": ""https://www.meiji.co.jp/baby/hohoemi/powder/eco/?utm_source=owned&utm_medium=banner&utm_campaign=eco_hohoemi""}"
294,5,明治,ほほえみ,明治ほほえみ,0-1,https://www.meiji.co.jp/baby/hohoemi/powder/eco/?utm_source=owned&utm_medium=banner&utm_campaign=eco_hohoemi,https://www.meiji.co.jp/assets/img/icons/header_close.svg,page_image,,,,,0,0.45,2026-09-14T17:55:01,"{""page_url"": ""https://www.meiji.co.jp/baby/hohoemi/powder/eco/?utm_source=owned&utm_medium=banner&utm_campaign=eco_hohoemi""}"
295,5,明治,ほほえみ,明治ほほえみ,0-1,https://www.meiji.co.jp/baby/hohoemi/powder/eco/?utm_source=owned&utm_medium=banner&utm_campaign=eco_hohoemi,https://www.meiji.co.jp/assets/img/icons/plus.svg,page_image,開く,,,,0,0.5,2026-09-14T17:55:01,"{""page_url"": ""https://www.meiji.co.jp/baby/hohoemi/powder/eco/?utm_source=owned&utm_medium=banner&utm_campaign=eco_hohoemi""}"
296,5,明治,ほほえみ,明治ほほえみ,0-1,https://www.meiji.co.jp/baby/hohoemi/powder/eco/?utm_source=owned&utm_medium=banner&utm_campaign=eco_hohoemi,https://www.meiji.co.jp/assets/img/icons/external_gray.svg,page_image,（新しいウィンドウ）,,,,0,0.5,2026-09-14T17:55:01,"{""page_url"": ""https://www.meiji.co.jp/baby/hohoemi/powder/eco/?utm_source=owned&utm_medium=banner&utm_campaign=eco_hohoemi""}"
297,5,明治,ほほえみ,明治ほほえみ,0-1,https://www.meiji.co.jp/baby/hohoemi/powder/eco/?utm_source=owned&utm_medium=banner&utm_campaign=eco_hohoemi,https://www.meiji.co.jp/assets/img/structures/menu/menu_products_01.png,page_image,,,,,0,0.45,2026-09-14T17:55:01,"{""page_url"": ""https://www.meiji.co.jp/baby/hohoemi/powder/eco/?utm_source=owned&utm_medium=banner&utm_campaign=eco_hohoemi""}"
298,5,明治,ほほえみ,明治ほほえみ,0-1,https://www.meiji.co.jp/baby/hohoemi/powder/eco/?utm_source=owned&utm_medium=banner&utm_campaign=eco_hohoemi,https://www.meiji.co.jp/assets/img/structures/menu/menu_products_02.png,page_image,,,,,0,0.45,2026-09-14T17:55:01,"{""page_url"": ""https://www.meiji.co.jp/baby/hohoemi/powder/eco/?utm_source=owned&utm_medium=banner&utm_campaign=eco_hohoemi""}"
299,5,明治,ほほえみ,明治ほほえみ,0-1,https://www.meiji.co.jp/baby/hohoemi/powder/eco/?utm_source=owned&utm_medium=banner&utm_campaign=eco_hohoemi,https://www.meiji.co.jp/assets/img/structures/menu/menu_products_03.png,page_image,,,,,0,0.45,2026-09-14T17:55:01,"{""page_url"": ""https://www.meiji.co.jp/baby/hohoemi/powder/eco/?utm_source=owned&utm_medium=banner&utm_campaign=eco_hohoemi""}"
300,5,明治,ほほえみ,明治ほほえみ,0-1,https://www.meiji.co.jp/baby/hohoemi/powder/eco/?utm_source=owned&utm_medium=banner&utm_campaign=eco_hohoemi,https://www.meiji.co.jp/assets/img/structures/menu/menu_products_04.png,page_image,,,,,0,0.45,2026-09-14T17:55:01,"{""page_url"": ""https://www.meiji.co.jp/baby/hohoemi/powder/eco/?utm_source=owned&utm_medium=banner&utm_campaign=eco_hohoemi""}"
301,5,明治,ほほえみ,明治ほほえみ,0-1,https://www.meiji.co.jp/baby/hohoemi/powder/eco/?utm_source=owned&utm_medium=banner&utm_campaign=eco_hohoemi,https://www.meiji.co.jp/assets/img/structures/menu/menu_products_05.png,page_image,,,,,0,0.45,2026-09-14T17:55:01,"{""page_url"": ""https://www.meiji.co.jp/baby/hohoemi/powder/eco/?utm_source=owned&utm_medium=banner&utm_campaign=eco_hohoemi""}"
302,5,明治,ほほえみ,明治ほほえみ,0-1,https://www.meiji.co.jp/baby/hohoemi/powder/eco/?utm_source=owned&utm_medium=banner&utm_campaign=eco_hohoemi,https://www.meiji.co.jp/assets/img/structures/menu/menu_products_06.png,page_image,,,,,0,0.45,2026-09-14T17:55:01,"{""page_url"": ""https://www.meiji.co.jp/baby/hohoemi/powder/eco/?utm_source=owned&utm_medium=banner&utm_campaign=eco_hohoemi""}"
303,5,明治,ほほえみ,明治ほほえみ,0-1,https://www.meiji.co.jp/baby/hohoemi/powder/eco/?utm_source=owned&utm_medium=banner&utm_campaign=eco_hohoemi,https://www.meiji.co.jp/assets/img/structures/menu/menu_products_07.png,page_image,,,,,0,0.45,2026-09-14T17:55:01,"{""page_url"": ""https://www.meiji.co.jp/baby/hohoemi/powder/eco/?utm_source=owned&utm_medium=banner&utm_campaign=eco_hohoemi""}"
304,5,明治,ほほえみ,明治ほほえみ,0-1,https://www.meiji.co.jp/baby/hohoemi/powder/eco/?utm_source=owned&utm_medium=banner&utm_campaign=eco_hohoemi,https://www.meiji.co.jp/assets/img/structures/menu/menu_products_08.png,page_image,,,,,0,0.45,2026-09-14T17:55:01,"{""page_url"": ""https://www.meiji.co.jp/baby/hohoemi/powder/eco/?utm_source=owned&utm_medium=banner&utm_campaign=eco_hohoemi""}"
305,5,明治,ほほえみ,明治ほほえみ,0-1,https://www.meiji.co.jp/baby/hohoemi/powder/eco/?utm_source=owned&utm_medium=banner&utm_campaign=eco_hohoemi,https://www.meiji.co.jp/assets/img/structures/menu/menu_learned.png,page_image,,,,,0,0.45,2026-09-14T17:55:01,"{""page_url"": ""https://www.meiji.co.jp/baby/hohoemi/powder/eco/?utm_source=owned&utm_medium=banner&utm_campaign=eco_hohoemi""}"
306,5,明治,ほほえみ,明治ほほえみ,0-1,https://www.meiji.co.jp/baby/hohoemi/powder/eco/?utm_source=owned&utm_medium=banner&utm_campaign=eco_hohoemi,https://www.meiji.co.jp/assets/img/structures/menu/menu_learned_02.png,page_image,,,,,0,0.45,2026-09-14T17:55:01,"{""page_url"": ""https://www.meiji.co.jp/baby/hohoemi/powder/eco/?utm_source=owned&utm_medium=banner&utm_campaign=eco_hohoemi""}"
307,5,明治,ほほえみ,明治ほほえみ,0-1,https://www.meiji.co.jp/baby/hohoemi/powder/eco/?utm_source=owned&utm_medium=banner&utm_campaign=eco_hohoemi,https://www.meiji.co.jp/assets/img/structures/menu/menu_learned_03.png,page_image,,,,,0,0.45,2026-09-14T17:55:01,"{""page_url"": ""https://www.meiji.co.jp/baby/hohoemi/powder/eco/?utm_source=owned&utm_medium=banner&utm_campaign=eco_hohoemi""}"
308,5,明治,ほほえみ,明治ほほえみ,0-1,https://www.meiji.co.jp/baby/hohoemi/powder/eco/?utm_source=owned&utm_medium=banner&utm_campaign=eco_hohoemi,https://www.meiji.co.jp/assets/img/structures/menu/menu_learned_04.png,page_image,,,,,0,0.45,2026-09-14T17:55:01,"{""page_url"": ""https://www.meiji.co.jp/baby/hohoemi/powder/eco/?utm_source=owned&utm_medium=banner&utm_campaign=eco_hohoemi""}"
309,5,明治,ほほえみ,明治ほほえみ,0-1,https://www.meiji.co.jp/baby/hohoemi/powder/eco/?utm_source=owned&utm_medium=banner&utm_campaign=eco_hohoemi,https://www.meiji.co.jp/assets/img/structures/menu/menu_learned_07.png,page_image,,,,,0,0.45,2026-09-14T17:55:01,"{""page_url"": ""https://www.meiji.co.jp/baby/hohoemi/powder/eco/?utm_source=owned&utm_medium=banner&utm_campaign=eco_hohoemi""}"
310,5,明治,ほほえみ,明治ほほえみ,0-1,https://www.meiji.co.jp/baby/hohoemi/powder/eco/?utm_source=owned&utm_medium=banner&utm_campaign=eco_hohoemi,https://www.meiji.co.jp/assets/img/structures/menu/menu_learned_05.png,page_image,,,,,0,0.45,2026-09-14T17:55:01,"{""page_url"": ""https://www.meiji.co.jp/baby/hohoemi/powder/eco/?utm_source=owned&utm_medium=banner&utm_campaign=eco_hohoemi""}"
311,5,明治,ほほえみ,明治ほほえみ,0-1,https://www.meiji.co.jp/baby/hohoemi/powder/eco/?utm_source=owned&utm_medium=banner&utm_campaign=eco_hohoemi,https://www.meiji.co.jp/assets/img/structures/menu/menu_learned_08.png,page_image,,,,,0,0.45,2026-09-14T17:55:01,"{""page_url"": ""https://www.meiji.co.jp/baby/hohoemi/powder/eco/?utm_source=owned&utm_medium=banner&utm_campaign=eco_hohoemi""}"
312,5,明治,ほほえみ,明治ほほえみ,0-1,https://www.meiji.co.jp/baby/hohoemi/powder/eco/?utm_source=owned&utm_medium=banner&utm_campaign=eco_hohoemi,https://www.meiji.co.jp/assets/img/structures/menu/menu_learned_06.png,page_image,,,,,0,0.45,2026-09-14T17:55:01,"{""page_url"": ""https://www.meiji.co.jp/baby/hohoemi/powder/eco/?utm_source=owned&utm_medium=banner&utm_campaign=eco_hohoemi""}"
313,5,明治,ほほえみ,明治ほほえみ,0-1,https://www.meiji.co.jp/baby/hohoemi/powder/eco/?utm_source=owned&utm_medium=banner&utm_campaign=eco_hohoemi,https://www.meiji.co.jp/assets/img/structures/menu/menu_quality.png,page_image,,,,,0,0.45,2026-09-14T17:55:01,"{""page_url"": ""https://www.meiji.co.jp/baby/hohoemi/powder/eco/?utm_source=owned&utm_medium=banner&utm_campaign=eco_hohoemi""}"
314,5,明治,ほほえみ,明治ほほえみ,0-1,https://www.meiji.co.jp/baby/hohoemi/powder/eco/?utm_source=owned&utm_medium=banner&utm_campaign=eco_hohoemi,https://www.meiji.co.jp/assets/img/structures/menu/menu_quality_02.png,page_image,,,,,0,0.45,2026-09-14T17:55:01,"{""page_url"": ""https://www.meiji.co.jp/baby/hohoemi/powder/eco/?utm_source=owned&utm_medium=banner&utm_campaign=eco_hohoemi""}"
315,5,明治,ほほえみ,明治ほほえみ,0-1,https://www.meiji.co.jp/baby/hohoemi/powder/eco/?utm_source=owned&utm_medium=banner&utm_campaign=eco_hohoemi,https://www.meiji.co.jp/assets/img/structures/menu/menu_baby_clinic.png,page_image,,,,,0,0.45,2026-09-14T17:55:01,"{""page_url"": ""https://www.meiji.co.jp/baby/hohoemi/powder/eco/?utm_source=owned&utm_medium=banner&utm_campaign=eco_hohoemi""}"
316,5,明治,ほほえみ,明治ほほえみ,0-1,https://www.meiji.co.jp/baby/hohoemi/powder/eco/?utm_source=owned&utm_medium=banner&utm_campaign=eco_hohoemi,https://www.meiji.co.jp/baby/hohoemi/assets/img/common/logo.png,page_image,明治ほほえみ,,,,0,0.5,2026-09-14T17:55:01,"{""page_url"": ""https://www.meiji.co.jp/baby/hohoemi/powder/eco/?utm_source=owned&utm_medium=banner&utm_campaign=eco_hohoemi""}"
317,5,明治,ほほえみ,明治ほほえみ,0-1,https://www.meiji.co.jp/baby/hohoemi/powder/eco/?utm_source=owned&utm_medium=banner&utm_campaign=eco_hohoemi,https://www.meiji.co.jp/baby/hohoemi/assets/img/common/dummy.png,page_image,環境に配慮した取り組み,,,,0,0.5,2026-09-14T17:55:01,"{""page_url"": ""https://www.meiji.co.jp/baby/hohoemi/powder/eco/?utm_source=owned&utm_medium=banner&utm_campaign=eco_hohoemi""}"
318,5,明治,ほほえみ,明治ほほえみ,0-1,https://www.meiji.co.jp/baby/hohoemi/powder/eco/?utm_source=owned&utm_medium=banner&utm_campaign=eco_hohoemi,https://www.meiji.co.jp/baby/hohoemi/assets/img/powder/eco/sec_01_liquid_01.png,page_image,,,,,0,0.45,2026-09-14T17:55:01,"{""page_url"": ""https://www.meiji.co.jp/baby/hohoemi/powder/eco/?utm_source=owned&utm_medium=banner&utm_campaign=eco_hohoemi""}"
319,5,明治,ほほえみ,明治ほほえみ,0-1,https://www.meiji.co.jp/baby/hohoemi/powder/eco/?utm_source=owned&utm_medium=banner&utm_campaign=eco_hohoemi,https://www.meiji.co.jp/baby/hohoemi/assets/img/powder/eco/sec_01_liquid_02.png,page_image,,,,,0,0.45,2026-09-14T17:55:01,"{""page_url"": ""https://www.meiji.co.jp/baby/hohoemi/powder/eco/?utm_source=owned&utm_medium=banner&utm_campaign=eco_hohoemi""}"
320,5,明治,ほほえみ,明治ほほえみ,0-1,https://www.meiji.co.jp/baby/hohoemi/powder/eco/?utm_source=owned&utm_medium=banner&utm_campaign=eco_hohoemi,https://www.meiji.co.jp/baby/hohoemi/assets/img/powder/eco/bg_icon_01.png,page_image,,,,,0,0.45,2026-09-14T17:55:01,"{""page_url"": ""https://www.meiji.co.jp/baby/hohoemi/powder/eco/?utm_source=owned&utm_medium=banner&utm_campaign=eco_hohoemi""}"
321,5,明治,ほほえみ,明治ほほえみ,0-1,https://www.meiji.co.jp/baby/hohoemi/powder/eco/?utm_source=owned&utm_medium=banner&utm_campaign=eco_hohoemi,https://www.meiji.co.jp/baby/hohoemi/assets/img/powder/eco/bg_icon_02.png,page_image,,,,,0,0.45,2026-09-14T17:55:01,"{""page_url"": ""https://www.meiji.co.jp/baby/hohoemi/powder/eco/?utm_source=owned&utm_medium=banner&utm_campaign=eco_hohoemi""}"
322,5,明治,ほほえみ,明治ほほえみ,0-1,https://www.meiji.co.jp/baby/hohoemi/powder/eco/?utm_source=owned&utm_medium=banner&utm_campaign=eco_hohoemi,https://www.meiji.co.jp/baby/hohoemi/assets/img/powder/eco/sec_02_liquid_01.png,page_image,,,,,0,0.45,2026-09-14T17:55:01,"{""page_url"": ""https://www.meiji.co.jp/baby/hohoemi/powder/eco/?utm_source=owned&utm_medium=banner&utm_campaign=eco_hohoemi""}"
323,5,明治,ほほえみ,明治ほほえみ,0-1,https://www.meiji.co.jp/baby/hohoemi/powder/eco/?utm_source=owned&utm_medium=banner&utm_campaign=eco_hohoemi,https://www.meiji.co.jp/baby/hohoemi/assets/img/powder/eco/sec_02_liquid_02.png,page_image,,,,,0,0.45,2026-09-14T17:55:01,"{""page_url"": ""https://www.meiji.co.jp/baby/hohoemi/powder/eco/?utm_source=owned&utm_medium=banner&utm_campaign=eco_hohoemi""}"
324,5,明治,ほほえみ,明治ほほえみ,0-1,https://www.meiji.co.jp/baby/hohoemi/powder/eco/?utm_source=owned&utm_medium=banner&utm_campaign=eco_hohoemi,https://www.meiji.co.jp/baby/hohoemi/assets/img/powder/eco/sec_02_liquid_03.png,page_image,,,,,0,0.45,2026-09-14T17:55:01,"{""page_url"": ""https://www.meiji.co.jp/baby/hohoemi/powder/eco/?utm_source=owned&utm_medium=banner&utm_campaign=eco_hohoemi""}"
325,5,明治,ほほえみ,明治ほほえみ,0-1,https://www.meiji.co.jp/baby/hohoemi/powder/eco/?utm_source=owned&utm_medium=banner&utm_campaign=eco_hohoemi,https://www.meiji.co.jp/baby/hohoemi/assets/img/powder/eco/bg_icon_03.png,page_image,,,,,0,0.45,2026-09-14T17:55:01,"{""page_url"": ""https://www.meiji.co.jp/baby/hohoemi/powder/eco/?utm_source=owned&utm_medium=banner&utm_campaign=eco_hohoemi""}"
326,5,明治,ほほえみ,明治ほほえみ,0-1,https://www.meiji.co.jp/baby/hohoemi/powder/eco/?utm_source=owned&utm_medium=banner&utm_campaign=eco_hohoemi,https://www.meiji.co.jp/baby/hohoemi/assets/img/powder/eco/sec_02_ttl.png,page_image,Future,,,,0,0.5,2026-09-14T17:55:01,"{""page_url"": ""https://www.meiji.co.jp/baby/hohoemi/powder/eco/?utm_source=owned&utm_medium=banner&utm_campaign=eco_hohoemi""}"
327,5,明治,ほほえみ,明治ほほえみ,0-1,https://www.meiji.co.jp/baby/hohoemi/powder/eco/?utm_source=owned&utm_medium=banner&utm_campaign=eco_hohoemi,https://www.meiji.co.jp/baby/hohoemi/assets/img/powder/eco/sec_02_img_01.png,page_image,,,,,0,0.45,2026-09-14T17:55:01,"{""page_url"": ""https://www.meiji.co.jp/baby/hohoemi/powder/eco/?utm_source=owned&utm_medium=banner&utm_campaign=eco_hohoemi""}"
328,5,明治,ほほえみ,明治ほほえみ,0-1,https://www.meiji.co.jp/baby/hohoemi/powder/eco/?utm_source=owned&utm_medium=banner&utm_campaign=eco_hohoemi,https://www.meiji.co.jp/baby/hohoemi/assets/img/powder/eco/sec_02_img_01_sp.png,page_image,金属缶使用量削減,,,,0,0.5,2026-09-14T17:55:01,"{""page_url"": ""https://www.meiji.co.jp/baby/hohoemi/powder/eco/?utm_source=owned&utm_medium=banner&utm_campaign=eco_hohoemi""}"
329,5,明治,ほほえみ,明治ほほえみ,0-1,https://www.meiji.co.jp/baby/hohoemi/powder/eco/?utm_source=owned&utm_medium=banner&utm_campaign=eco_hohoemi,https://www.meiji.co.jp/baby/hohoemi/assets/img/powder/eco/sec_02_img_02.png,page_image,,,,,0,0.45,2026-09-14T17:55:01,"{""page_url"": ""https://www.meiji.co.jp/baby/hohoemi/powder/eco/?utm_source=owned&utm_medium=banner&utm_campaign=eco_hohoemi""}"
330,5,明治,ほほえみ,明治ほほえみ,0-1,https://www.meiji.co.jp/baby/hohoemi/powder/eco/?utm_source=owned&utm_medium=banner&utm_campaign=eco_hohoemi,https://www.meiji.co.jp/baby/hohoemi/assets/img/powder/eco/sec_02_img_02_sp.png,page_image,プラスチック使用量削減,,,,0,0.5,2026-09-14T17:55:01,"{""page_url"": ""https://www.meiji.co.jp/baby/hohoemi/powder/eco/?utm_source=owned&utm_medium=banner&utm_campaign=eco_hohoemi""}"
331,5,明治,ほほえみ,明治ほほえみ,0-1,https://www.meiji.co.jp/baby/hohoemi/powder/eco/?utm_source=owned&utm_medium=banner&utm_campaign=eco_hohoemi,https://www.meiji.co.jp/baby/hohoemi/assets/img/powder/eco/sec_02_img_03.png,page_image,,,,,0,0.45,2026-09-14T17:55:01,"{""page_url"": ""https://www.meiji.co.jp/baby/hohoemi/powder/eco/?utm_source=owned&utm_medium=banner&utm_campaign=eco_hohoemi""}"
332,5,明治,ほほえみ,明治ほほえみ,0-1,https://www.meiji.co.jp/baby/hohoemi/powder/eco/?utm_source=owned&utm_medium=banner&utm_campaign=eco_hohoemi,https://www.meiji.co.jp/baby/hohoemi/assets/img/powder/eco/sec_02_img_03_sp.png,page_image,2024年問題に対応,,,,0,0.5,2026-09-14T17:55:01,"{""page_url"": ""https://www.meiji.co.jp/baby/hohoemi/powder/eco/?utm_source=owned&utm_medium=banner&utm_campaign=eco_hohoemi""}"
333,5,明治,ほほえみ,明治ほほえみ,0-1,https://www.meiji.co.jp/baby/hohoemi/powder/eco/?utm_source=owned&utm_medium=banner&utm_campaign=eco_hohoemi,https://www.meiji.co.jp/baby/hohoemi/assets/img/powder/eco/sec_02_img_04.png?20260305,page_image,,,,,0,0.45,2026-09-14T17:55:01,"{""page_url"": ""https://www.meiji.co.jp/baby/hohoemi/powder/eco/?utm_source=owned&utm_medium=banner&utm_campaign=eco_hohoemi""}"
334,5,明治,ほほえみ,明治ほほえみ,0-1,https://www.meiji.co.jp/baby/hohoemi/powder/eco/?utm_source=owned&utm_medium=banner&utm_campaign=eco_hohoemi,https://www.meiji.co.jp/baby/hohoemi/assets/img/powder/eco/sec_02_img_04_sp.png?20260305,page_image,CO2排出量削減,,,,0,0.5,2026-09-14T17:55:01,"{""page_url"": ""https://www.meiji.co.jp/baby/hohoemi/powder/eco/?utm_source=owned&utm_medium=banner&utm_campaign=eco_hohoemi""}"
335,5,明治,ほほえみ,明治ほほえみ,0-1,https://www.meiji.co.jp/baby/hohoemi/powder/eco/?utm_source=owned&utm_medium=banner&utm_campaign=eco_hohoemi,https://www.meiji.co.jp/baby/hohoemi/assets/img/powder/eco/sec_03_liquid_01.png,page_image,,,,,0,0.45,2026-09-14T17:55:01,"{""page_url"": ""https://www.meiji.co.jp/baby/hohoemi/powder/eco/?utm_source=owned&utm_medium=banner&utm_campaign=eco_hohoemi""}"
336,5,明治,ほほえみ,明治ほほえみ,0-1,https://www.meiji.co.jp/baby/hohoemi/powder/eco/?utm_source=owned&utm_medium=banner&utm_campaign=eco_hohoemi,https://www.meiji.co.jp/baby/hohoemi/assets/img/powder/eco/sec_03_liquid_02.png,page_image,,,,,0,0.45,2026-09-14T17:55:01,"{""page_url"": ""https://www.meiji.co.jp/baby/hohoemi/powder/eco/?utm_source=owned&utm_medium=banner&utm_campaign=eco_hohoemi""}"
337,5,明治,ほほえみ,明治ほほえみ,0-1,https://www.meiji.co.jp/baby/hohoemi/powder/eco/?utm_source=owned&utm_medium=banner&utm_campaign=eco_hohoemi,https://www.meiji.co.jp/baby/hohoemi/assets/img/powder/eco/sec_03_liquid_03.png,page_image,,,,,0,0.45,2026-09-14T17:55:01,"{""page_url"": ""https://www.meiji.co.jp/baby/hohoemi/powder/eco/?utm_source=owned&utm_medium=banner&utm_campaign=eco_hohoemi""}"
338,5,明治,ほほえみ,明治ほほえみ,0-1,https://www.meiji.co.jp/baby/hohoemi/powder/eco/?utm_source=owned&utm_medium=banner&utm_campaign=eco_hohoemi,https://www.meiji.co.jp/baby/hohoemi/assets/img/powder/eco/sec_03_liquid_04.png,page_image,,,,,0,0.45,2026-09-14T17:55:01,"{""page_url"": ""https://www.meiji.co.jp/baby/hohoemi/powder/eco/?utm_source=owned&utm_medium=banner&utm_campaign=eco_hohoemi""}"
339,5,明治,ほほえみ,明治ほほえみ,0-1,https://www.meiji.co.jp/baby/hohoemi/powder/eco/?utm_source=owned&utm_medium=banner&utm_campaign=eco_hohoemi,https://www.meiji.co.jp/baby/hohoemi/assets/img/powder/eco/bg_icon_08.png,page_image,,,,,0,0.45,2026-09-14T17:55:01,"{""page_url"": ""https://www.meiji.co.jp/baby/hohoemi/powder/eco/?utm_source=owned&utm_medium=banner&utm_campaign=eco_hohoemi""}"
340,5,明治,ほほえみ,明治ほほえみ,0-1,https://www.meiji.co.jp/baby/hohoemi/powder/eco/?utm_source=owned&utm_medium=banner&utm_campaign=eco_hohoemi,https://www.meiji.co.jp/baby/hohoemi/assets/img/powder/eco/bg_icon_05.png,page_image,,,,,0,0.45,2026-09-14T17:55:01,"{""page_url"": ""https://www.meiji.co.jp/baby/hohoemi/powder/eco/?utm_source=owned&utm_medium=banner&utm_campaign=eco_hohoemi""}"
341,5,明治,ほほえみ,明治ほほえみ,0-1,https://www.meiji.co.jp/baby/hohoemi/powder/eco/?utm_source=owned&utm_medium=banner&utm_campaign=eco_hohoemi,https://www.meiji.co.jp/baby/hohoemi/assets/img/powder/eco/bg_icon_04.png,page_image,,,,,0,0.45,2026-09-14T17:55:01,"{""page_url"": ""https://www.meiji.co.jp/baby/hohoemi/powder/eco/?utm_source=owned&utm_medium=banner&utm_campaign=eco_hohoemi""}"
342,5,明治,ほほえみ,明治ほほえみ,0-1,https://www.meiji.co.jp/baby/hohoemi/powder/eco/?utm_source=owned&utm_medium=banner&utm_campaign=eco_hohoemi,https://www.meiji.co.jp/baby/hohoemi/assets/img/powder/eco/bg_icon_07.png,page_image,,,,,0,0.45,2026-09-14T17:55:01,"{""page_url"": ""https://www.meiji.co.jp/baby/hohoemi/powder/eco/?utm_source=owned&utm_medium=banner&utm_campaign=eco_hohoemi""}"
343,5,明治,ほほえみ,明治ほほえみ,0-1,https://www.meiji.co.jp/baby/hohoemi/powder/eco/?utm_source=owned&utm_medium=banner&utm_campaign=eco_hohoemi,https://www.meiji.co.jp/baby/hohoemi/assets/img/powder/eco/bg_icon_06.png,page_image,,,,,0,0.45,2026-09-14T17:55:01,"{""page_url"": ""https://www.meiji.co.jp/baby/hohoemi/powder/eco/?utm_source=owned&utm_medium=banner&utm_campaign=eco_hohoemi""}"
344,5,明治,ほほえみ,明治ほほえみ,0-1,https://www.meiji.co.jp/baby/hohoemi/powder/eco/?utm_source=owned&utm_medium=banner&utm_campaign=eco_hohoemi,https://www.meiji.co.jp/baby/hohoemi/assets/img/powder/eco/sec_03_ttl.png,page_image,Info,,,,0,0.5,2026-09-14T17:55:01,"{""page_url"": ""https://www.meiji.co.jp/baby/hohoemi/powder/eco/?utm_source=owned&utm_medium=banner&utm_campaign=eco_hohoemi""}"
345,5,明治,ほほえみ,明治ほほえみ,0-1,https://www.meiji.co.jp/baby/hohoemi/powder/eco/?utm_source=owned&utm_medium=banner&utm_campaign=eco_hohoemi,https://www.meiji.co.jp/baby/hohoemi/assets/img/powder/eco/sec_03_a1_ttl.png,page_image,明治ほほえみらくらくキューブ,,,,0,0.5,2026-09-14T17:55:01,"{""page_url"": ""https://www.meiji.co.jp/baby/hohoemi/powder/eco/?utm_source=owned&utm_medium=banner&utm_campaign=eco_hohoemi""}"
346,5,明治,ほほえみ,明治ほほえみ,0-1,https://www.meiji.co.jp/baby/hohoemi/powder/eco/?utm_source=owned&utm_medium=banner&utm_campaign=eco_hohoemi,https://www.meiji.co.jp/baby/hohoemi/assets/img/powder/eco/sec_03_img_01.png,page_image,,,,,0,0.45,2026-09-14T17:55:01,"{""page_url"": ""https://www.meiji.co.jp/baby/hohoemi/powder/eco/?utm_source=owned&utm_medium=banner&utm_campaign=eco_hohoemi""}"
347,5,明治,ほほえみ,明治ほほえみ,0-1,https://www.meiji.co.jp/baby/hohoemi/powder/eco/?utm_source=owned&utm_medium=banner&utm_campaign=eco_hohoemi,https://www.meiji.co.jp/baby/hohoemi/assets/img/powder/eco/sec_03_img_02.png,page_image,,,,,0,0.45,2026-09-14T17:55:01,"{""page_url"": ""https://www.meiji.co.jp/baby/hohoemi/powder/eco/?utm_source=owned&utm_medium=banner&utm_campaign=eco_hohoemi""}"
348,5,明治,ほほえみ,明治ほほえみ,0-1,https://www.meiji.co.jp/baby/hohoemi/powder/eco/?utm_source=owned&utm_medium=banner&utm_campaign=eco_hohoemi,https://www.meiji.co.jp/baby/hohoemi/assets/img/powder/eco/sec_03_a2_ttl.png,page_image,明治ステップ,,,,0,0.5,2026-09-14T17:55:01,"{""page_url"": ""https://www.meiji.co.jp/baby/hohoemi/powder/eco/?utm_source=owned&utm_medium=banner&utm_campaign=eco_hohoemi""}"
349,5,明治,ほほえみ,明治ほほえみ,0-1,https://www.meiji.co.jp/baby/hohoemi/powder/eco/?utm_source=owned&utm_medium=banner&utm_campaign=eco_hohoemi,https://www.meiji.co.jp/baby/hohoemi/assets/img/powder/eco/sec_03_img_03.png,page_image,,,,,0,0.45,2026-09-14T17:55:01,"{""page_url"": ""https://www.meiji.co.jp/baby/hohoemi/powder/eco/?utm_source=owned&utm_medium=banner&utm_campaign=eco_hohoemi""}"
350,5,明治,ほほえみ,明治ほほえみ,0-1,https://www.meiji.co.jp/baby/hohoemi/powder/eco/?utm_source=owned&utm_medium=banner&utm_campaign=eco_hohoemi,https://www.meiji.co.jp/baby/hohoemi/assets/img/powder/eco/sec_03_img_04.png,page_image,,,,,0,0.45,2026-09-14T17:55:01,"{""page_url"": ""https://www.meiji.co.jp/baby/hohoemi/powder/eco/?utm_source=owned&utm_medium=banner&utm_campaign=eco_hohoemi""}"
351,5,明治,ほほえみ,明治ほほえみ,0-1,https://www.meiji.co.jp/baby/hohoemi/powder/eco/?utm_source=owned&utm_medium=banner&utm_campaign=eco_hohoemi,https://www.meiji.co.jp/baby/hohoemi/assets/img/common/btn_top.png,page_image,Top,,,,0,0.5,2026-09-14T17:55:01,"{""page_url"": ""https://www.meiji.co.jp/baby/hohoemi/powder/eco/?utm_source=owned&utm_medium=banner&utm_campaign=eco_hohoemi""}"
352,5,明治,ほほえみ,明治ほほえみ,0-1,https://www.meiji.co.jp/baby/hohoemi/powder/eco/?utm_source=owned&utm_medium=banner&utm_campaign=eco_hohoemi,https://www.meiji.co.jp/baby/hohoemi/assets/img/common/menu_btn_open.png,page_image,ひらく,,,,0,0.5,2026-09-14T17:55:01,"{""page_url"": ""https://www.meiji.co.jp/baby/hohoemi/powder/eco/?utm_source=owned&utm_medium=banner&utm_campaign=eco_hohoemi""}"
353,5,明治,ほほえみ,明治ほほえみ,0-1,https://www.meiji.co.jp/baby/hohoemi/powder/eco/?utm_source=owned&utm_medium=banner&utm_campaign=eco_hohoemi,https://www.meiji.co.jp/baby/hohoemi/assets/img/common/menu_btn_close.png,page_image,とじる,,,,0,0.5,2026-09-14T17:55:01,"{""page_url"": ""https://www.meiji.co.jp/baby/hohoemi/powder/eco/?utm_source=owned&utm_medium=banner&utm_campaign=eco_hohoemi""}"
354,5,明治,ほほえみ,明治ほほえみ,0-1,https://www.meiji.co.jp/baby/hohoemi/powder/eco/?utm_source=owned&utm_medium=banner&utm_campaign=eco_hohoemi,https://www.meiji.co.jp/baby/hohoemi/assets/img/common/step_btn.png,page_image,1歳からは,,,,0,0.5,2026-09-14T17:55:01,"{""page_url"": ""https://www.meiji.co.jp/baby/hohoemi/powder/eco/?utm_source=owned&utm_medium=banner&utm_campaign=eco_hohoemi""}"
355,5,明治,ほほえみ,明治ほほえみ,0-1,https://www.meiji.co.jp/baby/hohoemi/powder/eco/?utm_source=owned&utm_medium=banner&utm_campaign=eco_hohoemi,https://www.meiji.co.jp/baby/hohoemi/assets/img/common/step_btn_bnr.png,banner_image,明治 ステップ,,,,0,0.75,2026-09-14T17:55:01,"{""page_url"": ""https://www.meiji.co.jp/baby/hohoemi/powder/eco/?utm_source=owned&utm_medium=banner&utm_campaign=eco_hohoemi""}"
356,5,明治,ほほえみ,明治ほほえみ,0-1,https://www.meiji.co.jp/baby/hohoemi/powder/eco/?utm_source=owned&utm_medium=banner&utm_campaign=eco_hohoemi,https://www.meiji.co.jp/campaign,landing_page,,キャンペーンTOP,,,1,0.75,2026-09-14T17:55:01,"{""page_url"": ""https://www.meiji.co.jp/baby/hohoemi/powder/eco/?utm_source=owned&utm_medium=banner&utm_campaign=eco_hohoemi""}"
357,5,明治,ほほえみ,明治ほほえみ,0-1,https://www.meiji.co.jp/baby/hohoemi/powder/eco/?utm_source=owned&utm_medium=banner&utm_campaign=eco_hohoemi,https://campaign.meiji.co.jp/,landing_page,,明治会員ID限定キャンペーン,,,1,0.75,2026-09-14T17:55:01,"{""page_url"": ""https://www.meiji.co.jp/baby/hohoemi/powder/eco/?utm_source=owned&utm_medium=banner&utm_campaign=eco_hohoemi""}"
358,5,明治,ほほえみ,明治ほほえみ,0-1,https://www.meiji.co.jp/baby/hohoemi/powder/eco/?utm_source=owned&utm_medium=banner&utm_campaign=eco_hohoemi,https://www.meiji.co.jp/learned,landing_page,,体験・学ぶ,,,1,0.75,2026-09-14T17:55:01,"{""page_url"": ""https://www.meiji.co.jp/baby/hohoemi/powder/eco/?utm_source=owned&utm_medium=banner&utm_campaign=eco_hohoemi""}"
359,5,明治,ほほえみ,明治ほほえみ,0-1,https://www.meiji.co.jp/baby/hohoemi/powder/eco/?utm_source=owned&utm_medium=banner&utm_campaign=eco_hohoemi,https://search.meiji.co.jp/?kw=キャンペーン&ie=u,landing_page,,キャンペーン,,,1,0.75,2026-09-14T17:55:01,"{""page_url"": ""https://www.meiji.co.jp/baby/hohoemi/powder/eco/?utm_source=owned&utm_medium=banner&utm_campaign=eco_hohoemi""}"
360,5,明治,ほほえみ,明治ほほえみ,0-1,https://www.meiji.co.jp/baby/hohoemi/powder/eco/?utm_source=owned&utm_medium=banner&utm_campaign=eco_hohoemi,https://www.meiji.co.jp/baby/hohoemi/powder/eco,landing_page,,,,,1,0.75,2026-09-14T17:55:01,"{""page_url"": ""https://www.meiji.co.jp/baby/hohoemi/powder/eco/?utm_source=owned&utm_medium=banner&utm_campaign=eco_hohoemi""}"
362,31,明治,ステップ,明治ステップ,1-3,https://www.meiji.co.jp/baby/step/,https://www.meiji.co.jp/baby/step/assets/img/og.jpg,og_image,,OG/Twitter preview image,,,0,0.85,2026-09-14T17:55:02,"{""page_url"": ""https://www.meiji.co.jp/baby/step/""}"
363,31,明治,ステップ,明治ステップ,1-3,https://www.meiji.co.jp/baby/step/,https://www.meiji.co.jp/assets/img/structures/logo.svg,page_image,健康にアイデアを 株式会社 明治,,249.0,68.0,0,0.5,2026-09-14T17:55:02,"{""page_url"": ""https://www.meiji.co.jp/baby/step/""}"
364,31,明治,ステップ,明治ステップ,1-3,https://www.meiji.co.jp/baby/step/,https://www.meiji.co.jp/assets/img/icons/icon_search.svg,page_image,,,,,0,0.45,2026-09-14T17:55:02,"{""page_url"": ""https://www.meiji.co.jp/baby/step/""}"
365,31,明治,ステップ,明治ステップ,1-3,https://www.meiji.co.jp/baby/step/,https://www.meiji.co.jp/assets/img/icons/header_close.svg,page_image,,,,,0,0.45,2026-09-14T17:55:02,"{""page_url"": ""https://www.meiji.co.jp/baby/step/""}"
366,31,明治,ステップ,明治ステップ,1-3,https://www.meiji.co.jp/baby/step/,https://www.meiji.co.jp/assets/img/icons/plus.svg,page_image,開く,,,,0,0.5,2026-09-14T17:55:02,"{""page_url"": ""https://www.meiji.co.jp/baby/step/""}"
367,31,明治,ステップ,明治ステップ,1-3,https://www.meiji.co.jp/baby/step/,https://www.meiji.co.jp/assets/img/icons/external_gray.svg,page_image,（新しいウィンドウ）,,,,0,0.5,2026-09-14T17:55:02,"{""page_url"": ""https://www.meiji.co.jp/baby/step/""}"
368,31,明治,ステップ,明治ステップ,1-3,https://www.meiji.co.jp/baby/step/,https://www.meiji.co.jp/assets/img/structures/menu/menu_products_01.png,page_image,,,,,0,0.45,2026-09-14T17:55:02,"{""page_url"": ""https://www.meiji.co.jp/baby/step/""}"
369,31,明治,ステップ,明治ステップ,1-3,https://www.meiji.co.jp/baby/step/,https://www.meiji.co.jp/assets/img/structures/menu/menu_products_02.png,page_image,,,,,0,0.45,2026-09-14T17:55:02,"{""page_url"": ""https://www.meiji.co.jp/baby/step/""}"
370,31,明治,ステップ,明治ステップ,1-3,https://www.meiji.co.jp/baby/step/,https://www.meiji.co.jp/assets/img/structures/menu/menu_products_03.png,page_image,,,,,0,0.45,2026-09-14T17:55:02,"{""page_url"": ""https://www.meiji.co.jp/baby/step/""}"
371,31,明治,ステップ,明治ステップ,1-3,https://www.meiji.co.jp/baby/step/,https://www.meiji.co.jp/assets/img/structures/menu/menu_products_04.png,page_image,,,,,0,0.45,2026-09-14T17:55:02,"{""page_url"": ""https://www.meiji.co.jp/baby/step/""}"
372,31,明治,ステップ,明治ステップ,1-3,https://www.meiji.co.jp/baby/step/,https://www.meiji.co.jp/assets/img/structures/menu/menu_products_05.png,page_image,,,,,0,0.45,2026-09-14T17:55:02,"{""page_url"": ""https://www.meiji.co.jp/baby/step/""}"
373,31,明治,ステップ,明治ステップ,1-3,https://www.meiji.co.jp/baby/step/,https://www.meiji.co.jp/assets/img/structures/menu/menu_products_06.png,page_image,,,,,0,0.45,2026-09-14T17:55:02,"{""page_url"": ""https://www.meiji.co.jp/baby/step/""}"
374,31,明治,ステップ,明治ステップ,1-3,https://www.meiji.co.jp/baby/step/,https://www.meiji.co.jp/assets/img/structures/menu/menu_products_07.png,page_image,,,,,0,0.45,2026-09-14T17:55:02,"{""page_url"": ""https://www.meiji.co.jp/baby/step/""}"
375,31,明治,ステップ,明治ステップ,1-3,https://www.meiji.co.jp/baby/step/,https://www.meiji.co.jp/assets/img/structures/menu/menu_products_08.png,page_image,,,,,0,0.45,2026-09-14T17:55:02,"{""page_url"": ""https://www.meiji.co.jp/baby/step/""}"
376,31,明治,ステップ,明治ステップ,1-3,https://www.meiji.co.jp/baby/step/,https://www.meiji.co.jp/assets/img/structures/menu/menu_learned.png,page_image,,,,,0,0.45,2026-09-14T17:55:02,"{""page_url"": ""https://www.meiji.co.jp/baby/step/""}"
377,31,明治,ステップ,明治ステップ,1-3,https://www.meiji.co.jp/baby/step/,https://www.meiji.co.jp/assets/img/structures/menu/menu_learned_02.png,page_image,,,,,0,0.45,2026-09-14T17:55:02,"{""page_url"": ""https://www.meiji.co.jp/baby/step/""}"
378,31,明治,ステップ,明治ステップ,1-3,https://www.meiji.co.jp/baby/step/,https://www.meiji.co.jp/assets/img/structures/menu/menu_learned_03.png,page_image,,,,,0,0.45,2026-09-14T17:55:02,"{""page_url"": ""https://www.meiji.co.jp/baby/step/""}"
379,31,明治,ステップ,明治ステップ,1-3,https://www.meiji.co.jp/baby/step/,https://www.meiji.co.jp/assets/img/structures/menu/menu_learned_04.png,page_image,,,,,0,0.45,2026-09-14T17:55:02,"{""page_url"": ""https://www.meiji.co.jp/baby/step/""}"
380,31,明治,ステップ,明治ステップ,1-3,https://www.meiji.co.jp/baby/step/,https://www.meiji.co.jp/assets/img/structures/menu/menu_learned_07.png,page_image,,,,,0,0.45,2026-09-14T17:55:02,"{""page_url"": ""https://www.meiji.co.jp/baby/step/""}"
381,31,明治,ステップ,明治ステップ,1-3,https://www.meiji.co.jp/baby/step/,https://www.meiji.co.jp/assets/img/structures/menu/menu_learned_05.png,page_image,,,,,0,0.45,2026-09-14T17:55:02,"{""page_url"": ""https://www.meiji.co.jp/baby/step/""}"
382,31,明治,ステップ,明治ステップ,1-3,https://www.meiji.co.jp/baby/step/,https://www.meiji.co.jp/assets/img/structures/menu/menu_learned_08.png,page_image,,,,,0,0.45,2026-09-14T17:55:02,"{""page_url"": ""https://www.meiji.co.jp/baby/step/""}"
383,31,明治,ステップ,明治ステップ,1-3,https://www.meiji.co.jp/baby/step/,https://www.meiji.co.jp/assets/img/structures/menu/menu_learned_06.png,page_image,,,,,0,0.45,2026-09-14T17:55:02,"{""page_url"": ""https://www.meiji.co.jp/baby/step/""}"
384,31,明治,ステップ,明治ステップ,1-3,https://www.meiji.co.jp/baby/step/,https://www.meiji.co.jp/assets/img/structures/menu/menu_quality.png,page_image,,,,,0,0.45,2026-09-14T17:55:02,"{""page_url"": ""https://www.meiji.co.jp/baby/step/""}"
385,31,明治,ステップ,明治ステップ,1-3,https://www.meiji.co.jp/baby/step/,https://www.meiji.co.jp/assets/img/structures/menu/menu_quality_02.png,page_image,,,,,0,0.45,2026-09-14T17:55:02,"{""page_url"": ""https://www.meiji.co.jp/baby/step/""}"
386,31,明治,ステップ,明治ステップ,1-3,https://www.meiji.co.jp/baby/step/,https://www.meiji.co.jp/assets/img/structures/menu/menu_baby_clinic.png,page_image,,,,,0,0.45,2026-09-14T17:55:02,"{""page_url"": ""https://www.meiji.co.jp/baby/step/""}"
387,31,明治,ステップ,明治ステップ,1-3,https://www.meiji.co.jp/baby/step/,https://www.meiji.co.jp/baby/step/assets/img/pages/home/item_04b_sp.png,page_image,,,,,0,0.45,2026-09-14T17:55:02,"{""page_url"": ""https://www.meiji.co.jp/baby/step/""}"
388,31,明治,ステップ,明治ステップ,1-3,https://www.meiji.co.jp/baby/step/,https://www.meiji.co.jp/baby/step/assets/img/pages/home/item_04b.png,page_image,,,,,0,0.45,2026-09-14T17:55:02,"{""page_url"": ""https://www.meiji.co.jp/baby/step/""}"
389,31,明治,ステップ,明治ステップ,1-3,https://www.meiji.co.jp/baby/step/,https://www.meiji.co.jp/baby/step/assets/img/pages/home/item_00_sp.svg,page_image,,,,,0,0.45,2026-09-14T17:55:02,"{""page_url"": ""https://www.meiji.co.jp/baby/step/""}"
390,31,明治,ステップ,明治ステップ,1-3,https://www.meiji.co.jp/baby/step/,https://www.meiji.co.jp/baby/step/assets/img/pages/home/item_00.svg,page_image,,,,,0,0.45,2026-09-14T17:55:02,"{""page_url"": ""https://www.meiji.co.jp/baby/step/""}"
391,31,明治,ステップ,明治ステップ,1-3,https://www.meiji.co.jp/baby/step/,https://www.meiji.co.jp/baby/step/assets/img/pages/home/item_99.svg,page_image,,,,,0,0.45,2026-09-14T17:55:02,"{""page_url"": ""https://www.meiji.co.jp/baby/step/""}"
392,31,明治,ステップ,明治ステップ,1-3,https://www.meiji.co.jp/baby/step/,https://www.meiji.co.jp/baby/step/assets/img/pages/home/item_01.png,page_image,,,,,0,0.45,2026-09-14T17:55:02,"{""page_url"": ""https://www.meiji.co.jp/baby/step/""}"
393,31,明治,ステップ,明治ステップ,1-3,https://www.meiji.co.jp/baby/step/,https://www.meiji.co.jp/baby/step/assets/img/pages/home/item_02.png,page_image,,,,,0,0.45,2026-09-14T17:55:02,"{""page_url"": ""https://www.meiji.co.jp/baby/step/""}"
394,31,明治,ステップ,明治ステップ,1-3,https://www.meiji.co.jp/baby/step/,https://www.meiji.co.jp/baby/step/assets/img/pages/home/item_03.png,page_image,,,,,0,0.45,2026-09-14T17:55:02,"{""page_url"": ""https://www.meiji.co.jp/baby/step/""}"
395,31,明治,ステップ,明治ステップ,1-3,https://www.meiji.co.jp/baby/step/,https://www.meiji.co.jp/baby/step/assets/img/pages/home/item_04_sp.png,page_image,,,,,0,0.45,2026-09-14T17:55:02,"{""page_url"": ""https://www.meiji.co.jp/baby/step/""}"
396,31,明治,ステップ,明治ステップ,1-3,https://www.meiji.co.jp/baby/step/,https://www.meiji.co.jp/baby/step/assets/img/pages/home/item_04.png,page_image,,,,,0,0.45,2026-09-14T17:55:02,"{""page_url"": ""https://www.meiji.co.jp/baby/step/""}"
397,31,明治,ステップ,明治ステップ,1-3,https://www.meiji.co.jp/baby/step/,https://www.meiji.co.jp/baby/step/assets/img/pages/home/item_04_01.png,page_image,,,,,0,0.45,2026-09-14T17:55:02,"{""page_url"": ""https://www.meiji.co.jp/baby/step/""}"
398,31,明治,ステップ,明治ステップ,1-3,https://www.meiji.co.jp/baby/step/,https://www.meiji.co.jp/baby/step/assets/img/pages/home/item_04_02.png,page_image,,,,,0,0.45,2026-09-14T17:55:02,"{""page_url"": ""https://www.meiji.co.jp/baby/step/""}"
399,31,明治,ステップ,明治ステップ,1-3,https://www.meiji.co.jp/baby/step/,https://www.meiji.co.jp/baby/step/assets/img/pages/home/item_04_03.png,page_image,,,,,0,0.45,2026-09-14T17:55:02,"{""page_url"": ""https://www.meiji.co.jp/baby/step/""}"
400,31,明治,ステップ,明治ステップ,1-3,https://www.meiji.co.jp/baby/step/,https://www.meiji.co.jp/baby/step/assets/img/pages/home/item_04_04.png,page_image,,,,,0,0.45,2026-09-14T17:55:02,"{""page_url"": ""https://www.meiji.co.jp/baby/step/""}"
401,31,明治,ステップ,明治ステップ,1-3,https://www.meiji.co.jp/baby/step/,https://www.meiji.co.jp/baby/step/assets/img/pages/home/child-care_01.png,page_image,,,,,0,0.45,2026-09-14T17:55:02,"{""page_url"": ""https://www.meiji.co.jp/baby/step/""}"
402,31,明治,ステップ,明治ステップ,1-3,https://www.meiji.co.jp/baby/step/,https://www.meiji.co.jp/baby/step/assets/img/pages/home/child-care_01_sp.png,page_image,Q. 子どもの食事で栄養を意識している？の円グラフ,,,,0,0.5,2026-09-14T17:55:02,"{""page_url"": ""https://www.meiji.co.jp/baby/step/""}"
403,31,明治,ステップ,明治ステップ,1-3,https://www.meiji.co.jp/baby/step/,https://www.meiji.co.jp/baby/step/assets/img/pages/home/child-care_02.png,page_image,,,,,0,0.45,2026-09-14T17:55:02,"{""page_url"": ""https://www.meiji.co.jp/baby/step/""}"
404,31,明治,ステップ,明治ステップ,1-3,https://www.meiji.co.jp/baby/step/,https://www.meiji.co.jp/baby/step/assets/img/pages/home/child-care_02_sp.png,page_image,Q. 栄養を与えられている？の円グラフ,,,,0,0.5,2026-09-14T17:55:02,"{""page_url"": ""https://www.meiji.co.jp/baby/step/""}"
405,31,明治,ステップ,明治ステップ,1-3,https://www.meiji.co.jp/baby/step/,https://www.meiji.co.jp/baby/step/assets/img/pages/home/child-care_03.png,page_image,,,,,0,0.45,2026-09-14T17:55:02,"{""page_url"": ""https://www.meiji.co.jp/baby/step/""}"
406,31,明治,ステップ,明治ステップ,1-3,https://www.meiji.co.jp/baby/step/,https://www.meiji.co.jp/baby/step/assets/img/pages/home/child-care_03_sp.png,page_image,生活や子育てに対する悩みや心配事の横グラフ,,,,0,0.5,2026-09-14T17:55:02,"{""page_url"": ""https://www.meiji.co.jp/baby/step/""}"
407,31,明治,ステップ,明治ステップ,1-3,https://www.meiji.co.jp/baby/step/,https://www.meiji.co.jp/baby/step/assets/img/pages/home/fol_bal_sp.png,page_image,,,,,0,0.45,2026-09-14T17:55:02,"{""page_url"": ""https://www.meiji.co.jp/baby/step/""}"
408,31,明治,ステップ,明治ステップ,1-3,https://www.meiji.co.jp/baby/step/,https://www.meiji.co.jp/baby/step/assets/img/pages/home/fol_bal_pc.png,page_image,フォローアップミルクとは？,,,,0,0.5,2026-09-14T17:55:02,"{""page_url"": ""https://www.meiji.co.jp/baby/step/""}"
409,31,明治,ステップ,明治ステップ,1-3,https://www.meiji.co.jp/baby/step/,https://www.meiji.co.jp/baby/step/assets/img/pages/home/nutrition_01.png,page_image,,,,,0,0.45,2026-09-14T17:55:02,"{""page_url"": ""https://www.meiji.co.jp/baby/step/""}"
410,31,明治,ステップ,明治ステップ,1-3,https://www.meiji.co.jp/baby/step/,https://www.meiji.co.jp/baby/step/assets/img/pages/home/product_01.png,page_image,明治ステップ,,,,0,0.5,2026-09-14T17:55:02,"{""page_url"": ""https://www.meiji.co.jp/baby/step/""}"
411,31,明治,ステップ,明治ステップ,1-3,https://www.meiji.co.jp/baby/step/,https://www.meiji.co.jp/baby/step/assets/img/pages/home/product_02.png,page_image,明治ステップ,,,,0,0.5,2026-09-14T17:55:02,"{""page_url"": ""https://www.meiji.co.jp/baby/step/""}"
412,31,明治,ステップ,明治ステップ,1-3,https://www.meiji.co.jp/baby/step/,https://www.meiji.co.jp/baby/step/assets/img/pages/home/product_03.png,page_image,明治ステップ,,,,0,0.5,2026-09-14T17:55:02,"{""page_url"": ""https://www.meiji.co.jp/baby/step/""}"
413,31,明治,ステップ,明治ステップ,1-3,https://www.meiji.co.jp/baby/step/,https://www.meiji.co.jp/baby/step/assets/img/pages/home/product_usage_banner.png,banner_image,らくらくミルクご使用上の注意,,,,0,0.75,2026-09-14T17:55:02,"{""page_url"": ""https://www.meiji.co.jp/baby/step/""}"
414,31,明治,ステップ,明治ステップ,1-3,https://www.meiji.co.jp/baby/step/,https://www.meiji.co.jp/baby/step/assets/img/pages/home/rec_ttl_sub_img_1.svg,page_image,,,,,0,0.45,2026-09-14T17:55:02,"{""page_url"": ""https://www.meiji.co.jp/baby/step/""}"
415,31,明治,ステップ,明治ステップ,1-3,https://www.meiji.co.jp/baby/step/,https://www.meiji.co.jp/baby/step/assets/img/pages/home/rec_ttl_sub_img_2.svg,page_image,,,,,0,0.45,2026-09-14T17:55:02,"{""page_url"": ""https://www.meiji.co.jp/baby/step/""}"
416,31,明治,ステップ,明治ステップ,1-3,https://www.meiji.co.jp/baby/step/,https://www.meiji.co.jp/baby/step/assets/img/pages/home/recipe_01.png,page_image,,,,,0,0.45,2026-09-14T17:55:02,"{""page_url"": ""https://www.meiji.co.jp/baby/step/""}"
417,31,明治,ステップ,明治ステップ,1-3,https://www.meiji.co.jp/baby/step/,https://www.meiji.co.jp/baby/step/assets/img/pages/home/recipe_01_sp.png,page_image,色んな料理の画像,,,,0,0.5,2026-09-14T17:55:02,"{""page_url"": ""https://www.meiji.co.jp/baby/step/""}"
418,31,明治,ステップ,明治ステップ,1-3,https://www.meiji.co.jp/baby/step/,https://www.meiji.co.jp/baby/step/assets/img/pages/home/check_01.png,page_image,,,,,0,0.45,2026-09-14T17:55:02,"{""page_url"": ""https://www.meiji.co.jp/baby/step/""}"
419,31,明治,ステップ,明治ステップ,1-3,https://www.meiji.co.jp/baby/step/,https://www.meiji.co.jp/baby/step/assets/img/pages/home/check_01_sp.png,page_image,鉄チェック活動,,,,0,0.5,2026-09-14T17:55:02,"{""page_url"": ""https://www.meiji.co.jp/baby/step/""}"
420,31,明治,ステップ,明治ステップ,1-3,https://www.meiji.co.jp/baby/step/,https://www.meiji.co.jp/baby/step/assets/img/pages/home/icon_mapbutton.svg,page_image,meijiマップアイコン,,,,0,0.5,2026-09-14T17:55:02,"{""page_url"": ""https://www.meiji.co.jp/baby/step/""}"
421,31,明治,ステップ,明治ステップ,1-3,https://www.meiji.co.jp/baby/step/,https://www.meiji.co.jp/baby/step/assets/img/pages/home/check_icon_01.png,page_image,ほほえみクラブアイコン,,,,0,0.5,2026-09-14T17:55:02,"{""page_url"": ""https://www.meiji.co.jp/baby/step/""}"
422,31,明治,ステップ,明治ステップ,1-3,https://www.meiji.co.jp/baby/step/,https://www.meiji.co.jp/baby/step/assets/img/common/logo_momstablet.png,page_image,明治 Mom's Tablet,,,,0,0.5,2026-09-14T17:55:02,"{""page_url"": ""https://www.meiji.co.jp/baby/step/""}"
423,31,明治,ステップ,明治ステップ,1-3,https://www.meiji.co.jp/baby/step/,https://www.meiji.co.jp/baby/step/assets/img/common/logo_miraful.png,page_image,こども育てるえいようミラフル,,,,0,0.5,2026-09-14T17:55:02,"{""page_url"": ""https://www.meiji.co.jp/baby/step/""}"
424,31,明治,ステップ,明治ステップ,1-3,https://www.meiji.co.jp/baby/step/,https://www.meiji.co.jp/assets/img/icons/pagetop.svg,page_image,ページの先頭へ,,,,0,0.5,2026-09-14T17:55:02,"{""page_url"": ""https://www.meiji.co.jp/baby/step/""}"
425,31,明治,ステップ,明治ステップ,1-3,https://www.meiji.co.jp/baby/step/,https://www.meiji.co.jp/campaign,landing_page,,キャンペーンTOP,,,1,0.75,2026-09-14T17:55:02,"{""page_url"": ""https://www.meiji.co.jp/baby/step/""}"
426,31,明治,ステップ,明治ステップ,1-3,https://www.meiji.co.jp/baby/step/,https://campaign.meiji.co.jp/,landing_page,,明治会員ID限定キャンペーン,,,1,0.75,2026-09-14T17:55:02,"{""page_url"": ""https://www.meiji.co.jp/baby/step/""}"
427,31,明治,ステップ,明治ステップ,1-3,https://www.meiji.co.jp/baby/step/,https://www.meiji.co.jp/learned,landing_page,,体験・学ぶ,,,1,0.75,2026-09-14T17:55:02,"{""page_url"": ""https://www.meiji.co.jp/baby/step/""}"
428,31,明治,ステップ,明治ステップ,1-3,https://www.meiji.co.jp/baby/step/,https://search.meiji.co.jp/?kw=キャンペーン&ie=u,landing_page,,キャンペーン,,,1,0.75,2026-09-14T17:55:02,"{""page_url"": ""https://www.meiji.co.jp/baby/step/""}"
429,31,明治,ステップ,明治ステップ,1-3,https://www.meiji.co.jp/baby/step/,https://www.meiji.co.jp/baby/hohoemi/rakurakumilk/caution,landing_page,,,,,1,0.75,2026-09-14T17:55:02,"{""page_url"": ""https://www.meiji.co.jp/baby/step/""}"
430,32,明治,ステップ,明治ステップ,1-3,https://www.meiji.co.jp/campaign/,https://www.meiji.co.jp/assets/img/ogp.png,og_image,,OG/Twitter preview image,,,0,0.85,2026-09-14T17:55:02,"{""page_url"": ""https://www.meiji.co.jp/campaign/""}"
431,32,明治,ステップ,明治ステップ,1-3,https://www.meiji.co.jp/campaign/,https://www.meiji.co.jp/assets/img/structures/logo.svg,page_image,健康にアイデアを 株式会社 明治,,249.0,68.0,0,0.5,2026-09-14T17:55:02,"{""page_url"": ""https://www.meiji.co.jp/campaign/""}"
432,32,明治,ステップ,明治ステップ,1-3,https://www.meiji.co.jp/campaign/,https://www.meiji.co.jp/assets/img/icons/icon_search.svg,page_image,,,,,0,0.45,2026-09-14T17:55:02,"{""page_url"": ""https://www.meiji.co.jp/campaign/""}"
433,32,明治,ステップ,明治ステップ,1-3,https://www.meiji.co.jp/campaign/,https://www.meiji.co.jp/assets/img/icons/header_close.svg,page_image,,,,,0,0.45,2026-09-14T17:55:02,"{""page_url"": ""https://www.meiji.co.jp/campaign/""}"
434,32,明治,ステップ,明治ステップ,1-3,https://www.meiji.co.jp/campaign/,https://www.meiji.co.jp/assets/img/icons/plus.svg,page_image,開く,,,,0,0.5,2026-09-14T17:55:02,"{""page_url"": ""https://www.meiji.co.jp/campaign/""}"
435,32,明治,ステップ,明治ステップ,1-3,https://www.meiji.co.jp/campaign/,https://www.meiji.co.jp/assets/img/icons/external_gray.svg,page_image,（新しいウィンドウ）,,,,0,0.5,2026-09-14T17:55:02,"{""page_url"": ""https://www.meiji.co.jp/campaign/""}"
436,32,明治,ステップ,明治ステップ,1-3,https://www.meiji.co.jp/campaign/,https://www.meiji.co.jp/assets/img/structures/menu/menu_products_01.png,page_image,,,,,0,0.45,2026-09-14T17:55:02,"{""page_url"": ""https://www.meiji.co.jp/campaign/""}"
437,32,明治,ステップ,明治ステップ,1-3,https://www.meiji.co.jp/campaign/,https://www.meiji.co.jp/assets/img/structures/menu/menu_products_02.png,page_image,,,,,0,0.45,2026-09-14T17:55:02,"{""page_url"": ""https://www.meiji.co.jp/campaign/""}"
438,32,明治,ステップ,明治ステップ,1-3,https://www.meiji.co.jp/campaign/,https://www.meiji.co.jp/assets/img/structures/menu/menu_products_03.png,page_image,,,,,0,0.45,2026-09-14T17:55:02,"{""page_url"": ""https://www.meiji.co.jp/campaign/""}"
439,32,明治,ステップ,明治ステップ,1-3,https://www.meiji.co.jp/campaign/,https://www.meiji.co.jp/assets/img/structures/menu/menu_products_04.png,page_image,,,,,0,0.45,2026-09-14T17:55:02,"{""page_url"": ""https://www.meiji.co.jp/campaign/""}"
440,32,明治,ステップ,明治ステップ,1-3,https://www.meiji.co.jp/campaign/,https://www.meiji.co.jp/assets/img/structures/menu/menu_products_05.png,page_image,,,,,0,0.45,2026-09-14T17:55:02,"{""page_url"": ""https://www.meiji.co.jp/campaign/""}"
441,32,明治,ステップ,明治ステップ,1-3,https://www.meiji.co.jp/campaign/,https://www.meiji.co.jp/assets/img/structures/menu/menu_products_06.png,page_image,,,,,0,0.45,2026-09-14T17:55:02,"{""page_url"": ""https://www.meiji.co.jp/campaign/""}"
442,32,明治,ステップ,明治ステップ,1-3,https://www.meiji.co.jp/campaign/,https://www.meiji.co.jp/assets/img/structures/menu/menu_products_07.png,page_image,,,,,0,0.45,2026-09-14T17:55:02,"{""page_url"": ""https://www.meiji.co.jp/campaign/""}"
443,32,明治,ステップ,明治ステップ,1-3,https://www.meiji.co.jp/campaign/,https://www.meiji.co.jp/assets/img/structures/menu/menu_products_08.png,page_image,,,,,0,0.45,2026-09-14T17:55:02,"{""page_url"": ""https://www.meiji.co.jp/campaign/""}"
444,32,明治,ステップ,明治ステップ,1-3,https://www.meiji.co.jp/campaign/,https://www.meiji.co.jp/assets/img/structures/menu/menu_learned.png,page_image,,,,,0,0.45,2026-09-14T17:55:02,"{""page_url"": ""https://www.meiji.co.jp/campaign/""}"
445,32,明治,ステップ,明治ステップ,1-3,https://www.meiji.co.jp/campaign/,https://www.meiji.co.jp/assets/img/structures/menu/menu_learned_02.png,page_image,,,,,0,0.45,2026-09-14T17:55:02,"{""page_url"": ""https://www.meiji.co.jp/campaign/""}"
446,32,明治,ステップ,明治ステップ,1-3,https://www.meiji.co.jp/campaign/,https://www.meiji.co.jp/assets/img/structures/menu/menu_learned_03.png,page_image,,,,,0,0.45,2026-09-14T17:55:02,"{""page_url"": ""https://www.meiji.co.jp/campaign/""}"
447,32,明治,ステップ,明治ステップ,1-3,https://www.meiji.co.jp/campaign/,https://www.meiji.co.jp/assets/img/structures/menu/menu_learned_04.png,page_image,,,,,0,0.45,2026-09-14T17:55:02,"{""page_url"": ""https://www.meiji.co.jp/campaign/""}"
448,32,明治,ステップ,明治ステップ,1-3,https://www.meiji.co.jp/campaign/,https://www.meiji.co.jp/assets/img/structures/menu/menu_learned_07.png,page_image,,,,,0,0.45,2026-09-14T17:55:02,"{""page_url"": ""https://www.meiji.co.jp/campaign/""}"
449,32,明治,ステップ,明治ステップ,1-3,https://www.meiji.co.jp/campaign/,https://www.meiji.co.jp/assets/img/structures/menu/menu_learned_05.png,page_image,,,,,0,0.45,2026-09-14T17:55:02,"{""page_url"": ""https://www.meiji.co.jp/campaign/""}"
450,32,明治,ステップ,明治ステップ,1-3,https://www.meiji.co.jp/campaign/,https://www.meiji.co.jp/assets/img/structures/menu/menu_learned_08.png,page_image,,,,,0,0.45,2026-09-14T17:55:02,"{""page_url"": ""https://www.meiji.co.jp/campaign/""}"
451,32,明治,ステップ,明治ステップ,1-3,https://www.meiji.co.jp/campaign/,https://www.meiji.co.jp/assets/img/structures/menu/menu_learned_06.png,page_image,,,,,0,0.45,2026-09-14T17:55:02,"{""page_url"": ""https://www.meiji.co.jp/campaign/""}"
452,32,明治,ステップ,明治ステップ,1-3,https://www.meiji.co.jp/campaign/,https://www.meiji.co.jp/assets/img/structures/menu/menu_quality.png,page_image,,,,,0,0.45,2026-09-14T17:55:02,"{""page_url"": ""https://www.meiji.co.jp/campaign/""}"
453,32,明治,ステップ,明治ステップ,1-3,https://www.meiji.co.jp/campaign/,https://www.meiji.co.jp/assets/img/structures/menu/menu_quality_02.png,page_image,,,,,0,0.45,2026-09-14T17:55:02,"{""page_url"": ""https://www.meiji.co.jp/campaign/""}"
454,32,明治,ステップ,明治ステップ,1-3,https://www.meiji.co.jp/campaign/,https://www.meiji.co.jp/assets/img/structures/menu/menu_baby_clinic.png,page_image,,,,,0,0.45,2026-09-14T17:55:02,"{""page_url"": ""https://www.meiji.co.jp/campaign/""}"
455,32,明治,ステップ,明治ステップ,1-3,https://www.meiji.co.jp/campaign/,https://www.meiji.co.jp/campaign/assets/img/okashihappy_cp_20260913.png,banner_image,明治ミルクチョコ100周年！フォロー＆コメントで当たるキャンペーン明治ミルクチョコよくばりBOXが20名様に当たる！※画像はイメージです応募締切2026年10月12日（月・祝）23:59まで,,,,0,0.75,2026-09-14T17:55:02,"{""page_url"": ""https://www.meiji.co.jp/campaign/""}"
456,32,明治,ステップ,明治ステップ,1-3,https://www.meiji.co.jp/campaign/,https://www.meiji.co.jp/campaign/assets/img/mchoco_cp_20260913.png,banner_image,"明治ミルクチョコレート 当選者各100名様 100周年記念! プレゼントキャンペーン A賞 FRUITS ZIPPERオリジナルポスター(A1サイズ) メンバー7名の直筆メッセージ入り! B賞 おかしの詰め合わせ金箱約5,000円相当 応募期間 | 9月13日(日) 10時00分~10月12日(月)23時59分",,,,0,0.75,2026-09-14T17:55:02,"{""page_url"": ""https://www.meiji.co.jp/campaign/""}"
457,32,明治,ステップ,明治ステップ,1-3,https://www.meiji.co.jp/campaign/,https://www.meiji.co.jp/campaign/assets/img/lactome_cp_20260911.png,banner_image,"meiji 新発売、記念キャンペーン 明治から膣内善玉菌サプリ ラクトミー 対象期間 10月9日(金)23:59まで 抽選で10名様にAmazonギフト券5,000円分プレゼント！ 株式会社 明治主催。Amazon、Amazon.co.jpおよびそれらのロゴはAmazon.com, Inc.またはその関連会社の商標です。 応募方法 1 @lactome_meijiをフォロー 2 対象投稿をリポスト",,,,0,0.75,2026-09-14T17:55:02,"{""page_url"": ""https://www.meiji.co.jp/campaign/""}"
458,32,明治,ステップ,明治ステップ,1-3,https://www.meiji.co.jp/campaign/,https://www.meiji.co.jp/campaign/assets/img/mylacto_cp_20260902.png,banner_image,"meiji 新発売、記念キャンペーン 膣内フローラ検査 マイラクト 妊活中の方も、将来に備えたい方も 毎日、自分のカラダと向き合うあなたへ。 対象期間 9月30日(水)23:59まで 抽選で10名様にAmazonギフト券5,000円分プレゼント！ 株式会社 明治主催。Amazon、Amazon.co.jpおよびそれらのロゴはAmazon.com, Inc.またはその関連会社の商標です。 応募方法 1 @mylacto_meijiをフォロー 2 対象投稿をリポスト",,,,0,0.75,2026-09-14T17:55:02,"{""page_url"": ""https://www.meiji.co.jp/campaign/""}"
459,32,明治,ステップ,明治ステップ,1-3,https://www.meiji.co.jp/campaign/,https://www.meiji.co.jp/campaign/assets/img/meiji_baby_cmp_pointCP_260901.png,banner_image,ポイント集めて必ずもらえる！QUOカードPay200円分 さらに、ポイントそのまま使えてお好きな賞品が当たる！,,,,0,0.75,2026-09-14T17:55:02,"{""page_url"": ""https://www.meiji.co.jp/campaign/""}"
460,32,明治,ステップ,明治ステップ,1-3,https://www.meiji.co.jp/campaign/,https://www.meiji.co.jp/campaign/assets/img/meiji_ice_cp_20260901.png,banner_image,"対象のマルチアイス＆ホームタイプアイス1品で応募！えらべるPay5,000円分が合計1,000名様に当たるキャンペーン",,,,0,0.75,2026-09-14T17:55:02,"{""page_url"": ""https://www.meiji.co.jp/campaign/""}"
461,32,明治,ステップ,明治ステップ,1-3,https://www.meiji.co.jp/campaign/,https://www.meiji.co.jp/campaign/assets/img/meijioishiigyunyu_cp_20260730.png,banner_image,みんな、ミルクだよね？ミルクを語りすぎる男見本オリジナルQUOカード当たる！,,,,0,0.75,2026-09-14T17:55:02,"{""page_url"": ""https://www.meiji.co.jp/campaign/""}"
462,32,明治,ステップ,明治ステップ,1-3,https://www.meiji.co.jp/campaign/,https://www.meiji.co.jp/campaign/assets/img/meiji_ginzacurry_cp_20260803.png,banner_image,銀座カリー 定番3種 × 釜炊きごはん 15食セット いいね数UPで 最大30名様に 当たる！ 2026年8月18日(火)～9月17日(木),,,,0,0.75,2026-09-14T17:55:02,"{""page_url"": ""https://www.meiji.co.jp/campaign/""}"
463,32,明治,ステップ,明治ステップ,1-3,https://www.meiji.co.jp/campaign/,https://www.meiji.co.jp/campaign/assets/img/meiji_meibalance_cp_260601.png,banner_image,"明治の栄養食品キャンペーン～最大30,000円分のJCBギフトカードが当たる!～ 【応募期間】2026年6月1日(月)10:00〜10月1日(木)23:59 当日消印有効",,,,0,0.75,2026-09-14T17:55:02,"{""page_url"": ""https://www.meiji.co.jp/campaign/""}"
464,32,明治,ステップ,明治ステップ,1-3,https://www.meiji.co.jp/campaign/,https://www.meiji.co.jp/campaign/assets/img/campaign_pc.jpg,banner_image,,,,,0,0.7,2026-09-14T17:55:02,"{""page_url"": ""https://www.meiji.co.jp/campaign/""}"
465,32,明治,ステップ,明治ステップ,1-3,https://www.meiji.co.jp/campaign/,https://www.meiji.co.jp/campaign/assets/img/campaign_sp.jpg,banner_image,,,,,0,0.7,2026-09-14T17:55:02,"{""page_url"": ""https://www.meiji.co.jp/campaign/""}"
466,32,明治,ステップ,明治ステップ,1-3,https://www.meiji.co.jp/campaign/,https://www.meiji.co.jp/assets/img/links/thumbnail_1.png,page_image,,,277.0,103.0,0,0.45,2026-09-14T17:55:02,"{""page_url"": ""https://www.meiji.co.jp/campaign/""}"
467,32,明治,ステップ,明治ステップ,1-3,https://www.meiji.co.jp/campaign/,https://www.meiji.co.jp/assets/img/links/thumbnail_2.png,page_image,,,277.0,103.0,0,0.45,2026-09-14T17:55:02,"{""page_url"": ""https://www.meiji.co.jp/campaign/""}"
468,32,明治,ステップ,明治ステップ,1-3,https://www.meiji.co.jp/campaign/,https://www.meiji.co.jp/assets/img/links/thumbnail_3.png,page_image,,,277.0,103.0,0,0.45,2026-09-14T17:55:02,"{""page_url"": ""https://www.meiji.co.jp/campaign/""}"
469,32,明治,ステップ,明治ステップ,1-3,https://www.meiji.co.jp/campaign/,https://www.meiji.co.jp/assets/img/links/thumbnail_4_2.png,page_image,,,277.0,103.0,0,0.45,2026-09-14T17:55:02,"{""page_url"": ""https://www.meiji.co.jp/campaign/""}"
470,32,明治,ステップ,明治ステップ,1-3,https://www.meiji.co.jp/campaign/,https://www.meiji.co.jp/assets/img/icons/pagetop.svg,page_image,ページの先頭へ,,,,0,0.5,2026-09-14T17:55:02,"{""page_url"": ""https://www.meiji.co.jp/campaign/""}"
471,32,明治,ステップ,明治ステップ,1-3,https://www.meiji.co.jp/campaign/,https://www.meiji.co.jp/assets/img/icons/facebook.svg,page_image,Facebook（新しいウィンドウ）,,28.0,29.0,0,0.5,2026-09-14T17:55:02,"{""page_url"": ""https://www.meiji.co.jp/campaign/""}"
472,32,明治,ステップ,明治ステップ,1-3,https://www.meiji.co.jp/campaign/,https://www.meiji.co.jp/assets/img/icons/twitter.svg,page_image,X（新しいウィンドウ）,,28.0,28.0,0,0.5,2026-09-14T17:55:02,"{""page_url"": ""https://www.meiji.co.jp/campaign/""}"
473,32,明治,ステップ,明治ステップ,1-3,https://www.meiji.co.jp/campaign/,https://www.meiji.co.jp/assets/img/icons/line.svg,page_image,LINE（新しいウィンドウ）,,28.0,28.0,0,0.5,2026-09-14T17:55:02,"{""page_url"": ""https://www.meiji.co.jp/campaign/""}"
474,32,明治,ステップ,明治ステップ,1-3,https://www.meiji.co.jp/campaign/,https://www.meiji.co.jp/assets/img/icons/logo_note.svg,page_image,note（新しいウィンドウ）,,29.0,29.0,0,0.5,2026-09-14T17:55:02,"{""page_url"": ""https://www.meiji.co.jp/campaign/""}"
475,32,明治,ステップ,明治ステップ,1-3,https://www.meiji.co.jp/campaign/,https://www.meiji.co.jp/assets/img/icons/youtube.svg,page_image,YouTube（新しいウィンドウ）,,36.0,25.0,0,0.5,2026-09-14T17:55:02,"{""page_url"": ""https://www.meiji.co.jp/campaign/""}"
476,32,明治,ステップ,明治ステップ,1-3,https://www.meiji.co.jp/campaign/,https://www.meiji.co.jp/assets/img/structures/name_white.svg,page_image,株式会社明治,,151.0,22.0,0,0.5,2026-09-14T17:55:02,"{""page_url"": ""https://www.meiji.co.jp/campaign/""}"
477,32,明治,ステップ,明治ステップ,1-3,https://www.meiji.co.jp/campaign/,https://www.meiji.co.jp/assets/img/icons/external_white2.svg,page_image,（新しいウィンドウ）,,,,0,0.5,2026-09-14T17:55:02,"{""page_url"": ""https://www.meiji.co.jp/campaign/""}"
478,32,明治,ステップ,明治ステップ,1-3,https://www.meiji.co.jp/campaign/,https://www.meiji.co.jp/campaign,landing_page,,キャンペーンTOP,,,1,0.75,2026-09-14T17:55:02,"{""page_url"": ""https://www.meiji.co.jp/campaign/""}"
479,32,明治,ステップ,明治ステップ,1-3,https://www.meiji.co.jp/campaign/,https://campaign.meiji.co.jp/,landing_page,,明治会員ID限定キャンペーン,,,1,0.75,2026-09-14T17:55:02,"{""page_url"": ""https://www.meiji.co.jp/campaign/""}"
480,32,明治,ステップ,明治ステップ,1-3,https://www.meiji.co.jp/campaign/,https://www.meiji.co.jp/learned,landing_page,,体験・学ぶ,,,1,0.75,2026-09-14T17:55:02,"{""page_url"": ""https://www.meiji.co.jp/campaign/""}"
481,32,明治,ステップ,明治ステップ,1-3,https://www.meiji.co.jp/campaign/,https://search.meiji.co.jp/?kw=キャンペーン&ie=u,landing_page,,キャンペーン,,,1,0.75,2026-09-14T17:55:02,"{""page_url"": ""https://www.meiji.co.jp/campaign/""}"
484,32,明治,ステップ,明治ステップ,1-3,https://www.meiji.co.jp/campaign/,https://www.instagram.com/okashihappy_jack,landing_page,,今すぐ SNS 明治 おかしでHAPPY研究所 明治ミルクチョコ100周年！フォロー＆コメントで当たるキャンペーン 応募締切： 2026年10月12日(月)23:59まで,,,1,0.75,2026-09-14T17:55:02,"{""page_url"": ""https://www.meiji.co.jp/campaign/""}"
485,32,明治,ステップ,明治ステップ,1-3,https://www.meiji.co.jp/campaign/,https://x.com/chocodaisakusen?ref_src=twsrc%5Egoogle%7Ctwcamp%5Eserp%7Ctwgr%5Eauthor,landing_page,,今すぐ WEB SNS 明治ミルクチョコレート ～明治ミルクチョコレート～100周年記念！プレゼントキャンペーン 応募締切： 2026年10月12日(月)23:59まで,,,1,0.75,2026-09-14T17:55:02,"{""page_url"": ""https://www.meiji.co.jp/campaign/""}"
486,32,明治,ステップ,明治ステップ,1-3,https://www.meiji.co.jp/campaign/,https://x.com/lactome_meiji,landing_page,,今すぐ SNS ラクトミー ラクトミー新発売記念キャンペーン 応募締切： 2026年10月9日(金)23:59まで,,,1,0.75,2026-09-14T17:55:02,"{""page_url"": ""https://www.meiji.co.jp/campaign/""}"
487,32,明治,ステップ,明治ステップ,1-3,https://www.meiji.co.jp/campaign/,https://x.com/mylacto_meiji,landing_page,,今すぐ SNS マイラクト マイラクト新発売記念キャンペーン 応募締切： 2026年9月30日(水)23:59まで,,,1,0.75,2026-09-14T17:55:02,"{""page_url"": ""https://www.meiji.co.jp/campaign/""}"
488,32,明治,ステップ,明治ステップ,1-3,https://www.meiji.co.jp/campaign/,https://www.meiji.co.jp/baby/cmp/close2609?link=hce26071502,landing_page,,商品購入 WEB 明治ほほえみ・ステップ・ミラフル・Mom's Tablet・ミルフィー・エレメンタルフォーミュラ プレママから幼児期までつながるポイントキャンペーン 応募締切： 2027年9月30日(木)23:59まで,,,1,0.75,2026-09-14T17:55:02,"{""page_url"": ""https://www.meiji.co.jp/campaign/""}"
489,32,明治,ステップ,明治ステップ,1-3,https://www.meiji.co.jp/campaign/,https://campaign.meiji.co.jp/campaignDetail/66544998107506/e043b03a-8773-4c8b-81b8-ab3d49f6d065,landing_page,,"商品購入 WEB 明治 マルチアイス＆ホームタイプアイス 対象のマルチアイス＆ホームタイプアイス1品で応募！えらべるPay5,000円分が合計1,000名様に当たるキャンペーン 応募締切： 2026年11月30日(月)23:59まで",,,1,0.75,2026-09-14T17:55:02,"{""page_url"": ""https://www.meiji.co.jp/campaign/""}"
490,32,明治,ステップ,明治ステップ,1-3,https://www.meiji.co.jp/campaign/,https://x.com/meiji_oishii?s=20,landing_page,,今すぐ SNS 明治おいしいミルクシリーズ ミルクを語りすぎる男からのプレゼントキャンペーン 応募締切： 2026年9月17日(木)23:59まで,,,1,0.75,2026-09-14T17:55:02,"{""page_url"": ""https://www.meiji.co.jp/campaign/""}"
491,32,明治,ステップ,明治ステップ,1-3,https://www.meiji.co.jp/campaign/,https://www.instagram.com/meiji_ginzacurry_official,landing_page,,今すぐ SNS 銀座カリー 夏に食べるならあなたはどっち派？銀座カリー大好き！キャンペーン 応募締切： 2026年9月17日(木)23:59まで,,,1,0.75,2026-09-14T17:55:02,"{""page_url"": ""https://www.meiji.co.jp/campaign/""}"
492,32,明治,ステップ,明治ステップ,1-3,https://www.meiji.co.jp/campaign/,https://www.meiji.co.jp/meiji-eiyoucare/products/nutritionfood/meibalance/cmp/close2606,landing_page,,"商品購入 WEB SNS 郵送 明治メイバランス ～最大30,000円分のJCBギフトカードが当たる!～ 明治の栄養食品キャンペーン 応募締切： 2026年10月1日(木)※当日消印有効",,,1,0.75,2026-09-14T17:55:02,"{""page_url"": ""https://www.meiji.co.jp/campaign/""}"
495,33,明治,ステップ,明治ステップ,1-3,https://www.meiji.co.jp/baby/hohoemi/rakurakumilk/caution/?utm_source=owned&utm_medium=banner&utm_campaign=top_step,https://www.meiji.co.jp/baby/hohoemi/assets/img/og.jpg,og_image,,OG/Twitter preview image,,,0,0.85,2026-09-14T17:55:02,"{""page_url"": ""https://www.meiji.co.jp/baby/hohoemi/rakurakumilk/caution/?utm_source=owned&utm_medium=banner&utm_campaign=top_step""}"
496,33,明治,ステップ,明治ステップ,1-3,https://www.meiji.co.jp/baby/hohoemi/rakurakumilk/caution/?utm_source=owned&utm_medium=banner&utm_campaign=top_step,https://www.meiji.co.jp/assets/img/structures/logo.svg,page_image,健康にアイデアを 株式会社 明治,,249.0,68.0,0,0.5,2026-09-14T17:55:02,"{""page_url"": ""https://www.meiji.co.jp/baby/hohoemi/rakurakumilk/caution/?utm_source=owned&utm_medium=banner&utm_campaign=top_step""}"
497,33,明治,ステップ,明治ステップ,1-3,https://www.meiji.co.jp/baby/hohoemi/rakurakumilk/caution/?utm_source=owned&utm_medium=banner&utm_campaign=top_step,https://www.meiji.co.jp/assets/img/icons/icon_search.svg,page_image,,,,,0,0.45,2026-09-14T17:55:02,"{""page_url"": ""https://www.meiji.co.jp/baby/hohoemi/rakurakumilk/caution/?utm_source=owned&utm_medium=banner&utm_campaign=top_step""}"
498,33,明治,ステップ,明治ステップ,1-3,https://www.meiji.co.jp/baby/hohoemi/rakurakumilk/caution/?utm_source=owned&utm_medium=banner&utm_campaign=top_step,https://www.meiji.co.jp/assets/img/icons/header_close.svg,page_image,,,,,0,0.45,2026-09-14T17:55:02,"{""page_url"": ""https://www.meiji.co.jp/baby/hohoemi/rakurakumilk/caution/?utm_source=owned&utm_medium=banner&utm_campaign=top_step""}"
499,33,明治,ステップ,明治ステップ,1-3,https://www.meiji.co.jp/baby/hohoemi/rakurakumilk/caution/?utm_source=owned&utm_medium=banner&utm_campaign=top_step,https://www.meiji.co.jp/assets/img/icons/plus.svg,page_image,開く,,,,0,0.5,2026-09-14T17:55:02,"{""page_url"": ""https://www.meiji.co.jp/baby/hohoemi/rakurakumilk/caution/?utm_source=owned&utm_medium=banner&utm_campaign=top_step""}"
500,33,明治,ステップ,明治ステップ,1-3,https://www.meiji.co.jp/baby/hohoemi/rakurakumilk/caution/?utm_source=owned&utm_medium=banner&utm_campaign=top_step,https://www.meiji.co.jp/assets/img/icons/external_gray.svg,page_image,（新しいウィンドウ）,,,,0,0.5,2026-09-14T17:55:02,"{""page_url"": ""https://www.meiji.co.jp/baby/hohoemi/rakurakumilk/caution/?utm_source=owned&utm_medium=banner&utm_campaign=top_step""}"
501,33,明治,ステップ,明治ステップ,1-3,https://www.meiji.co.jp/baby/hohoemi/rakurakumilk/caution/?utm_source=owned&utm_medium=banner&utm_campaign=top_step,https://www.meiji.co.jp/assets/img/structures/menu/menu_products_01.png,page_image,,,,,0,0.45,2026-09-14T17:55:02,"{""page_url"": ""https://www.meiji.co.jp/baby/hohoemi/rakurakumilk/caution/?utm_source=owned&utm_medium=banner&utm_campaign=top_step""}"
502,33,明治,ステップ,明治ステップ,1-3,https://www.meiji.co.jp/baby/hohoemi/rakurakumilk/caution/?utm_source=owned&utm_medium=banner&utm_campaign=top_step,https://www.meiji.co.jp/assets/img/structures/menu/menu_products_02.png,page_image,,,,,0,0.45,2026-09-14T17:55:02,"{""page_url"": ""https://www.meiji.co.jp/baby/hohoemi/rakurakumilk/caution/?utm_source=owned&utm_medium=banner&utm_campaign=top_step""}"
503,33,明治,ステップ,明治ステップ,1-3,https://www.meiji.co.jp/baby/hohoemi/rakurakumilk/caution/?utm_source=owned&utm_medium=banner&utm_campaign=top_step,https://www.meiji.co.jp/assets/img/structures/menu/menu_products_03.png,page_image,,,,,0,0.45,2026-09-14T17:55:02,"{""page_url"": ""https://www.meiji.co.jp/baby/hohoemi/rakurakumilk/caution/?utm_source=owned&utm_medium=banner&utm_campaign=top_step""}"
504,33,明治,ステップ,明治ステップ,1-3,https://www.meiji.co.jp/baby/hohoemi/rakurakumilk/caution/?utm_source=owned&utm_medium=banner&utm_campaign=top_step,https://www.meiji.co.jp/assets/img/structures/menu/menu_products_04.png,page_image,,,,,0,0.45,2026-09-14T17:55:02,"{""page_url"": ""https://www.meiji.co.jp/baby/hohoemi/rakurakumilk/caution/?utm_source=owned&utm_medium=banner&utm_campaign=top_step""}"
505,33,明治,ステップ,明治ステップ,1-3,https://www.meiji.co.jp/baby/hohoemi/rakurakumilk/caution/?utm_source=owned&utm_medium=banner&utm_campaign=top_step,https://www.meiji.co.jp/assets/img/structures/menu/menu_products_05.png,page_image,,,,,0,0.45,2026-09-14T17:55:02,"{""page_url"": ""https://www.meiji.co.jp/baby/hohoemi/rakurakumilk/caution/?utm_source=owned&utm_medium=banner&utm_campaign=top_step""}"
506,33,明治,ステップ,明治ステップ,1-3,https://www.meiji.co.jp/baby/hohoemi/rakurakumilk/caution/?utm_source=owned&utm_medium=banner&utm_campaign=top_step,https://www.meiji.co.jp/assets/img/structures/menu/menu_products_06.png,page_image,,,,,0,0.45,2026-09-14T17:55:02,"{""page_url"": ""https://www.meiji.co.jp/baby/hohoemi/rakurakumilk/caution/?utm_source=owned&utm_medium=banner&utm_campaign=top_step""}"
507,33,明治,ステップ,明治ステップ,1-3,https://www.meiji.co.jp/baby/hohoemi/rakurakumilk/caution/?utm_source=owned&utm_medium=banner&utm_campaign=top_step,https://www.meiji.co.jp/assets/img/structures/menu/menu_products_07.png,page_image,,,,,0,0.45,2026-09-14T17:55:02,"{""page_url"": ""https://www.meiji.co.jp/baby/hohoemi/rakurakumilk/caution/?utm_source=owned&utm_medium=banner&utm_campaign=top_step""}"
508,33,明治,ステップ,明治ステップ,1-3,https://www.meiji.co.jp/baby/hohoemi/rakurakumilk/caution/?utm_source=owned&utm_medium=banner&utm_campaign=top_step,https://www.meiji.co.jp/assets/img/structures/menu/menu_products_08.png,page_image,,,,,0,0.45,2026-09-14T17:55:02,"{""page_url"": ""https://www.meiji.co.jp/baby/hohoemi/rakurakumilk/caution/?utm_source=owned&utm_medium=banner&utm_campaign=top_step""}"
509,33,明治,ステップ,明治ステップ,1-3,https://www.meiji.co.jp/baby/hohoemi/rakurakumilk/caution/?utm_source=owned&utm_medium=banner&utm_campaign=top_step,https://www.meiji.co.jp/assets/img/structures/menu/menu_learned.png,page_image,,,,,0,0.45,2026-09-14T17:55:02,"{""page_url"": ""https://www.meiji.co.jp/baby/hohoemi/rakurakumilk/caution/?utm_source=owned&utm_medium=banner&utm_campaign=top_step""}"
510,33,明治,ステップ,明治ステップ,1-3,https://www.meiji.co.jp/baby/hohoemi/rakurakumilk/caution/?utm_source=owned&utm_medium=banner&utm_campaign=top_step,https://www.meiji.co.jp/assets/img/structures/menu/menu_learned_02.png,page_image,,,,,0,0.45,2026-09-14T17:55:02,"{""page_url"": ""https://www.meiji.co.jp/baby/hohoemi/rakurakumilk/caution/?utm_source=owned&utm_medium=banner&utm_campaign=top_step""}"
511,33,明治,ステップ,明治ステップ,1-3,https://www.meiji.co.jp/baby/hohoemi/rakurakumilk/caution/?utm_source=owned&utm_medium=banner&utm_campaign=top_step,https://www.meiji.co.jp/assets/img/structures/menu/menu_learned_03.png,page_image,,,,,0,0.45,2026-09-14T17:55:02,"{""page_url"": ""https://www.meiji.co.jp/baby/hohoemi/rakurakumilk/caution/?utm_source=owned&utm_medium=banner&utm_campaign=top_step""}"
512,33,明治,ステップ,明治ステップ,1-3,https://www.meiji.co.jp/baby/hohoemi/rakurakumilk/caution/?utm_source=owned&utm_medium=banner&utm_campaign=top_step,https://www.meiji.co.jp/assets/img/structures/menu/menu_learned_04.png,page_image,,,,,0,0.45,2026-09-14T17:55:02,"{""page_url"": ""https://www.meiji.co.jp/baby/hohoemi/rakurakumilk/caution/?utm_source=owned&utm_medium=banner&utm_campaign=top_step""}"
513,33,明治,ステップ,明治ステップ,1-3,https://www.meiji.co.jp/baby/hohoemi/rakurakumilk/caution/?utm_source=owned&utm_medium=banner&utm_campaign=top_step,https://www.meiji.co.jp/assets/img/structures/menu/menu_learned_07.png,page_image,,,,,0,0.45,2026-09-14T17:55:02,"{""page_url"": ""https://www.meiji.co.jp/baby/hohoemi/rakurakumilk/caution/?utm_source=owned&utm_medium=banner&utm_campaign=top_step""}"
514,33,明治,ステップ,明治ステップ,1-3,https://www.meiji.co.jp/baby/hohoemi/rakurakumilk/caution/?utm_source=owned&utm_medium=banner&utm_campaign=top_step,https://www.meiji.co.jp/assets/img/structures/menu/menu_learned_05.png,page_image,,,,,0,0.45,2026-09-14T17:55:02,"{""page_url"": ""https://www.meiji.co.jp/baby/hohoemi/rakurakumilk/caution/?utm_source=owned&utm_medium=banner&utm_campaign=top_step""}"
515,33,明治,ステップ,明治ステップ,1-3,https://www.meiji.co.jp/baby/hohoemi/rakurakumilk/caution/?utm_source=owned&utm_medium=banner&utm_campaign=top_step,https://www.meiji.co.jp/assets/img/structures/menu/menu_learned_08.png,page_image,,,,,0,0.45,2026-09-14T17:55:02,"{""page_url"": ""https://www.meiji.co.jp/baby/hohoemi/rakurakumilk/caution/?utm_source=owned&utm_medium=banner&utm_campaign=top_step""}"
516,33,明治,ステップ,明治ステップ,1-3,https://www.meiji.co.jp/baby/hohoemi/rakurakumilk/caution/?utm_source=owned&utm_medium=banner&utm_campaign=top_step,https://www.meiji.co.jp/assets/img/structures/menu/menu_learned_06.png,page_image,,,,,0,0.45,2026-09-14T17:55:02,"{""page_url"": ""https://www.meiji.co.jp/baby/hohoemi/rakurakumilk/caution/?utm_source=owned&utm_medium=banner&utm_campaign=top_step""}"
517,33,明治,ステップ,明治ステップ,1-3,https://www.meiji.co.jp/baby/hohoemi/rakurakumilk/caution/?utm_source=owned&utm_medium=banner&utm_campaign=top_step,https://www.meiji.co.jp/assets/img/structures/menu/menu_quality.png,page_image,,,,,0,0.45,2026-09-14T17:55:02,"{""page_url"": ""https://www.meiji.co.jp/baby/hohoemi/rakurakumilk/caution/?utm_source=owned&utm_medium=banner&utm_campaign=top_step""}"
518,33,明治,ステップ,明治ステップ,1-3,https://www.meiji.co.jp/baby/hohoemi/rakurakumilk/caution/?utm_source=owned&utm_medium=banner&utm_campaign=top_step,https://www.meiji.co.jp/assets/img/structures/menu/menu_quality_02.png,page_image,,,,,0,0.45,2026-09-14T17:55:02,"{""page_url"": ""https://www.meiji.co.jp/baby/hohoemi/rakurakumilk/caution/?utm_source=owned&utm_medium=banner&utm_campaign=top_step""}"
519,33,明治,ステップ,明治ステップ,1-3,https://www.meiji.co.jp/baby/hohoemi/rakurakumilk/caution/?utm_source=owned&utm_medium=banner&utm_campaign=top_step,https://www.meiji.co.jp/assets/img/structures/menu/menu_baby_clinic.png,page_image,,,,,0,0.45,2026-09-14T17:55:02,"{""page_url"": ""https://www.meiji.co.jp/baby/hohoemi/rakurakumilk/caution/?utm_source=owned&utm_medium=banner&utm_campaign=top_step""}"
520,33,明治,ステップ,明治ステップ,1-3,https://www.meiji.co.jp/baby/hohoemi/rakurakumilk/caution/?utm_source=owned&utm_medium=banner&utm_campaign=top_step,https://www.meiji.co.jp/baby/hohoemi/assets/img/common/logo.png,page_image,明治ほほえみ,,,,0,0.5,2026-09-14T17:55:02,"{""page_url"": ""https://www.meiji.co.jp/baby/hohoemi/rakurakumilk/caution/?utm_source=owned&utm_medium=banner&utm_campaign=top_step""}"
521,33,明治,ステップ,明治ステップ,1-3,https://www.meiji.co.jp/baby/hohoemi/rakurakumilk/caution/?utm_source=owned&utm_medium=banner&utm_campaign=top_step,https://www.meiji.co.jp/baby/hohoemi/assets/img/rakurakumilk/caution/kv_pc.png,banner_image,,,,,0,0.7,2026-09-14T17:55:02,"{""page_url"": ""https://www.meiji.co.jp/baby/hohoemi/rakurakumilk/caution/?utm_source=owned&utm_medium=banner&utm_campaign=top_step""}"
522,33,明治,ステップ,明治ステップ,1-3,https://www.meiji.co.jp/baby/hohoemi/rakurakumilk/caution/?utm_source=owned&utm_medium=banner&utm_campaign=top_step,https://www.meiji.co.jp/baby/hohoemi/assets/img/rakurakumilk/caution/kv_sp.png,banner_image,明治 らくらくミルク120ml、200mlをご使用のお客様へ,,,,0,0.75,2026-09-14T17:55:02,"{""page_url"": ""https://www.meiji.co.jp/baby/hohoemi/rakurakumilk/caution/?utm_source=owned&utm_medium=banner&utm_campaign=top_step""}"
523,33,明治,ステップ,明治ステップ,1-3,https://www.meiji.co.jp/baby/hohoemi/rakurakumilk/caution/?utm_source=owned&utm_medium=banner&utm_campaign=top_step,https://www.meiji.co.jp/baby/hohoemi/assets/img/rakurakumilk/caution/sec_01_liquid_01.png,page_image,,,,,0,0.45,2026-09-14T17:55:02,"{""page_url"": ""https://www.meiji.co.jp/baby/hohoemi/rakurakumilk/caution/?utm_source=owned&utm_medium=banner&utm_campaign=top_step""}"
524,33,明治,ステップ,明治ステップ,1-3,https://www.meiji.co.jp/baby/hohoemi/rakurakumilk/caution/?utm_source=owned&utm_medium=banner&utm_campaign=top_step,https://www.meiji.co.jp/baby/hohoemi/assets/img/rakurakumilk/caution/sec_01_liquid_02.png,page_image,,,,,0,0.45,2026-09-14T17:55:02,"{""page_url"": ""https://www.meiji.co.jp/baby/hohoemi/rakurakumilk/caution/?utm_source=owned&utm_medium=banner&utm_campaign=top_step""}"
525,33,明治,ステップ,明治ステップ,1-3,https://www.meiji.co.jp/baby/hohoemi/rakurakumilk/caution/?utm_source=owned&utm_medium=banner&utm_campaign=top_step,https://www.meiji.co.jp/baby/hohoemi/assets/img/rakurakumilk/caution/sec_01_liquid_03.png,page_image,,,,,0,0.45,2026-09-14T17:55:02,"{""page_url"": ""https://www.meiji.co.jp/baby/hohoemi/rakurakumilk/caution/?utm_source=owned&utm_medium=banner&utm_campaign=top_step""}"
526,33,明治,ステップ,明治ステップ,1-3,https://www.meiji.co.jp/baby/hohoemi/rakurakumilk/caution/?utm_source=owned&utm_medium=banner&utm_campaign=top_step,https://www.meiji.co.jp/baby/hohoemi/assets/img/rakurakumilk/caution/bg_icon_17.png,page_image,,,,,0,0.45,2026-09-14T17:55:02,"{""page_url"": ""https://www.meiji.co.jp/baby/hohoemi/rakurakumilk/caution/?utm_source=owned&utm_medium=banner&utm_campaign=top_step""}"
527,33,明治,ステップ,明治ステップ,1-3,https://www.meiji.co.jp/baby/hohoemi/rakurakumilk/caution/?utm_source=owned&utm_medium=banner&utm_campaign=top_step,https://www.meiji.co.jp/baby/hohoemi/assets/img/rakurakumilk/caution/sec_01_icon.png,page_image,caution,,,,0,0.5,2026-09-14T17:55:02,"{""page_url"": ""https://www.meiji.co.jp/baby/hohoemi/rakurakumilk/caution/?utm_source=owned&utm_medium=banner&utm_campaign=top_step""}"
528,33,明治,ステップ,明治ステップ,1-3,https://www.meiji.co.jp/baby/hohoemi/rakurakumilk/caution/?utm_source=owned&utm_medium=banner&utm_campaign=top_step,https://www.meiji.co.jp/baby/hohoemi/assets/img/rakurakumilk/caution/sec_01_ph_01_pc.png,page_image,缶の取り扱い注意点,,,,0,0.5,2026-09-14T17:55:02,"{""page_url"": ""https://www.meiji.co.jp/baby/hohoemi/rakurakumilk/caution/?utm_source=owned&utm_medium=banner&utm_campaign=top_step""}"
529,33,明治,ステップ,明治ステップ,1-3,https://www.meiji.co.jp/baby/hohoemi/rakurakumilk/caution/?utm_source=owned&utm_medium=banner&utm_campaign=top_step,https://www.meiji.co.jp/baby/hohoemi/assets/img/rakurakumilk/caution/sec_01_ph_01_sp.png,page_image,缶の取り扱い注意点,,,,0,0.5,2026-09-14T17:55:02,"{""page_url"": ""https://www.meiji.co.jp/baby/hohoemi/rakurakumilk/caution/?utm_source=owned&utm_medium=banner&utm_campaign=top_step""}"
530,33,明治,ステップ,明治ステップ,1-3,https://www.meiji.co.jp/baby/hohoemi/rakurakumilk/caution/?utm_source=owned&utm_medium=banner&utm_campaign=top_step,https://www.meiji.co.jp/baby/hohoemi/assets/img/rakurakumilk/caution/sec_01_ph_02_pc.png,page_image,保存時の注意点,,,,0,0.5,2026-09-14T17:55:02,"{""page_url"": ""https://www.meiji.co.jp/baby/hohoemi/rakurakumilk/caution/?utm_source=owned&utm_medium=banner&utm_campaign=top_step""}"
531,33,明治,ステップ,明治ステップ,1-3,https://www.meiji.co.jp/baby/hohoemi/rakurakumilk/caution/?utm_source=owned&utm_medium=banner&utm_campaign=top_step,https://www.meiji.co.jp/baby/hohoemi/assets/img/rakurakumilk/caution/sec_01_ph_02_sp.png,page_image,保存時の注意点,,,,0,0.5,2026-09-14T17:55:02,"{""page_url"": ""https://www.meiji.co.jp/baby/hohoemi/rakurakumilk/caution/?utm_source=owned&utm_medium=banner&utm_campaign=top_step""}"
532,33,明治,ステップ,明治ステップ,1-3,https://www.meiji.co.jp/baby/hohoemi/rakurakumilk/caution/?utm_source=owned&utm_medium=banner&utm_campaign=top_step,https://www.meiji.co.jp/baby/hohoemi/assets/img/rakurakumilk/caution/sec_01_ph_03_pc.png,page_image,開封時の注意点,,,,0,0.5,2026-09-14T17:55:02,"{""page_url"": ""https://www.meiji.co.jp/baby/hohoemi/rakurakumilk/caution/?utm_source=owned&utm_medium=banner&utm_campaign=top_step""}"
533,33,明治,ステップ,明治ステップ,1-3,https://www.meiji.co.jp/baby/hohoemi/rakurakumilk/caution/?utm_source=owned&utm_medium=banner&utm_campaign=top_step,https://www.meiji.co.jp/baby/hohoemi/assets/img/rakurakumilk/caution/sec_01_ph_03_sp.png,page_image,開封時の注意点,,,,0,0.5,2026-09-14T17:55:02,"{""page_url"": ""https://www.meiji.co.jp/baby/hohoemi/rakurakumilk/caution/?utm_source=owned&utm_medium=banner&utm_campaign=top_step""}"
534,33,明治,ステップ,明治ステップ,1-3,https://www.meiji.co.jp/baby/hohoemi/rakurakumilk/caution/?utm_source=owned&utm_medium=banner&utm_campaign=top_step,https://www.meiji.co.jp/baby/hohoemi/assets/img/rakurakumilk/caution/sec_01_ph_04_pc.png,page_image,飲用時の注意点,,,,0,0.5,2026-09-14T17:55:02,"{""page_url"": ""https://www.meiji.co.jp/baby/hohoemi/rakurakumilk/caution/?utm_source=owned&utm_medium=banner&utm_campaign=top_step""}"
535,33,明治,ステップ,明治ステップ,1-3,https://www.meiji.co.jp/baby/hohoemi/rakurakumilk/caution/?utm_source=owned&utm_medium=banner&utm_campaign=top_step,https://www.meiji.co.jp/baby/hohoemi/assets/img/rakurakumilk/caution/sec_01_ph_04_sp.png,page_image,飲用時の注意点,,,,0,0.5,2026-09-14T17:55:02,"{""page_url"": ""https://www.meiji.co.jp/baby/hohoemi/rakurakumilk/caution/?utm_source=owned&utm_medium=banner&utm_campaign=top_step""}"
536,33,明治,ステップ,明治ステップ,1-3,https://www.meiji.co.jp/baby/hohoemi/rakurakumilk/caution/?utm_source=owned&utm_medium=banner&utm_campaign=top_step,https://www.meiji.co.jp/baby/hohoemi/assets/img/rakurakumilk/caution/sec_01_ph_box_ph_01_pc.png,page_image,凹んだ缶,,,,0,0.5,2026-09-14T17:55:02,"{""page_url"": ""https://www.meiji.co.jp/baby/hohoemi/rakurakumilk/caution/?utm_source=owned&utm_medium=banner&utm_campaign=top_step""}"
537,33,明治,ステップ,明治ステップ,1-3,https://www.meiji.co.jp/baby/hohoemi/rakurakumilk/caution/?utm_source=owned&utm_medium=banner&utm_campaign=top_step,https://www.meiji.co.jp/baby/hohoemi/assets/img/rakurakumilk/caution/sec_01_ph_box_ph_02_pc.png,page_image,膨張した缶,,,,0,0.5,2026-09-14T17:55:02,"{""page_url"": ""https://www.meiji.co.jp/baby/hohoemi/rakurakumilk/caution/?utm_source=owned&utm_medium=banner&utm_campaign=top_step""}"
538,33,明治,ステップ,明治ステップ,1-3,https://www.meiji.co.jp/baby/hohoemi/rakurakumilk/caution/?utm_source=owned&utm_medium=banner&utm_campaign=top_step,https://www.meiji.co.jp/baby/hohoemi/assets/img/rakurakumilk/caution/sec_01_ph_box_ph_03_pc.png,page_image,変形した缶の底,,,,0,0.5,2026-09-14T17:55:02,"{""page_url"": ""https://www.meiji.co.jp/baby/hohoemi/rakurakumilk/caution/?utm_source=owned&utm_medium=banner&utm_campaign=top_step""}"
539,33,明治,ステップ,明治ステップ,1-3,https://www.meiji.co.jp/baby/hohoemi/rakurakumilk/caution/?utm_source=owned&utm_medium=banner&utm_campaign=top_step,https://www.meiji.co.jp/baby/hohoemi/assets/img/rakurakumilk/column_001/sec_00_bg01.png,page_image,,,,,0,0.45,2026-09-14T17:55:02,"{""page_url"": ""https://www.meiji.co.jp/baby/hohoemi/rakurakumilk/caution/?utm_source=owned&utm_medium=banner&utm_campaign=top_step""}"
540,33,明治,ステップ,明治ステップ,1-3,https://www.meiji.co.jp/baby/hohoemi/rakurakumilk/caution/?utm_source=owned&utm_medium=banner&utm_campaign=top_step,https://www.meiji.co.jp/baby/hohoemi/assets/img/rakurakumilk/column_001/sec_00_bg02.png,page_image,,,,,0,0.45,2026-09-14T17:55:02,"{""page_url"": ""https://www.meiji.co.jp/baby/hohoemi/rakurakumilk/caution/?utm_source=owned&utm_medium=banner&utm_campaign=top_step""}"
541,33,明治,ステップ,明治ステップ,1-3,https://www.meiji.co.jp/baby/hohoemi/rakurakumilk/caution/?utm_source=owned&utm_medium=banner&utm_campaign=top_step,https://www.meiji.co.jp/baby/hohoemi/assets/img/top/bg_icon_02.png,page_image,,,,,0,0.45,2026-09-14T17:55:02,"{""page_url"": ""https://www.meiji.co.jp/baby/hohoemi/rakurakumilk/caution/?utm_source=owned&utm_medium=banner&utm_campaign=top_step""}"
542,33,明治,ステップ,明治ステップ,1-3,https://www.meiji.co.jp/baby/hohoemi/rakurakumilk/caution/?utm_source=owned&utm_medium=banner&utm_campaign=top_step,https://www.meiji.co.jp/baby/hohoemi/assets/img/top/bg_icon_10.png,page_image,,,,,0,0.45,2026-09-14T17:55:02,"{""page_url"": ""https://www.meiji.co.jp/baby/hohoemi/rakurakumilk/caution/?utm_source=owned&utm_medium=banner&utm_campaign=top_step""}"
543,33,明治,ステップ,明治ステップ,1-3,https://www.meiji.co.jp/baby/hohoemi/rakurakumilk/caution/?utm_source=owned&utm_medium=banner&utm_campaign=top_step,https://www.meiji.co.jp/baby/hohoemi/assets/img/rakurakumilk/caution/sec_03_liquid.png,page_image,,,,,0,0.45,2026-09-14T17:55:02,"{""page_url"": ""https://www.meiji.co.jp/baby/hohoemi/rakurakumilk/caution/?utm_source=owned&utm_medium=banner&utm_campaign=top_step""}"
544,33,明治,ステップ,明治ステップ,1-3,https://www.meiji.co.jp/baby/hohoemi/rakurakumilk/caution/?utm_source=owned&utm_medium=banner&utm_campaign=top_step,https://www.meiji.co.jp/baby/hohoemi/assets/img/sp/rakurakumilk/caution/sec_03_liquid_01.png,page_image,,,,,0,0.45,2026-09-14T17:55:02,"{""page_url"": ""https://www.meiji.co.jp/baby/hohoemi/rakurakumilk/caution/?utm_source=owned&utm_medium=banner&utm_campaign=top_step""}"
545,33,明治,ステップ,明治ステップ,1-3,https://www.meiji.co.jp/baby/hohoemi/rakurakumilk/caution/?utm_source=owned&utm_medium=banner&utm_campaign=top_step,https://www.meiji.co.jp/baby/hohoemi/assets/img/rakurakumilk/caution/bg_icon_07.png,page_image,,,,,0,0.45,2026-09-14T17:55:02,"{""page_url"": ""https://www.meiji.co.jp/baby/hohoemi/rakurakumilk/caution/?utm_source=owned&utm_medium=banner&utm_campaign=top_step""}"
546,33,明治,ステップ,明治ステップ,1-3,https://www.meiji.co.jp/baby/hohoemi/rakurakumilk/caution/?utm_source=owned&utm_medium=banner&utm_campaign=top_step,https://www.meiji.co.jp/baby/hohoemi/assets/img/rakurakumilk/caution/chara_01.png,page_image,,,,,0,0.45,2026-09-14T17:55:02,"{""page_url"": ""https://www.meiji.co.jp/baby/hohoemi/rakurakumilk/caution/?utm_source=owned&utm_medium=banner&utm_campaign=top_step""}"
547,33,明治,ステップ,明治ステップ,1-3,https://www.meiji.co.jp/baby/hohoemi/rakurakumilk/caution/?utm_source=owned&utm_medium=banner&utm_campaign=top_step,https://www.meiji.co.jp/baby/hohoemi/assets/img/common/btn_top.png,page_image,Top,,,,0,0.5,2026-09-14T17:55:02,"{""page_url"": ""https://www.meiji.co.jp/baby/hohoemi/rakurakumilk/caution/?utm_source=owned&utm_medium=banner&utm_campaign=top_step""}"
548,33,明治,ステップ,明治ステップ,1-3,https://www.meiji.co.jp/baby/hohoemi/rakurakumilk/caution/?utm_source=owned&utm_medium=banner&utm_campaign=top_step,https://www.meiji.co.jp/baby/hohoemi/assets/img/common/menu_btn_open.png,page_image,ひらく,,,,0,0.5,2026-09-14T17:55:02,"{""page_url"": ""https://www.meiji.co.jp/baby/hohoemi/rakurakumilk/caution/?utm_source=owned&utm_medium=banner&utm_campaign=top_step""}"
549,33,明治,ステップ,明治ステップ,1-3,https://www.meiji.co.jp/baby/hohoemi/rakurakumilk/caution/?utm_source=owned&utm_medium=banner&utm_campaign=top_step,https://www.meiji.co.jp/baby/hohoemi/assets/img/common/menu_btn_close.png,page_image,とじる,,,,0,0.5,2026-09-14T17:55:02,"{""page_url"": ""https://www.meiji.co.jp/baby/hohoemi/rakurakumilk/caution/?utm_source=owned&utm_medium=banner&utm_campaign=top_step""}"
550,33,明治,ステップ,明治ステップ,1-3,https://www.meiji.co.jp/baby/hohoemi/rakurakumilk/caution/?utm_source=owned&utm_medium=banner&utm_campaign=top_step,https://www.meiji.co.jp/baby/hohoemi/assets/img/common/step_btn.png,page_image,1歳からは,,,,0,0.5,2026-09-14T17:55:02,"{""page_url"": ""https://www.meiji.co.jp/baby/hohoemi/rakurakumilk/caution/?utm_source=owned&utm_medium=banner&utm_campaign=top_step""}"
551,33,明治,ステップ,明治ステップ,1-3,https://www.meiji.co.jp/baby/hohoemi/rakurakumilk/caution/?utm_source=owned&utm_medium=banner&utm_campaign=top_step,https://www.meiji.co.jp/baby/hohoemi/assets/img/common/step_btn_bnr.png,banner_image,明治 ステップ,,,,0,0.75,2026-09-14T17:55:02,"{""page_url"": ""https://www.meiji.co.jp/baby/hohoemi/rakurakumilk/caution/?utm_source=owned&utm_medium=banner&utm_campaign=top_step""}"
552,33,明治,ステップ,明治ステップ,1-3,https://www.meiji.co.jp/baby/hohoemi/rakurakumilk/caution/?utm_source=owned&utm_medium=banner&utm_campaign=top_step,https://www.meiji.co.jp/baby/hohoemi/assets/img/common/store_btn.png,page_image,STORE,,,,0,0.5,2026-09-14T17:55:02,"{""page_url"": ""https://www.meiji.co.jp/baby/hohoemi/rakurakumilk/caution/?utm_source=owned&utm_medium=banner&utm_campaign=top_step""}"
553,33,明治,ステップ,明治ステップ,1-3,https://www.meiji.co.jp/baby/hohoemi/rakurakumilk/caution/?utm_source=owned&utm_medium=banner&utm_campaign=top_step,https://www.meiji.co.jp/campaign,landing_page,,キャンペーンTOP,,,1,0.75,2026-09-14T17:55:02,"{""page_url"": ""https://www.meiji.co.jp/baby/hohoemi/rakurakumilk/caution/?utm_source=owned&utm_medium=banner&utm_campaign=top_step""}"
554,33,明治,ステップ,明治ステップ,1-3,https://www.meiji.co.jp/baby/hohoemi/rakurakumilk/caution/?utm_source=owned&utm_medium=banner&utm_campaign=top_step,https://campaign.meiji.co.jp/,landing_page,,明治会員ID限定キャンペーン,,,1,0.75,2026-09-14T17:55:02,"{""page_url"": ""https://www.meiji.co.jp/baby/hohoemi/rakurakumilk/caution/?utm_source=owned&utm_medium=banner&utm_campaign=top_step""}"
555,33,明治,ステップ,明治ステップ,1-3,https://www.meiji.co.jp/baby/hohoemi/rakurakumilk/caution/?utm_source=owned&utm_medium=banner&utm_campaign=top_step,https://www.meiji.co.jp/learned,landing_page,,体験・学ぶ,,,1,0.75,2026-09-14T17:55:02,"{""page_url"": ""https://www.meiji.co.jp/baby/hohoemi/rakurakumilk/caution/?utm_source=owned&utm_medium=banner&utm_campaign=top_step""}"
556,33,明治,ステップ,明治ステップ,1-3,https://www.meiji.co.jp/baby/hohoemi/rakurakumilk/caution/?utm_source=owned&utm_medium=banner&utm_campaign=top_step,https://search.meiji.co.jp/?kw=キャンペーン&ie=u,landing_page,,キャンペーン,,,1,0.75,2026-09-14T17:55:02,"{""page_url"": ""https://www.meiji.co.jp/baby/hohoemi/rakurakumilk/caution/?utm_source=owned&utm_medium=banner&utm_campaign=top_step""}"
557,33,明治,ステップ,明治ステップ,1-3,https://www.meiji.co.jp/baby/hohoemi/rakurakumilk/caution/?utm_source=owned&utm_medium=banner&utm_campaign=top_step,https://www.meiji.co.jp/baby/hohoemi/rakurakumilk/caution,landing_page,,,,,1,0.75,2026-09-14T17:55:02,"{""page_url"": ""https://www.meiji.co.jp/baby/hohoemi/rakurakumilk/caution/?utm_source=owned&utm_medium=banner&utm_campaign=top_step""}"
563,34,明治,ステップ,明治ステップ,1-3,https://www.meiji.co.jp/baby/cmp/close2609/?link=hce26071502,https://www.meiji.co.jp/baby/cmp/close2609/assets/img/ogp.jpg,og_image,,OG/Twitter preview image,,,0,0.85,2026-09-14T17:55:03,"{""page_url"": ""https://www.meiji.co.jp/baby/cmp/close2609/?link=hce26071502""}"
564,34,明治,ステップ,明治ステップ,1-3,https://www.meiji.co.jp/baby/cmp/close2609/?link=hce26071502,https://www.meiji.co.jp/assets/img/structures/logo.svg,page_image,健康にアイデアを 株式会社 明治,,249.0,68.0,0,0.5,2026-09-14T17:55:03,"{""page_url"": ""https://www.meiji.co.jp/baby/cmp/close2609/?link=hce26071502""}"
565,34,明治,ステップ,明治ステップ,1-3,https://www.meiji.co.jp/baby/cmp/close2609/?link=hce26071502,https://www.meiji.co.jp/assets/img/icons/icon_search.svg,page_image,,,,,0,0.45,2026-09-14T17:55:03,"{""page_url"": ""https://www.meiji.co.jp/baby/cmp/close2609/?link=hce26071502""}"
566,34,明治,ステップ,明治ステップ,1-3,https://www.meiji.co.jp/baby/cmp/close2609/?link=hce26071502,https://www.meiji.co.jp/assets/img/icons/header_close.svg,page_image,,,,,0,0.45,2026-09-14T17:55:03,"{""page_url"": ""https://www.meiji.co.jp/baby/cmp/close2609/?link=hce26071502""}"
567,34,明治,ステップ,明治ステップ,1-3,https://www.meiji.co.jp/baby/cmp/close2609/?link=hce26071502,https://www.meiji.co.jp/assets/img/icons/plus.svg,page_image,開く,,,,0,0.5,2026-09-14T17:55:03,"{""page_url"": ""https://www.meiji.co.jp/baby/cmp/close2609/?link=hce26071502""}"
568,34,明治,ステップ,明治ステップ,1-3,https://www.meiji.co.jp/baby/cmp/close2609/?link=hce26071502,https://www.meiji.co.jp/assets/img/icons/external_gray.svg,page_image,（新しいウィンドウ）,,,,0,0.5,2026-09-14T17:55:03,"{""page_url"": ""https://www.meiji.co.jp/baby/cmp/close2609/?link=hce26071502""}"
569,34,明治,ステップ,明治ステップ,1-3,https://www.meiji.co.jp/baby/cmp/close2609/?link=hce26071502,https://www.meiji.co.jp/assets/img/structures/menu/menu_products_01.png,page_image,,,,,0,0.45,2026-09-14T17:55:03,"{""page_url"": ""https://www.meiji.co.jp/baby/cmp/close2609/?link=hce26071502""}"
570,34,明治,ステップ,明治ステップ,1-3,https://www.meiji.co.jp/baby/cmp/close2609/?link=hce26071502,https://www.meiji.co.jp/assets/img/structures/menu/menu_products_02.png,page_image,,,,,0,0.45,2026-09-14T17:55:03,"{""page_url"": ""https://www.meiji.co.jp/baby/cmp/close2609/?link=hce26071502""}"
571,34,明治,ステップ,明治ステップ,1-3,https://www.meiji.co.jp/baby/cmp/close2609/?link=hce26071502,https://www.meiji.co.jp/assets/img/structures/menu/menu_products_03.png,page_image,,,,,0,0.45,2026-09-14T17:55:03,"{""page_url"": ""https://www.meiji.co.jp/baby/cmp/close2609/?link=hce26071502""}"
572,34,明治,ステップ,明治ステップ,1-3,https://www.meiji.co.jp/baby/cmp/close2609/?link=hce26071502,https://www.meiji.co.jp/assets/img/structures/menu/menu_products_04.png,page_image,,,,,0,0.45,2026-09-14T17:55:03,"{""page_url"": ""https://www.meiji.co.jp/baby/cmp/close2609/?link=hce26071502""}"
573,34,明治,ステップ,明治ステップ,1-3,https://www.meiji.co.jp/baby/cmp/close2609/?link=hce26071502,https://www.meiji.co.jp/assets/img/structures/menu/menu_products_05.png,page_image,,,,,0,0.45,2026-09-14T17:55:03,"{""page_url"": ""https://www.meiji.co.jp/baby/cmp/close2609/?link=hce26071502""}"
574,34,明治,ステップ,明治ステップ,1-3,https://www.meiji.co.jp/baby/cmp/close2609/?link=hce26071502,https://www.meiji.co.jp/assets/img/structures/menu/menu_products_06.png,page_image,,,,,0,0.45,2026-09-14T17:55:03,"{""page_url"": ""https://www.meiji.co.jp/baby/cmp/close2609/?link=hce26071502""}"
575,34,明治,ステップ,明治ステップ,1-3,https://www.meiji.co.jp/baby/cmp/close2609/?link=hce26071502,https://www.meiji.co.jp/assets/img/structures/menu/menu_products_07.png,page_image,,,,,0,0.45,2026-09-14T17:55:03,"{""page_url"": ""https://www.meiji.co.jp/baby/cmp/close2609/?link=hce26071502""}"
576,34,明治,ステップ,明治ステップ,1-3,https://www.meiji.co.jp/baby/cmp/close2609/?link=hce26071502,https://www.meiji.co.jp/assets/img/structures/menu/menu_products_08.png,page_image,,,,,0,0.45,2026-09-14T17:55:03,"{""page_url"": ""https://www.meiji.co.jp/baby/cmp/close2609/?link=hce26071502""}"
577,34,明治,ステップ,明治ステップ,1-3,https://www.meiji.co.jp/baby/cmp/close2609/?link=hce26071502,https://www.meiji.co.jp/assets/img/structures/menu/menu_learned.png,page_image,,,,,0,0.45,2026-09-14T17:55:03,"{""page_url"": ""https://www.meiji.co.jp/baby/cmp/close2609/?link=hce26071502""}"
578,34,明治,ステップ,明治ステップ,1-3,https://www.meiji.co.jp/baby/cmp/close2609/?link=hce26071502,https://www.meiji.co.jp/assets/img/structures/menu/menu_learned_02.png,page_image,,,,,0,0.45,2026-09-14T17:55:03,"{""page_url"": ""https://www.meiji.co.jp/baby/cmp/close2609/?link=hce26071502""}"
579,34,明治,ステップ,明治ステップ,1-3,https://www.meiji.co.jp/baby/cmp/close2609/?link=hce26071502,https://www.meiji.co.jp/assets/img/structures/menu/menu_learned_03.png,page_image,,,,,0,0.45,2026-09-14T17:55:03,"{""page_url"": ""https://www.meiji.co.jp/baby/cmp/close2609/?link=hce26071502""}"
580,34,明治,ステップ,明治ステップ,1-3,https://www.meiji.co.jp/baby/cmp/close2609/?link=hce26071502,https://www.meiji.co.jp/assets/img/structures/menu/menu_learned_04.png,page_image,,,,,0,0.45,2026-09-14T17:55:03,"{""page_url"": ""https://www.meiji.co.jp/baby/cmp/close2609/?link=hce26071502""}"
581,34,明治,ステップ,明治ステップ,1-3,https://www.meiji.co.jp/baby/cmp/close2609/?link=hce26071502,https://www.meiji.co.jp/assets/img/structures/menu/menu_learned_07.png,page_image,,,,,0,0.45,2026-09-14T17:55:03,"{""page_url"": ""https://www.meiji.co.jp/baby/cmp/close2609/?link=hce26071502""}"
582,34,明治,ステップ,明治ステップ,1-3,https://www.meiji.co.jp/baby/cmp/close2609/?link=hce26071502,https://www.meiji.co.jp/assets/img/structures/menu/menu_learned_05.png,page_image,,,,,0,0.45,2026-09-14T17:55:03,"{""page_url"": ""https://www.meiji.co.jp/baby/cmp/close2609/?link=hce26071502""}"
583,34,明治,ステップ,明治ステップ,1-3,https://www.meiji.co.jp/baby/cmp/close2609/?link=hce26071502,https://www.meiji.co.jp/assets/img/structures/menu/menu_learned_08.png,page_image,,,,,0,0.45,2026-09-14T17:55:03,"{""page_url"": ""https://www.meiji.co.jp/baby/cmp/close2609/?link=hce26071502""}"
584,34,明治,ステップ,明治ステップ,1-3,https://www.meiji.co.jp/baby/cmp/close2609/?link=hce26071502,https://www.meiji.co.jp/assets/img/structures/menu/menu_learned_06.png,page_image,,,,,0,0.45,2026-09-14T17:55:03,"{""page_url"": ""https://www.meiji.co.jp/baby/cmp/close2609/?link=hce26071502""}"
585,34,明治,ステップ,明治ステップ,1-3,https://www.meiji.co.jp/baby/cmp/close2609/?link=hce26071502,https://www.meiji.co.jp/assets/img/structures/menu/menu_quality.png,page_image,,,,,0,0.45,2026-09-14T17:55:03,"{""page_url"": ""https://www.meiji.co.jp/baby/cmp/close2609/?link=hce26071502""}"
586,34,明治,ステップ,明治ステップ,1-3,https://www.meiji.co.jp/baby/cmp/close2609/?link=hce26071502,https://www.meiji.co.jp/assets/img/structures/menu/menu_quality_02.png,page_image,,,,,0,0.45,2026-09-14T17:55:03,"{""page_url"": ""https://www.meiji.co.jp/baby/cmp/close2609/?link=hce26071502""}"
587,34,明治,ステップ,明治ステップ,1-3,https://www.meiji.co.jp/baby/cmp/close2609/?link=hce26071502,https://www.meiji.co.jp/assets/img/structures/menu/menu_baby_clinic.png,page_image,,,,,0,0.45,2026-09-14T17:55:03,"{""page_url"": ""https://www.meiji.co.jp/baby/cmp/close2609/?link=hce26071502""}"
588,34,明治,ステップ,明治ステップ,1-3,https://www.meiji.co.jp/baby/cmp/close2609/?link=hce26071502,https://www.meiji.co.jp/baby/cmp/close2609/assets/img/mv_img01.png,banner_image,プレママから幼児期まで つながるポイントキャンペーン,,,,0,0.75,2026-09-14T17:55:03,"{""page_url"": ""https://www.meiji.co.jp/baby/cmp/close2609/?link=hce26071502""}"
589,34,明治,ステップ,明治ステップ,1-3,https://www.meiji.co.jp/baby/cmp/close2609/?link=hce26071502,https://www.meiji.co.jp/baby/cmp/close2609/assets/img/mv_img02.png,banner_image,ポイント集めて 必ずもらえる！QUOカードPay 200円分,,,,0,0.75,2026-09-14T17:55:03,"{""page_url"": ""https://www.meiji.co.jp/baby/cmp/close2609/?link=hce26071502""}"
590,34,明治,ステップ,明治ステップ,1-3,https://www.meiji.co.jp/baby/cmp/close2609/?link=hce26071502,https://www.meiji.co.jp/baby/cmp/close2609/assets/img/mv_img03.png,banner_image,さらに ポイントそのまま使えてお好きな賞品が当たる！こども商品券,,,,0,0.75,2026-09-14T17:55:03,"{""page_url"": ""https://www.meiji.co.jp/baby/cmp/close2609/?link=hce26071502""}"
591,34,明治,ステップ,明治ステップ,1-3,https://www.meiji.co.jp/baby/cmp/close2609/?link=hce26071502,https://www.meiji.co.jp/baby/cmp/close2609/assets/img/mv_img04.png,banner_image,レシート有効期間 2026年9月1日火～2027年9月30日木,,,,0,0.75,2026-09-14T17:55:03,"{""page_url"": ""https://www.meiji.co.jp/baby/cmp/close2609/?link=hce26071502""}"
592,34,明治,ステップ,明治ステップ,1-3,https://www.meiji.co.jp/baby/cmp/close2609/?link=hce26071502,https://www.meiji.co.jp/baby/cmp/close2609/assets/img/link_navi01.png,banner_image,応募コース賞品,,,,0,0.75,2026-09-14T17:55:03,"{""page_url"": ""https://www.meiji.co.jp/baby/cmp/close2609/?link=hce26071502""}"
593,34,明治,ステップ,明治ステップ,1-3,https://www.meiji.co.jp/baby/cmp/close2609/?link=hce26071502,https://www.meiji.co.jp/baby/cmp/close2609/assets/img/link_navi02.png,banner_image,対象商品ポイント,,,,0,0.75,2026-09-14T17:55:03,"{""page_url"": ""https://www.meiji.co.jp/baby/cmp/close2609/?link=hce26071502""}"
594,34,明治,ステップ,明治ステップ,1-3,https://www.meiji.co.jp/baby/cmp/close2609/?link=hce26071502,https://www.meiji.co.jp/baby/cmp/close2609/assets/img/link_navi03.png,banner_image,応募方法締切,,,,0,0.75,2026-09-14T17:55:03,"{""page_url"": ""https://www.meiji.co.jp/baby/cmp/close2609/?link=hce26071502""}"
595,34,明治,ステップ,明治ステップ,1-3,https://www.meiji.co.jp/baby/cmp/close2609/?link=hce26071502,https://www.meiji.co.jp/baby/cmp/close2609/assets/img/sec01_ttl_img01.png,banner_image,期間中に対象商品を購入の上、ご希望のコース・賞品を選んで応募しよう！,,,,0,0.75,2026-09-14T17:55:03,"{""page_url"": ""https://www.meiji.co.jp/baby/cmp/close2609/?link=hce26071502""}"
596,34,明治,ステップ,明治ステップ,1-3,https://www.meiji.co.jp/baby/cmp/close2609/?link=hce26071502,https://www.meiji.co.jp/baby/cmp/close2609/assets/img/sec01_img01.png,banner_image,,,,,0,0.7,2026-09-14T17:55:03,"{""page_url"": ""https://www.meiji.co.jp/baby/cmp/close2609/?link=hce26071502""}"
597,34,明治,ステップ,明治ステップ,1-3,https://www.meiji.co.jp/baby/cmp/close2609/?link=hce26071502,https://www.meiji.co.jp/baby/cmp/close2609/assets/img/sec01_img02.png,banner_image,,,,,0,0.7,2026-09-14T17:55:03,"{""page_url"": ""https://www.meiji.co.jp/baby/cmp/close2609/?link=hce26071502""}"
598,34,明治,ステップ,明治ステップ,1-3,https://www.meiji.co.jp/baby/cmp/close2609/?link=hce26071502,https://www.meiji.co.jp/baby/cmp/close2609/assets/img/sec01_img03.png,banner_image,,,,,0,0.7,2026-09-14T17:55:03,"{""page_url"": ""https://www.meiji.co.jp/baby/cmp/close2609/?link=hce26071502""}"
599,34,明治,ステップ,明治ステップ,1-3,https://www.meiji.co.jp/baby/cmp/close2609/?link=hce26071502,https://www.meiji.co.jp/baby/cmp/close2609/assets/img/sec01_btn01.png,banner_image,全ての賞品を表示する,,,,0,0.75,2026-09-14T17:55:03,"{""page_url"": ""https://www.meiji.co.jp/baby/cmp/close2609/?link=hce26071502""}"
600,34,明治,ステップ,明治ステップ,1-3,https://www.meiji.co.jp/baby/cmp/close2609/?link=hce26071502,https://www.meiji.co.jp/baby/cmp/close2609/assets/img/sec01_ttl_img02.png,banner_image,コースで探す,,,,0,0.75,2026-09-14T17:55:03,"{""page_url"": ""https://www.meiji.co.jp/baby/cmp/close2609/?link=hce26071502""}"
601,34,明治,ステップ,明治ステップ,1-3,https://www.meiji.co.jp/baby/cmp/close2609/?link=hce26071502,https://www.meiji.co.jp/baby/cmp/close2609/assets/img/sec01_btn02.png,banner_image,必ずもらえる！,,,,0,0.75,2026-09-14T17:55:03,"{""page_url"": ""https://www.meiji.co.jp/baby/cmp/close2609/?link=hce26071502""}"
602,34,明治,ステップ,明治ステップ,1-3,https://www.meiji.co.jp/baby/cmp/close2609/?link=hce26071502,https://www.meiji.co.jp/baby/cmp/close2609/assets/img/sec01_btn03.png,banner_image,抽選で当たる！,,,,0,0.75,2026-09-14T17:55:03,"{""page_url"": ""https://www.meiji.co.jp/baby/cmp/close2609/?link=hce26071502""}"
603,34,明治,ステップ,明治ステップ,1-3,https://www.meiji.co.jp/baby/cmp/close2609/?link=hce26071502,https://www.meiji.co.jp/baby/cmp/close2609/assets/img/sec01_ttl_img03.png,banner_image,ポイントで探す,,,,0,0.75,2026-09-14T17:55:03,"{""page_url"": ""https://www.meiji.co.jp/baby/cmp/close2609/?link=hce26071502""}"
604,34,明治,ステップ,明治ステップ,1-3,https://www.meiji.co.jp/baby/cmp/close2609/?link=hce26071502,https://www.meiji.co.jp/baby/cmp/close2609/assets/img/sec01_btn04.png,banner_image,25ポイント,,,,0,0.75,2026-09-14T17:55:03,"{""page_url"": ""https://www.meiji.co.jp/baby/cmp/close2609/?link=hce26071502""}"
605,34,明治,ステップ,明治ステップ,1-3,https://www.meiji.co.jp/baby/cmp/close2609/?link=hce26071502,https://www.meiji.co.jp/baby/cmp/close2609/assets/img/sec01_btn05.png,banner_image,35ポイント,,,,0,0.75,2026-09-14T17:55:03,"{""page_url"": ""https://www.meiji.co.jp/baby/cmp/close2609/?link=hce26071502""}"
606,34,明治,ステップ,明治ステップ,1-3,https://www.meiji.co.jp/baby/cmp/close2609/?link=hce26071502,https://www.meiji.co.jp/baby/cmp/close2609/assets/img/sec01_btn06.png,banner_image,45ポイント,,,,0,0.75,2026-09-14T17:55:03,"{""page_url"": ""https://www.meiji.co.jp/baby/cmp/close2609/?link=hce26071502""}"
607,34,明治,ステップ,明治ステップ,1-3,https://www.meiji.co.jp/baby/cmp/close2609/?link=hce26071502,https://www.meiji.co.jp/baby/cmp/close2609/assets/img/sec01_btn07.png,banner_image,65ポイント,,,,0,0.75,2026-09-14T17:55:03,"{""page_url"": ""https://www.meiji.co.jp/baby/cmp/close2609/?link=hce26071502""}"
608,34,明治,ステップ,明治ステップ,1-3,https://www.meiji.co.jp/baby/cmp/close2609/?link=hce26071502,https://www.meiji.co.jp/baby/cmp/close2609/assets/img/sec01_course_ttl.png,banner_image,必ずもらえる！コースお一人様1回限りのチャンス！,,,,0,0.75,2026-09-14T17:55:03,"{""page_url"": ""https://www.meiji.co.jp/baby/cmp/close2609/?link=hce26071502""}"
609,34,明治,ステップ,明治ステップ,1-3,https://www.meiji.co.jp/baby/cmp/close2609/?link=hce26071502,https://www.meiji.co.jp/baby/cmp/close2609/assets/img/sec01_course_img01.png,banner_image,25ポイント QUO Payクオ・カード ペイ,,,,0,0.75,2026-09-14T17:55:03,"{""page_url"": ""https://www.meiji.co.jp/baby/cmp/close2609/?link=hce26071502""}"
610,34,明治,ステップ,明治ステップ,1-3,https://www.meiji.co.jp/baby/cmp/close2609/?link=hce26071502,https://www.meiji.co.jp/baby/cmp/close2609/assets/img/sec01_course_img02.png,banner_image,QUOカードPay200円分が必ずもらえる！,,,,0,0.75,2026-09-14T17:55:03,"{""page_url"": ""https://www.meiji.co.jp/baby/cmp/close2609/?link=hce26071502""}"
611,34,明治,ステップ,明治ステップ,1-3,https://www.meiji.co.jp/baby/cmp/close2609/?link=hce26071502,https://www.meiji.co.jp/baby/cmp/close2609/assets/img/sec01_prize_ttl.png,banner_image,抽選で当たる！コース25ポイントがそのまま使える！,,,,0,0.75,2026-09-14T17:55:03,"{""page_url"": ""https://www.meiji.co.jp/baby/cmp/close2609/?link=hce26071502""}"
612,34,明治,ステップ,明治ステップ,1-3,https://www.meiji.co.jp/baby/cmp/close2609/?link=hce26071502,https://www.meiji.co.jp/baby/cmp/close2609/assets/img/sec01_prize_img01.png,banner_image,全期間合計81名様にプレゼント！,,,,0,0.75,2026-09-14T17:55:03,"{""page_url"": ""https://www.meiji.co.jp/baby/cmp/close2609/?link=hce26071502""}"
613,34,明治,ステップ,明治ステップ,1-3,https://www.meiji.co.jp/baby/cmp/close2609/?link=hce26071502,https://www.meiji.co.jp/baby/cmp/close2609/assets/img/sec01_prize_img02.png,banner_image,必ずもらえる！コースの25ポイントに必要なポイント分を加算するだけで、お好きな賞品が当たる！,,,,0,0.75,2026-09-14T17:55:03,"{""page_url"": ""https://www.meiji.co.jp/baby/cmp/close2609/?link=hce26071502""}"
614,34,明治,ステップ,明治ステップ,1-3,https://www.meiji.co.jp/baby/cmp/close2609/?link=hce26071502,https://www.meiji.co.jp/baby/cmp/close2609/assets/img/sec01_prize_img03.png,banner_image,+10ポイントで各賞品×3名×3回＝27名様に当たる!,,,,0,0.75,2026-09-14T17:55:03,"{""page_url"": ""https://www.meiji.co.jp/baby/cmp/close2609/?link=hce26071502""}"
615,34,明治,ステップ,明治ステップ,1-3,https://www.meiji.co.jp/baby/cmp/close2609/?link=hce26071502,https://www.meiji.co.jp/baby/cmp/close2609/assets/img/prize_ttl01.png,banner_image,35ポイント,,,,0,0.75,2026-09-14T17:55:03,"{""page_url"": ""https://www.meiji.co.jp/baby/cmp/close2609/?link=hce26071502""}"
616,34,明治,ステップ,明治ステップ,1-3,https://www.meiji.co.jp/baby/cmp/close2609/?link=hce26071502,https://www.meiji.co.jp/baby/cmp/close2609/assets/img/prize_img01.png,banner_image,DADWAYオンラインギフト券,,,,0,0.75,2026-09-14T17:55:03,"{""page_url"": ""https://www.meiji.co.jp/baby/cmp/close2609/?link=hce26071502""}"
617,34,明治,ステップ,明治ステップ,1-3,https://www.meiji.co.jp/baby/cmp/close2609/?link=hce26071502,https://www.meiji.co.jp/baby/cmp/close2609/assets/img/prize_img02.png,banner_image,BRUNOマルチスティックブレンダー2 BOE140,,,,0,0.75,2026-09-14T17:55:03,"{""page_url"": ""https://www.meiji.co.jp/baby/cmp/close2609/?link=hce26071502""}"
618,34,明治,ステップ,明治ステップ,1-3,https://www.meiji.co.jp/baby/cmp/close2609/?link=hce26071502,https://www.meiji.co.jp/baby/cmp/close2609/assets/img/prize_img03.png,banner_image,リズム楽器とおはなしの世界へボーネルンドもりのおとあそび,,,,0,0.75,2026-09-14T17:55:03,"{""page_url"": ""https://www.meiji.co.jp/baby/cmp/close2609/?link=hce26071502""}"
619,34,明治,ステップ,明治ステップ,1-3,https://www.meiji.co.jp/baby/cmp/close2609/?link=hce26071502,https://www.meiji.co.jp/baby/cmp/close2609/assets/img/sec01_prize_img04.png,banner_image,+20ポイントで各賞品×3名×3回＝27名様に当たる!,,,,0,0.75,2026-09-14T17:55:03,"{""page_url"": ""https://www.meiji.co.jp/baby/cmp/close2609/?link=hce26071502""}"
620,34,明治,ステップ,明治ステップ,1-3,https://www.meiji.co.jp/baby/cmp/close2609/?link=hce26071502,https://www.meiji.co.jp/baby/cmp/close2609/assets/img/prize_ttl02.png,banner_image,45ポイント,,,,0,0.75,2026-09-14T17:55:03,"{""page_url"": ""https://www.meiji.co.jp/baby/cmp/close2609/?link=hce26071502""}"
621,34,明治,ステップ,明治ステップ,1-3,https://www.meiji.co.jp/baby/cmp/close2609/?link=hce26071502,https://www.meiji.co.jp/baby/cmp/close2609/assets/img/prize_img04.png,banner_image,ペダルなし自転車グラフィスベビー,,,,0,0.75,2026-09-14T17:55:03,"{""page_url"": ""https://www.meiji.co.jp/baby/cmp/close2609/?link=hce26071502""}"
622,34,明治,ステップ,明治ステップ,1-3,https://www.meiji.co.jp/baby/cmp/close2609/?link=hce26071502,https://www.meiji.co.jp/baby/cmp/close2609/assets/img/prize_img05.png,banner_image,アイリスオーヤマ電気圧力鍋4.0LKPC-MA4,,,,0,0.75,2026-09-14T17:55:03,"{""page_url"": ""https://www.meiji.co.jp/baby/cmp/close2609/?link=hce26071502""}"
623,34,明治,ステップ,明治ステップ,1-3,https://www.meiji.co.jp/baby/cmp/close2609/?link=hce26071502,https://www.meiji.co.jp/baby/cmp/close2609/assets/img/prize_img06.png,banner_image,おもちゃのサブスク「トイサブ！」6ヶ月コース,,,,0,0.75,2026-09-14T17:55:03,"{""page_url"": ""https://www.meiji.co.jp/baby/cmp/close2609/?link=hce26071502""}"
624,34,明治,ステップ,明治ステップ,1-3,https://www.meiji.co.jp/baby/cmp/close2609/?link=hce26071502,https://www.meiji.co.jp/baby/cmp/close2609/assets/img/sec01_prize_img05.png,banner_image,+40ポイントで各賞品×3名×3回＝27名様に当たる!,,,,0,0.75,2026-09-14T17:55:03,"{""page_url"": ""https://www.meiji.co.jp/baby/cmp/close2609/?link=hce26071502""}"
625,34,明治,ステップ,明治ステップ,1-3,https://www.meiji.co.jp/baby/cmp/close2609/?link=hce26071502,https://www.meiji.co.jp/baby/cmp/close2609/assets/img/prize_ttl03.png,banner_image,65ポイント,,,,0,0.75,2026-09-14T17:55:03,"{""page_url"": ""https://www.meiji.co.jp/baby/cmp/close2609/?link=hce26071502""}"
626,34,明治,ステップ,明治ステップ,1-3,https://www.meiji.co.jp/baby/cmp/close2609/?link=hce26071502,https://www.meiji.co.jp/baby/cmp/close2609/assets/img/prize_img07.png,banner_image,パナソニックスチームオーブンレンジ Bistro NE-BS8D,,,,0,0.75,2026-09-14T17:55:03,"{""page_url"": ""https://www.meiji.co.jp/baby/cmp/close2609/?link=hce26071502""}"
627,34,明治,ステップ,明治ステップ,1-3,https://www.meiji.co.jp/baby/cmp/close2609/?link=hce26071502,https://www.meiji.co.jp/baby/cmp/close2609/assets/img/prize_img08.png,banner_image,"こども商品券 e-Gift 60,000円",,,,0,0.75,2026-09-14T17:55:03,"{""page_url"": ""https://www.meiji.co.jp/baby/cmp/close2609/?link=hce26071502""}"
628,34,明治,ステップ,明治ステップ,1-3,https://www.meiji.co.jp/baby/cmp/close2609/?link=hce26071502,https://www.meiji.co.jp/baby/cmp/close2609/assets/img/prize_img09.png,banner_image,レストラン・ホテル旅館予約で使えるギフトクーポン,,,,0,0.75,2026-09-14T17:55:03,"{""page_url"": ""https://www.meiji.co.jp/baby/cmp/close2609/?link=hce26071502""}"
629,34,明治,ステップ,明治ステップ,1-3,https://www.meiji.co.jp/baby/cmp/close2609/?link=hce26071502,https://www.meiji.co.jp/baby/cmp/close2609/assets/img/sec01_btn_img01.png,banner_image,当選確率が2倍のチャンス！,,,,0,0.75,2026-09-14T17:55:03,"{""page_url"": ""https://www.meiji.co.jp/baby/cmp/close2609/?link=hce26071502""}"
630,34,明治,ステップ,明治ステップ,1-3,https://www.meiji.co.jp/baby/cmp/close2609/?link=hce26071502,https://www.meiji.co.jp/campaign,landing_page,,キャンペーンTOP,,,1,0.75,2026-09-14T17:55:03,"{""page_url"": ""https://www.meiji.co.jp/baby/cmp/close2609/?link=hce26071502""}"
631,34,明治,ステップ,明治ステップ,1-3,https://www.meiji.co.jp/baby/cmp/close2609/?link=hce26071502,https://campaign.meiji.co.jp/,landing_page,,明治会員ID限定キャンペーン,,,1,0.75,2026-09-14T17:55:03,"{""page_url"": ""https://www.meiji.co.jp/baby/cmp/close2609/?link=hce26071502""}"
632,34,明治,ステップ,明治ステップ,1-3,https://www.meiji.co.jp/baby/cmp/close2609/?link=hce26071502,https://www.meiji.co.jp/learned,landing_page,,体験・学ぶ,,,1,0.75,2026-09-14T17:55:03,"{""page_url"": ""https://www.meiji.co.jp/baby/cmp/close2609/?link=hce26071502""}"
633,34,明治,ステップ,明治ステップ,1-3,https://www.meiji.co.jp/baby/cmp/close2609/?link=hce26071502,https://search.meiji.co.jp/?kw=キャンペーン&ie=u,landing_page,,キャンペーン,,,1,0.75,2026-09-14T17:55:03,"{""page_url"": ""https://www.meiji.co.jp/baby/cmp/close2609/?link=hce26071502""}"
634,34,明治,ステップ,明治ステップ,1-3,https://www.meiji.co.jp/baby/cmp/close2609/?link=hce26071502,https://www.meiji.co.jp/baby/cmp/close2609?link=hce26071502,landing_page,,,,,1,0.75,2026-09-14T17:55:03,"{""page_url"": ""https://www.meiji.co.jp/baby/cmp/close2609/?link=hce26071502""}"
638,34,明治,ステップ,明治ステップ,1-3,https://www.meiji.co.jp/baby/cmp/close2609/?link=hce26071502,https://www.meiji.co.jp/baby/cmp/close2609/assets/img/pup_img01.png,landing_page,,,,,1,0.75,2026-09-14T17:55:03,"{""page_url"": ""https://www.meiji.co.jp/baby/cmp/close2609/?link=hce26071502""}"
639,34,明治,ステップ,明治ステップ,1-3,https://www.meiji.co.jp/baby/cmp/close2609/?link=hce26071502,https://www.meiji.co.jp/baby/cmp/close2609/assets/img/pup_img02.png,landing_page,,,,,1,0.75,2026-09-14T17:55:03,"{""page_url"": ""https://www.meiji.co.jp/baby/cmp/close2609/?link=hce26071502""}"
640,34,明治,ステップ,明治ステップ,1-3,https://www.meiji.co.jp/baby/cmp/close2609/?link=hce26071502,https://www.meiji.co.jp/baby/cmp/close2609/assets/img/pup_img03.png,landing_page,,,,,1,0.75,2026-09-14T17:55:03,"{""page_url"": ""https://www.meiji.co.jp/baby/cmp/close2609/?link=hce26071502""}"
641,34,明治,ステップ,明治ステップ,1-3,https://www.meiji.co.jp/baby/cmp/close2609/?link=hce26071502,https://www.meiji.co.jp/baby/cmp/close2609/assets/img/pup_img04.png,landing_page,,,,,1,0.75,2026-09-14T17:55:03,"{""page_url"": ""https://www.meiji.co.jp/baby/cmp/close2609/?link=hce26071502""}"
642,34,明治,ステップ,明治ステップ,1-3,https://www.meiji.co.jp/baby/cmp/close2609/?link=hce26071502,https://www.meiji.co.jp/baby/cmp/close2609/assets/img/pup_img05.png,landing_page,,,,,1,0.75,2026-09-14T17:55:03,"{""page_url"": ""https://www.meiji.co.jp/baby/cmp/close2609/?link=hce26071502""}"
643,34,明治,ステップ,明治ステップ,1-3,https://www.meiji.co.jp/baby/cmp/close2609/?link=hce26071502,https://www.meiji.co.jp/baby/cmp/close2609/assets/img/pup_img06.png,landing_page,,,,,1,0.75,2026-09-14T17:55:03,"{""page_url"": ""https://www.meiji.co.jp/baby/cmp/close2609/?link=hce26071502""}"
644,34,明治,ステップ,明治ステップ,1-3,https://www.meiji.co.jp/baby/cmp/close2609/?link=hce26071502,https://www.meiji.co.jp/baby/cmp/close2609/assets/img/pup_img07.png,landing_page,,,,,1,0.75,2026-09-14T17:55:03,"{""page_url"": ""https://www.meiji.co.jp/baby/cmp/close2609/?link=hce26071502""}"
645,34,明治,ステップ,明治ステップ,1-3,https://www.meiji.co.jp/baby/cmp/close2609/?link=hce26071502,https://www.meiji.co.jp/baby/cmp/close2609/assets/img/pup_img08.png,landing_page,,,,,1,0.75,2026-09-14T17:55:03,"{""page_url"": ""https://www.meiji.co.jp/baby/cmp/close2609/?link=hce26071502""}"
646,34,明治,ステップ,明治ステップ,1-3,https://www.meiji.co.jp/baby/cmp/close2609/?link=hce26071502,https://www.meiji.co.jp/baby/cmp/close2609/assets/img/pup_img09.png,landing_page,,,,,1,0.75,2026-09-14T17:55:03,"{""page_url"": ""https://www.meiji.co.jp/baby/cmp/close2609/?link=hce26071502""}"
647,34,明治,ステップ,明治ステップ,1-3,https://www.meiji.co.jp/baby/cmp/close2609/?link=hce26071502,https://help.line.me/line?lang=ja&contentId=10002433,landing_page,,https://help.line.me/line/?lang=ja&contentId=10002433,,,1,0.75,2026-09-14T17:55:03,"{""page_url"": ""https://www.meiji.co.jp/baby/cmp/close2609/?link=hce26071502""}"
649,35,明治,ステップ,明治ステップ,1-3,https://www.meiji.co.jp/meiji-eiyoucare/products/nutritionfood/meibalance/cmp/close2606/,https://www.meiji.co.jp/meiji-eiyoucare/products/nutritionfood/meibalance/cmp/close2606/images/ogp.png,og_image,,OG/Twitter preview image,,,0,0.85,2026-09-14T17:55:03,"{""page_url"": ""https://www.meiji.co.jp/meiji-eiyoucare/products/nutritionfood/meibalance/cmp/close2606/""}"
650,35,明治,ステップ,明治ステップ,1-3,https://www.meiji.co.jp/meiji-eiyoucare/products/nutritionfood/meibalance/cmp/close2606/,https://www.meiji.co.jp/assets/img/structures/logo.svg,page_image,健康にアイデアを 株式会社 明治,,249.0,68.0,0,0.5,2026-09-14T17:55:03,"{""page_url"": ""https://www.meiji.co.jp/meiji-eiyoucare/products/nutritionfood/meibalance/cmp/close2606/""}"
651,35,明治,ステップ,明治ステップ,1-3,https://www.meiji.co.jp/meiji-eiyoucare/products/nutritionfood/meibalance/cmp/close2606/,https://www.meiji.co.jp/assets/img/icons/icon_search.svg,page_image,,,,,0,0.45,2026-09-14T17:55:03,"{""page_url"": ""https://www.meiji.co.jp/meiji-eiyoucare/products/nutritionfood/meibalance/cmp/close2606/""}"
652,35,明治,ステップ,明治ステップ,1-3,https://www.meiji.co.jp/meiji-eiyoucare/products/nutritionfood/meibalance/cmp/close2606/,https://www.meiji.co.jp/assets/img/icons/header_close.svg,page_image,,,,,0,0.45,2026-09-14T17:55:03,"{""page_url"": ""https://www.meiji.co.jp/meiji-eiyoucare/products/nutritionfood/meibalance/cmp/close2606/""}"
653,35,明治,ステップ,明治ステップ,1-3,https://www.meiji.co.jp/meiji-eiyoucare/products/nutritionfood/meibalance/cmp/close2606/,https://www.meiji.co.jp/assets/img/icons/plus.svg,page_image,開く,,,,0,0.5,2026-09-14T17:55:03,"{""page_url"": ""https://www.meiji.co.jp/meiji-eiyoucare/products/nutritionfood/meibalance/cmp/close2606/""}"
654,35,明治,ステップ,明治ステップ,1-3,https://www.meiji.co.jp/meiji-eiyoucare/products/nutritionfood/meibalance/cmp/close2606/,https://www.meiji.co.jp/assets/img/icons/external_gray.svg,page_image,（新しいウィンドウ）,,,,0,0.5,2026-09-14T17:55:03,"{""page_url"": ""https://www.meiji.co.jp/meiji-eiyoucare/products/nutritionfood/meibalance/cmp/close2606/""}"
655,35,明治,ステップ,明治ステップ,1-3,https://www.meiji.co.jp/meiji-eiyoucare/products/nutritionfood/meibalance/cmp/close2606/,https://www.meiji.co.jp/assets/img/structures/menu/menu_products_01.png,page_image,,,,,0,0.45,2026-09-14T17:55:03,"{""page_url"": ""https://www.meiji.co.jp/meiji-eiyoucare/products/nutritionfood/meibalance/cmp/close2606/""}"
656,35,明治,ステップ,明治ステップ,1-3,https://www.meiji.co.jp/meiji-eiyoucare/products/nutritionfood/meibalance/cmp/close2606/,https://www.meiji.co.jp/assets/img/structures/menu/menu_products_02.png,page_image,,,,,0,0.45,2026-09-14T17:55:03,"{""page_url"": ""https://www.meiji.co.jp/meiji-eiyoucare/products/nutritionfood/meibalance/cmp/close2606/""}"
657,35,明治,ステップ,明治ステップ,1-3,https://www.meiji.co.jp/meiji-eiyoucare/products/nutritionfood/meibalance/cmp/close2606/,https://www.meiji.co.jp/assets/img/structures/menu/menu_products_03.png,page_image,,,,,0,0.45,2026-09-14T17:55:03,"{""page_url"": ""https://www.meiji.co.jp/meiji-eiyoucare/products/nutritionfood/meibalance/cmp/close2606/""}"
658,35,明治,ステップ,明治ステップ,1-3,https://www.meiji.co.jp/meiji-eiyoucare/products/nutritionfood/meibalance/cmp/close2606/,https://www.meiji.co.jp/assets/img/structures/menu/menu_products_04.png,page_image,,,,,0,0.45,2026-09-14T17:55:03,"{""page_url"": ""https://www.meiji.co.jp/meiji-eiyoucare/products/nutritionfood/meibalance/cmp/close2606/""}"
659,35,明治,ステップ,明治ステップ,1-3,https://www.meiji.co.jp/meiji-eiyoucare/products/nutritionfood/meibalance/cmp/close2606/,https://www.meiji.co.jp/assets/img/structures/menu/menu_products_05.png,page_image,,,,,0,0.45,2026-09-14T17:55:03,"{""page_url"": ""https://www.meiji.co.jp/meiji-eiyoucare/products/nutritionfood/meibalance/cmp/close2606/""}"
660,35,明治,ステップ,明治ステップ,1-3,https://www.meiji.co.jp/meiji-eiyoucare/products/nutritionfood/meibalance/cmp/close2606/,https://www.meiji.co.jp/assets/img/structures/menu/menu_products_06.png,page_image,,,,,0,0.45,2026-09-14T17:55:03,"{""page_url"": ""https://www.meiji.co.jp/meiji-eiyoucare/products/nutritionfood/meibalance/cmp/close2606/""}"
661,35,明治,ステップ,明治ステップ,1-3,https://www.meiji.co.jp/meiji-eiyoucare/products/nutritionfood/meibalance/cmp/close2606/,https://www.meiji.co.jp/assets/img/structures/menu/menu_products_07.png,page_image,,,,,0,0.45,2026-09-14T17:55:03,"{""page_url"": ""https://www.meiji.co.jp/meiji-eiyoucare/products/nutritionfood/meibalance/cmp/close2606/""}"
662,35,明治,ステップ,明治ステップ,1-3,https://www.meiji.co.jp/meiji-eiyoucare/products/nutritionfood/meibalance/cmp/close2606/,https://www.meiji.co.jp/assets/img/structures/menu/menu_products_08.png,page_image,,,,,0,0.45,2026-09-14T17:55:03,"{""page_url"": ""https://www.meiji.co.jp/meiji-eiyoucare/products/nutritionfood/meibalance/cmp/close2606/""}"
663,35,明治,ステップ,明治ステップ,1-3,https://www.meiji.co.jp/meiji-eiyoucare/products/nutritionfood/meibalance/cmp/close2606/,https://www.meiji.co.jp/assets/img/structures/menu/menu_learned.png,page_image,,,,,0,0.45,2026-09-14T17:55:03,"{""page_url"": ""https://www.meiji.co.jp/meiji-eiyoucare/products/nutritionfood/meibalance/cmp/close2606/""}"
664,35,明治,ステップ,明治ステップ,1-3,https://www.meiji.co.jp/meiji-eiyoucare/products/nutritionfood/meibalance/cmp/close2606/,https://www.meiji.co.jp/assets/img/structures/menu/menu_learned_02.png,page_image,,,,,0,0.45,2026-09-14T17:55:03,"{""page_url"": ""https://www.meiji.co.jp/meiji-eiyoucare/products/nutritionfood/meibalance/cmp/close2606/""}"
665,35,明治,ステップ,明治ステップ,1-3,https://www.meiji.co.jp/meiji-eiyoucare/products/nutritionfood/meibalance/cmp/close2606/,https://www.meiji.co.jp/assets/img/structures/menu/menu_learned_03.png,page_image,,,,,0,0.45,2026-09-14T17:55:03,"{""page_url"": ""https://www.meiji.co.jp/meiji-eiyoucare/products/nutritionfood/meibalance/cmp/close2606/""}"
666,35,明治,ステップ,明治ステップ,1-3,https://www.meiji.co.jp/meiji-eiyoucare/products/nutritionfood/meibalance/cmp/close2606/,https://www.meiji.co.jp/assets/img/structures/menu/menu_learned_04.png,page_image,,,,,0,0.45,2026-09-14T17:55:03,"{""page_url"": ""https://www.meiji.co.jp/meiji-eiyoucare/products/nutritionfood/meibalance/cmp/close2606/""}"
667,35,明治,ステップ,明治ステップ,1-3,https://www.meiji.co.jp/meiji-eiyoucare/products/nutritionfood/meibalance/cmp/close2606/,https://www.meiji.co.jp/assets/img/structures/menu/menu_learned_07.png,page_image,,,,,0,0.45,2026-09-14T17:55:03,"{""page_url"": ""https://www.meiji.co.jp/meiji-eiyoucare/products/nutritionfood/meibalance/cmp/close2606/""}"
668,35,明治,ステップ,明治ステップ,1-3,https://www.meiji.co.jp/meiji-eiyoucare/products/nutritionfood/meibalance/cmp/close2606/,https://www.meiji.co.jp/assets/img/structures/menu/menu_learned_05.png,page_image,,,,,0,0.45,2026-09-14T17:55:03,"{""page_url"": ""https://www.meiji.co.jp/meiji-eiyoucare/products/nutritionfood/meibalance/cmp/close2606/""}"
669,35,明治,ステップ,明治ステップ,1-3,https://www.meiji.co.jp/meiji-eiyoucare/products/nutritionfood/meibalance/cmp/close2606/,https://www.meiji.co.jp/assets/img/structures/menu/menu_learned_08.png,page_image,,,,,0,0.45,2026-09-14T17:55:03,"{""page_url"": ""https://www.meiji.co.jp/meiji-eiyoucare/products/nutritionfood/meibalance/cmp/close2606/""}"
670,35,明治,ステップ,明治ステップ,1-3,https://www.meiji.co.jp/meiji-eiyoucare/products/nutritionfood/meibalance/cmp/close2606/,https://www.meiji.co.jp/assets/img/structures/menu/menu_learned_06.png,page_image,,,,,0,0.45,2026-09-14T17:55:03,"{""page_url"": ""https://www.meiji.co.jp/meiji-eiyoucare/products/nutritionfood/meibalance/cmp/close2606/""}"
671,35,明治,ステップ,明治ステップ,1-3,https://www.meiji.co.jp/meiji-eiyoucare/products/nutritionfood/meibalance/cmp/close2606/,https://www.meiji.co.jp/assets/img/structures/menu/menu_quality.png,page_image,,,,,0,0.45,2026-09-14T17:55:03,"{""page_url"": ""https://www.meiji.co.jp/meiji-eiyoucare/products/nutritionfood/meibalance/cmp/close2606/""}"
672,35,明治,ステップ,明治ステップ,1-3,https://www.meiji.co.jp/meiji-eiyoucare/products/nutritionfood/meibalance/cmp/close2606/,https://www.meiji.co.jp/assets/img/structures/menu/menu_quality_02.png,page_image,,,,,0,0.45,2026-09-14T17:55:03,"{""page_url"": ""https://www.meiji.co.jp/meiji-eiyoucare/products/nutritionfood/meibalance/cmp/close2606/""}"
673,35,明治,ステップ,明治ステップ,1-3,https://www.meiji.co.jp/meiji-eiyoucare/products/nutritionfood/meibalance/cmp/close2606/,https://www.meiji.co.jp/assets/img/structures/menu/menu_baby_clinic.png,page_image,,,,,0,0.45,2026-09-14T17:55:03,"{""page_url"": ""https://www.meiji.co.jp/meiji-eiyoucare/products/nutritionfood/meibalance/cmp/close2606/""}"
674,35,明治,ステップ,明治ステップ,1-3,https://www.meiji.co.jp/meiji-eiyoucare/products/nutritionfood/meibalance/cmp/close2606/,https://www.meiji.co.jp/meiji-eiyoucare/products/nutritionfood/meibalance/cmp/close2606/images/link_bnr_logo.svg,banner_image,明治メイバランス,,213.0,85.0,0,0.75,2026-09-14T17:55:03,"{""page_url"": ""https://www.meiji.co.jp/meiji-eiyoucare/products/nutritionfood/meibalance/cmp/close2606/""}"
675,35,明治,ステップ,明治ステップ,1-3,https://www.meiji.co.jp/meiji-eiyoucare/products/nutritionfood/meibalance/cmp/close2606/,https://www.meiji.co.jp/meiji-eiyoucare/products/nutritionfood/meibalance/cmp/close2606/images/kv_title_sp.png,banner_image,,,,,0,0.7,2026-09-14T17:55:03,"{""page_url"": ""https://www.meiji.co.jp/meiji-eiyoucare/products/nutritionfood/meibalance/cmp/close2606/""}"
676,35,明治,ステップ,明治ステップ,1-3,https://www.meiji.co.jp/meiji-eiyoucare/products/nutritionfood/meibalance/cmp/close2606/,https://www.meiji.co.jp/meiji-eiyoucare/products/nutritionfood/meibalance/cmp/close2606/images/kv_title.png,banner_image,"明治の栄養食品キャンペーン 最大30,000円分のJCBギフトカードが当たる！",,964.0,153.0,0,0.95,2026-09-14T17:55:03,"{""page_url"": ""https://www.meiji.co.jp/meiji-eiyoucare/products/nutritionfood/meibalance/cmp/close2606/""}"
677,35,明治,ステップ,明治ステップ,1-3,https://www.meiji.co.jp/meiji-eiyoucare/products/nutritionfood/meibalance/cmp/close2606/,https://www.meiji.co.jp/meiji-eiyoucare/products/nutritionfood/meibalance/cmp/close2606/images/kv_product_sp.png,banner_image,,,,,0,0.7,2026-09-14T17:55:03,"{""page_url"": ""https://www.meiji.co.jp/meiji-eiyoucare/products/nutritionfood/meibalance/cmp/close2606/""}"
678,35,明治,ステップ,明治ステップ,1-3,https://www.meiji.co.jp/meiji-eiyoucare/products/nutritionfood/meibalance/cmp/close2606/,https://www.meiji.co.jp/meiji-eiyoucare/products/nutritionfood/meibalance/cmp/close2606/images/kv_product.png,banner_image,明治メイバランス/明治アクアサポート/明治メイプロテイン,,969.0,226.0,0,0.95,2026-09-14T17:55:03,"{""page_url"": ""https://www.meiji.co.jp/meiji-eiyoucare/products/nutritionfood/meibalance/cmp/close2606/""}"
679,35,明治,ステップ,明治ステップ,1-3,https://www.meiji.co.jp/meiji-eiyoucare/products/nutritionfood/meibalance/cmp/close2606/,https://www.meiji.co.jp/meiji-eiyoucare/products/nutritionfood/meibalance/cmp/close2606/images/kv_brand_logo.png,banner_image,明治メイバランス/明治アクアサポート/明治メイプロテイン,,427.0,44.0,0,0.75,2026-09-14T17:55:03,"{""page_url"": ""https://www.meiji.co.jp/meiji-eiyoucare/products/nutritionfood/meibalance/cmp/close2606/""}"
680,35,明治,ステップ,明治ステップ,1-3,https://www.meiji.co.jp/meiji-eiyoucare/products/nutritionfood/meibalance/cmp/close2606/,https://www.meiji.co.jp/meiji-eiyoucare/products/nutritionfood/meibalance/cmp/close2606/images/kv_terms_sp.svg,banner_image,,,,,0,0.7,2026-09-14T17:55:03,"{""page_url"": ""https://www.meiji.co.jp/meiji-eiyoucare/products/nutritionfood/meibalance/cmp/close2606/""}"
681,35,明治,ステップ,明治ステップ,1-3,https://www.meiji.co.jp/meiji-eiyoucare/products/nutritionfood/meibalance/cmp/close2606/,https://www.meiji.co.jp/meiji-eiyoucare/products/nutritionfood/meibalance/cmp/close2606/images/kv_terms.svg,banner_image,明治メイバランス/明治アクアサポート/明治メイプロテイン,,829.0,36.0,0,0.75,2026-09-14T17:55:03,"{""page_url"": ""https://www.meiji.co.jp/meiji-eiyoucare/products/nutritionfood/meibalance/cmp/close2606/""}"
682,35,明治,ステップ,明治ステップ,1-3,https://www.meiji.co.jp/meiji-eiyoucare/products/nutritionfood/meibalance/cmp/close2606/,https://www.meiji.co.jp/meiji-eiyoucare/products/nutritionfood/meibalance/cmp/close2606/images/item_ttl_sp.png,page_image,,,,,0,0.7,2026-09-14T17:55:03,"{""page_url"": ""https://www.meiji.co.jp/meiji-eiyoucare/products/nutritionfood/meibalance/cmp/close2606/""}"
683,35,明治,ステップ,明治ステップ,1-3,https://www.meiji.co.jp/meiji-eiyoucare/products/nutritionfood/meibalance/cmp/close2606/,https://www.meiji.co.jp/meiji-eiyoucare/products/nutritionfood/meibalance/cmp/close2606/images/item_title.png,page_image,"対象商品をご購入で、期間中合計200名様に最大30,000円分のJCBギフトカードが当たる",,774.0,103.0,0,0.75,2026-09-14T17:55:03,"{""page_url"": ""https://www.meiji.co.jp/meiji-eiyoucare/products/nutritionfood/meibalance/cmp/close2606/""}"
684,35,明治,ステップ,明治ステップ,1-3,https://www.meiji.co.jp/meiji-eiyoucare/products/nutritionfood/meibalance/cmp/close2606/,https://www.meiji.co.jp/meiji-eiyoucare/products/nutritionfood/meibalance/cmp/close2606/images/item_course_a_sp.png,page_image,,,,,0,0.7,2026-09-14T17:55:03,"{""page_url"": ""https://www.meiji.co.jp/meiji-eiyoucare/products/nutritionfood/meibalance/cmp/close2606/""}"
685,35,明治,ステップ,明治ステップ,1-3,https://www.meiji.co.jp/meiji-eiyoucare/products/nutritionfood/meibalance/cmp/close2606/,https://www.meiji.co.jp/meiji-eiyoucare/products/nutritionfood/meibalance/cmp/close2606/images/item_course_a.png,page_image,"Aコース 3,000円（税込）以上ご購入でJCBギフトカード30,000円分が当たる!",,302.0,359.0,0,0.75,2026-09-14T17:55:03,"{""page_url"": ""https://www.meiji.co.jp/meiji-eiyoucare/products/nutritionfood/meibalance/cmp/close2606/""}"
686,35,明治,ステップ,明治ステップ,1-3,https://www.meiji.co.jp/meiji-eiyoucare/products/nutritionfood/meibalance/cmp/close2606/,https://www.meiji.co.jp/meiji-eiyoucare/products/nutritionfood/meibalance/cmp/close2606/images/item_course_b_sp.png,page_image,,,,,0,0.7,2026-09-14T17:55:03,"{""page_url"": ""https://www.meiji.co.jp/meiji-eiyoucare/products/nutritionfood/meibalance/cmp/close2606/""}"
687,35,明治,ステップ,明治ステップ,1-3,https://www.meiji.co.jp/meiji-eiyoucare/products/nutritionfood/meibalance/cmp/close2606/,https://www.meiji.co.jp/meiji-eiyoucare/products/nutritionfood/meibalance/cmp/close2606/images/item_course_b.png,page_image,"Bコース 1,500円（税込）以上ご購入でJCBギフトカード10,000円分が当たる!",,302.0,359.0,0,0.75,2026-09-14T17:55:03,"{""page_url"": ""https://www.meiji.co.jp/meiji-eiyoucare/products/nutritionfood/meibalance/cmp/close2606/""}"
688,35,明治,ステップ,明治ステップ,1-3,https://www.meiji.co.jp/meiji-eiyoucare/products/nutritionfood/meibalance/cmp/close2606/,https://www.meiji.co.jp/meiji-eiyoucare/products/nutritionfood/meibalance/cmp/close2606/images/item_course_c_sp.png,page_image,,,,,0,0.7,2026-09-14T17:55:03,"{""page_url"": ""https://www.meiji.co.jp/meiji-eiyoucare/products/nutritionfood/meibalance/cmp/close2606/""}"
689,35,明治,ステップ,明治ステップ,1-3,https://www.meiji.co.jp/meiji-eiyoucare/products/nutritionfood/meibalance/cmp/close2606/,https://www.meiji.co.jp/meiji-eiyoucare/products/nutritionfood/meibalance/cmp/close2606/images/item_course_c.png,page_image,"Cコース 500円（税込）以上ご購入でJCBギフトカード1,000円分が当たる!",,302.0,359.0,0,0.75,2026-09-14T17:55:03,"{""page_url"": ""https://www.meiji.co.jp/meiji-eiyoucare/products/nutritionfood/meibalance/cmp/close2606/""}"
690,35,明治,ステップ,明治ステップ,1-3,https://www.meiji.co.jp/meiji-eiyoucare/products/nutritionfood/meibalance/cmp/close2606/,https://www.meiji.co.jp/meiji-eiyoucare/products/nutritionfood/meibalance/cmp/close2606/images/product_mini_sp.webp,page_image,,,,,0,0.7,2026-09-14T17:55:03,"{""page_url"": ""https://www.meiji.co.jp/meiji-eiyoucare/products/nutritionfood/meibalance/cmp/close2606/""}"
691,35,明治,ステップ,明治ステップ,1-3,https://www.meiji.co.jp/meiji-eiyoucare/products/nutritionfood/meibalance/cmp/close2606/,https://www.meiji.co.jp/meiji-eiyoucare/products/nutritionfood/meibalance/cmp/close2606/images/product_mini.webp,banner_image,明治メイバランスMiniカップ各種,,941.0,338.0,0,0.95,2026-09-14T17:55:03,"{""page_url"": ""https://www.meiji.co.jp/meiji-eiyoucare/products/nutritionfood/meibalance/cmp/close2606/""}"
692,35,明治,ステップ,明治ステップ,1-3,https://www.meiji.co.jp/meiji-eiyoucare/products/nutritionfood/meibalance/cmp/close2606/,https://www.meiji.co.jp/meiji-eiyoucare/products/nutritionfood/meibalance/cmp/close2606/images/product_Jelly_sp.webp,page_image,,,,,0,0.7,2026-09-14T17:55:03,"{""page_url"": ""https://www.meiji.co.jp/meiji-eiyoucare/products/nutritionfood/meibalance/cmp/close2606/""}"
693,35,明治,ステップ,明治ステップ,1-3,https://www.meiji.co.jp/meiji-eiyoucare/products/nutritionfood/meibalance/cmp/close2606/,https://www.meiji.co.jp/meiji-eiyoucare/products/nutritionfood/meibalance/cmp/close2606/images/product_Jelly.webp,banner_image,明治メイバランスソフトJelly各種,,931.0,160.0,0,0.95,2026-09-14T17:55:03,"{""page_url"": ""https://www.meiji.co.jp/meiji-eiyoucare/products/nutritionfood/meibalance/cmp/close2606/""}"
694,35,明治,ステップ,明治ステップ,1-3,https://www.meiji.co.jp/meiji-eiyoucare/products/nutritionfood/meibalance/cmp/close2606/,https://www.meiji.co.jp/meiji-eiyoucare/products/nutritionfood/meibalance/cmp/close2606/images/product_meiprotein_sp.webp,page_image,,,,,0,0.7,2026-09-14T17:55:03,"{""page_url"": ""https://www.meiji.co.jp/meiji-eiyoucare/products/nutritionfood/meibalance/cmp/close2606/""}"
695,35,明治,ステップ,明治ステップ,1-3,https://www.meiji.co.jp/meiji-eiyoucare/products/nutritionfood/meibalance/cmp/close2606/,https://www.meiji.co.jp/meiji-eiyoucare/products/nutritionfood/meibalance/cmp/close2606/images/product_meiprotein.webp,page_image,明治メイプロテイン,,388.0,174.0,0,0.75,2026-09-14T17:55:03,"{""page_url"": ""https://www.meiji.co.jp/meiji-eiyoucare/products/nutritionfood/meibalance/cmp/close2606/""}"
696,35,明治,ステップ,明治ステップ,1-3,https://www.meiji.co.jp/meiji-eiyoucare/products/nutritionfood/meibalance/cmp/close2606/,https://www.meiji.co.jp/meiji-eiyoucare/products/nutritionfood/meibalance/cmp/close2606/images/product_aquasupport_sp.webp,page_image,,,,,0,0.7,2026-09-14T17:55:03,"{""page_url"": ""https://www.meiji.co.jp/meiji-eiyoucare/products/nutritionfood/meibalance/cmp/close2606/""}"
697,35,明治,ステップ,明治ステップ,1-3,https://www.meiji.co.jp/meiji-eiyoucare/products/nutritionfood/meibalance/cmp/close2606/,https://www.meiji.co.jp/meiji-eiyoucare/products/nutritionfood/meibalance/cmp/close2606/images/product_aquasupport.webp,page_image,明治アクアサポート,,418.0,188.0,0,0.75,2026-09-14T17:55:03,"{""page_url"": ""https://www.meiji.co.jp/meiji-eiyoucare/products/nutritionfood/meibalance/cmp/close2606/""}"
698,35,明治,ステップ,明治ステップ,1-3,https://www.meiji.co.jp/meiji-eiyoucare/products/nutritionfood/meibalance/cmp/close2606/,https://www.meiji.co.jp/meiji-eiyoucare/products/nutritionfood/meibalance/cmp/close2606/images/btn_map_sp@2x.png,page_image,,,,,0,0.7,2026-09-14T17:55:03,"{""page_url"": ""https://www.meiji.co.jp/meiji-eiyoucare/products/nutritionfood/meibalance/cmp/close2606/""}"
699,35,明治,ステップ,明治ステップ,1-3,https://www.meiji.co.jp/meiji-eiyoucare/products/nutritionfood/meibalance/cmp/close2606/,https://www.meiji.co.jp/meiji-eiyoucare/products/nutritionfood/meibalance/cmp/close2606/images/btn_map@2x.png,page_image,地図から取扱店舗を探す,,475.0,80.0,0,0.75,2026-09-14T17:55:03,"{""page_url"": ""https://www.meiji.co.jp/meiji-eiyoucare/products/nutritionfood/meibalance/cmp/close2606/""}"
700,35,明治,ステップ,明治ステップ,1-3,https://www.meiji.co.jp/meiji-eiyoucare/products/nutritionfood/meibalance/cmp/close2606/,https://www.meiji.co.jp/meiji-eiyoucare/products/nutritionfood/meibalance/cmp/close2606/images/period_total.svg,page_image,2026年6月1日(月)10:00 ～2026年10月1日(木)23:59 当日消印有効,,807.0,44.0,0,0.75,2026-09-14T17:55:03,"{""page_url"": ""https://www.meiji.co.jp/meiji-eiyoucare/products/nutritionfood/meibalance/cmp/close2606/""}"
701,35,明治,ステップ,明治ステップ,1-3,https://www.meiji.co.jp/meiji-eiyoucare/products/nutritionfood/meibalance/cmp/close2606/,https://www.meiji.co.jp/meiji-eiyoucare/products/nutritionfood/meibalance/cmp/close2606/images/period_separator.svg,banner_image,【第1弾】2026年6月1日(月) ～2026年6月30日(火)当日消印有効【第2弾】2026年7月1日(水)～2026年7月31日(金)当日消印有効【第3弾】2026年8月1日(土)～2026年8月31日(月)当日消印有効【第4弾】2026年9月1日(火)～2026年10月1日(木)当日消印有効,,788.0,186.0,0,0.95,2026-09-14T17:55:03,"{""page_url"": ""https://www.meiji.co.jp/meiji-eiyoucare/products/nutritionfood/meibalance/cmp/close2606/""}"
702,35,明治,ステップ,明治ステップ,1-3,https://www.meiji.co.jp/meiji-eiyoucare/products/nutritionfood/meibalance/cmp/close2606/,https://www.meiji.co.jp/meiji-eiyoucare/products/nutritionfood/meibalance/cmp/close2606/images/period_receipt.svg,page_image,レシート有効期間：2026年6月2日（月）～2026年9月30日（火）,,725.0,40.0,0,0.75,2026-09-14T17:55:03,"{""page_url"": ""https://www.meiji.co.jp/meiji-eiyoucare/products/nutritionfood/meibalance/cmp/close2606/""}"
703,35,明治,ステップ,明治ステップ,1-3,https://www.meiji.co.jp/meiji-eiyoucare/products/nutritionfood/meibalance/cmp/close2606/,https://www.meiji.co.jp/meiji-eiyoucare/products/nutritionfood/meibalance/cmp/close2606/images/apply_step1.svg,page_image,step1,,163.0,205.0,0,0.75,2026-09-14T17:55:03,"{""page_url"": ""https://www.meiji.co.jp/meiji-eiyoucare/products/nutritionfood/meibalance/cmp/close2606/""}"
704,35,明治,ステップ,明治ステップ,1-3,https://www.meiji.co.jp/meiji-eiyoucare/products/nutritionfood/meibalance/cmp/close2606/,https://www.meiji.co.jp/meiji-eiyoucare/products/nutritionfood/meibalance/cmp/close2606/images/apply_step2.svg,page_image,step2,,163.0,206.0,0,0.75,2026-09-14T17:55:03,"{""page_url"": ""https://www.meiji.co.jp/meiji-eiyoucare/products/nutritionfood/meibalance/cmp/close2606/""}"
705,35,明治,ステップ,明治ステップ,1-3,https://www.meiji.co.jp/meiji-eiyoucare/products/nutritionfood/meibalance/cmp/close2606/,https://www.meiji.co.jp/meiji-eiyoucare/products/nutritionfood/meibalance/cmp/close2606/images/apply_step3.svg,page_image,step3,,163.0,206.0,0,0.75,2026-09-14T17:55:03,"{""page_url"": ""https://www.meiji.co.jp/meiji-eiyoucare/products/nutritionfood/meibalance/cmp/close2606/""}"
706,35,明治,ステップ,明治ステップ,1-3,https://www.meiji.co.jp/meiji-eiyoucare/products/nutritionfood/meibalance/cmp/close2606/,https://www.meiji.co.jp/meiji-eiyoucare/products/nutritionfood/meibalance/cmp/close2606/images/apply_postcard.svg,page_image,応募専用はがき,,316.0,200.0,0,0.75,2026-09-14T17:55:03,"{""page_url"": ""https://www.meiji.co.jp/meiji-eiyoucare/products/nutritionfood/meibalance/cmp/close2606/""}"
707,35,明治,ステップ,明治ステップ,1-3,https://www.meiji.co.jp/meiji-eiyoucare/products/nutritionfood/meibalance/cmp/close2606/,https://www.meiji.co.jp/meiji-eiyoucare/products/nutritionfood/meibalance/cmp/close2606/images/btn_pagetop01.png,page_image,pagetop,,,,0,0.75,2026-09-14T17:55:03,"{""page_url"": ""https://www.meiji.co.jp/meiji-eiyoucare/products/nutritionfood/meibalance/cmp/close2606/""}"
708,35,明治,ステップ,明治ステップ,1-3,https://www.meiji.co.jp/meiji-eiyoucare/products/nutritionfood/meibalance/cmp/close2606/,https://www.meiji.co.jp/assets/img/icons/pagetop.svg,page_image,ページの先頭へ,,,,0,0.5,2026-09-14T17:55:03,"{""page_url"": ""https://www.meiji.co.jp/meiji-eiyoucare/products/nutritionfood/meibalance/cmp/close2606/""}"
709,35,明治,ステップ,明治ステップ,1-3,https://www.meiji.co.jp/meiji-eiyoucare/products/nutritionfood/meibalance/cmp/close2606/,https://www.meiji.co.jp/assets/img/icons/facebook.svg,page_image,Facebook（新しいウィンドウ）,,28.0,29.0,0,0.5,2026-09-14T17:55:03,"{""page_url"": ""https://www.meiji.co.jp/meiji-eiyoucare/products/nutritionfood/meibalance/cmp/close2606/""}"
710,35,明治,ステップ,明治ステップ,1-3,https://www.meiji.co.jp/meiji-eiyoucare/products/nutritionfood/meibalance/cmp/close2606/,https://www.meiji.co.jp/assets/img/icons/twitter.svg,page_image,X（新しいウィンドウ）,,28.0,28.0,0,0.5,2026-09-14T17:55:03,"{""page_url"": ""https://www.meiji.co.jp/meiji-eiyoucare/products/nutritionfood/meibalance/cmp/close2606/""}"
711,35,明治,ステップ,明治ステップ,1-3,https://www.meiji.co.jp/meiji-eiyoucare/products/nutritionfood/meibalance/cmp/close2606/,https://www.meiji.co.jp/assets/img/icons/line.svg,page_image,LINE（新しいウィンドウ）,,28.0,28.0,0,0.5,2026-09-14T17:55:03,"{""page_url"": ""https://www.meiji.co.jp/meiji-eiyoucare/products/nutritionfood/meibalance/cmp/close2606/""}"
712,35,明治,ステップ,明治ステップ,1-3,https://www.meiji.co.jp/meiji-eiyoucare/products/nutritionfood/meibalance/cmp/close2606/,https://www.meiji.co.jp/assets/img/icons/logo_note.svg,page_image,note（新しいウィンドウ）,,29.0,29.0,0,0.5,2026-09-14T17:55:03,"{""page_url"": ""https://www.meiji.co.jp/meiji-eiyoucare/products/nutritionfood/meibalance/cmp/close2606/""}"
713,35,明治,ステップ,明治ステップ,1-3,https://www.meiji.co.jp/meiji-eiyoucare/products/nutritionfood/meibalance/cmp/close2606/,https://www.meiji.co.jp/assets/img/icons/youtube.svg,page_image,YouTube（新しいウィンドウ）,,36.0,25.0,0,0.5,2026-09-14T17:55:03,"{""page_url"": ""https://www.meiji.co.jp/meiji-eiyoucare/products/nutritionfood/meibalance/cmp/close2606/""}"
714,35,明治,ステップ,明治ステップ,1-3,https://www.meiji.co.jp/meiji-eiyoucare/products/nutritionfood/meibalance/cmp/close2606/,https://www.meiji.co.jp/assets/img/structures/name_white.svg,page_image,株式会社明治,,151.0,22.0,0,0.5,2026-09-14T17:55:03,"{""page_url"": ""https://www.meiji.co.jp/meiji-eiyoucare/products/nutritionfood/meibalance/cmp/close2606/""}"
715,35,明治,ステップ,明治ステップ,1-3,https://www.meiji.co.jp/meiji-eiyoucare/products/nutritionfood/meibalance/cmp/close2606/,https://www.meiji.co.jp/campaign,landing_page,,キャンペーンTOP,,,1,0.75,2026-09-14T17:55:03,"{""page_url"": ""https://www.meiji.co.jp/meiji-eiyoucare/products/nutritionfood/meibalance/cmp/close2606/""}"
716,35,明治,ステップ,明治ステップ,1-3,https://www.meiji.co.jp/meiji-eiyoucare/products/nutritionfood/meibalance/cmp/close2606/,https://campaign.meiji.co.jp/,landing_page,,明治会員ID限定キャンペーン,,,1,0.75,2026-09-14T17:55:03,"{""page_url"": ""https://www.meiji.co.jp/meiji-eiyoucare/products/nutritionfood/meibalance/cmp/close2606/""}"
717,35,明治,ステップ,明治ステップ,1-3,https://www.meiji.co.jp/meiji-eiyoucare/products/nutritionfood/meibalance/cmp/close2606/,https://www.meiji.co.jp/learned,landing_page,,体験・学ぶ,,,1,0.75,2026-09-14T17:55:03,"{""page_url"": ""https://www.meiji.co.jp/meiji-eiyoucare/products/nutritionfood/meibalance/cmp/close2606/""}"
718,35,明治,ステップ,明治ステップ,1-3,https://www.meiji.co.jp/meiji-eiyoucare/products/nutritionfood/meibalance/cmp/close2606/,https://search.meiji.co.jp/?kw=キャンペーン&ie=u,landing_page,,キャンペーン,,,1,0.75,2026-09-14T17:55:03,"{""page_url"": ""https://www.meiji.co.jp/meiji-eiyoucare/products/nutritionfood/meibalance/cmp/close2606/""}"
719,35,明治,ステップ,明治ステップ,1-3,https://www.meiji.co.jp/meiji-eiyoucare/products/nutritionfood/meibalance/cmp/close2606/,https://www.meiji.co.jp/meiji-eiyoucare/products/nutritionfood/meibalance/cmp/close2606,landing_page,,当選賞品,,,1,0.75,2026-09-14T17:55:03,"{""page_url"": ""https://www.meiji.co.jp/meiji-eiyoucare/products/nutritionfood/meibalance/cmp/close2606/""}"
724,35,明治,ステップ,明治ステップ,1-3,https://www.meiji.co.jp/meiji-eiyoucare/products/nutritionfood/meibalance/cmp/close2606/,https://line.me/R/ti/p/@499igiwl,landing_page,,LINEから応募する,,,1,0.75,2026-09-14T17:55:03,"{""page_url"": ""https://www.meiji.co.jp/meiji-eiyoucare/products/nutritionfood/meibalance/cmp/close2606/""}"
725,35,明治,ステップ,明治ステップ,1-3,https://www.meiji.co.jp/meiji-eiyoucare/products/nutritionfood/meibalance/cmp/close2606/,https://www.meiji.co.jp/meiji-eiyoucare/products/nutritionfood/meibalance/cmp/close2606/pdf/postcard.pdf,landing_page,,応募専用はがきを ダウンロード,,,1,0.75,2026-09-14T17:55:03,"{""page_url"": ""https://www.meiji.co.jp/meiji-eiyoucare/products/nutritionfood/meibalance/cmp/close2606/""}"
726,35,明治,ステップ,明治ステップ,1-3,https://www.meiji.co.jp/meiji-eiyoucare/products/nutritionfood/meibalance/cmp/close2606/,https://help.line.me/line?lang=ja&contentId=10002433,landing_page,,https://help.line.me/line/?lang=ja&contentId=10002433,,,1,0.75,2026-09-14T17:55:03,"{""page_url"": ""https://www.meiji.co.jp/meiji-eiyoucare/products/nutritionfood/meibalance/cmp/close2606/""}"
729,45,森永乳業,はぐくみ,森永はぐくみ,0-1,https://www.hagukumi.ne.jp/products/hagukumi/,https://ssl.hagukumi.ne.jp/shared_re/img/ogp.png,og_image,,OG/Twitter preview image,,,0,0.85,2026-09-14T17:55:04,"{""page_url"": ""https://www.hagukumi.ne.jp/products/hagukumi/""}"
730,45,森永乳業,はぐくみ,森永はぐくみ,0-1,https://www.hagukumi.ne.jp/products/hagukumi/,https://ssl.hagukumi.ne.jp/shared_re/img/ogp.png,twitter_image,,OG/Twitter preview image,,,0,0.85,2026-09-14T17:55:04,"{""page_url"": ""https://www.hagukumi.ne.jp/products/hagukumi/""}"
731,45,森永乳業,はぐくみ,森永はぐくみ,0-1,https://www.hagukumi.ne.jp/products/hagukumi/,https://www.hagukumi.ne.jp/shared_re/img/product/product01/kv.png,banner_image,,,,,0,0.7,2026-09-14T17:55:04,"{""page_url"": ""https://www.hagukumi.ne.jp/products/hagukumi/""}"
732,45,森永乳業,はぐくみ,森永はぐくみ,0-1,https://www.hagukumi.ne.jp/products/hagukumi/,https://www.hagukumi.ne.jp/shared_re/img/product/product01/product_image14.png,page_image,,,,,0,0.45,2026-09-14T17:55:04,"{""page_url"": ""https://www.hagukumi.ne.jp/products/hagukumi/""}"
733,45,森永乳業,はぐくみ,森永はぐくみ,0-1,https://www.hagukumi.ne.jp/products/hagukumi/,https://www.hagukumi.ne.jp/shared_re/img/product/product01/product_ico01.png,page_image,,,,,0,0.45,2026-09-14T17:55:04,"{""page_url"": ""https://www.hagukumi.ne.jp/products/hagukumi/""}"
734,45,森永乳業,はぐくみ,森永はぐくみ,0-1,https://www.hagukumi.ne.jp/products/hagukumi/,https://www.hagukumi.ne.jp/shared_re/img/product/product01/product_image02_01.png,page_image,,,,,0,0.45,2026-09-14T17:55:04,"{""page_url"": ""https://www.hagukumi.ne.jp/products/hagukumi/""}"
735,45,森永乳業,はぐくみ,森永はぐくみ,0-1,https://www.hagukumi.ne.jp/products/hagukumi/,https://www.hagukumi.ne.jp/shared_re/img/product/product01/product_image02_02.png,page_image,,,,,0,0.45,2026-09-14T17:55:04,"{""page_url"": ""https://www.hagukumi.ne.jp/products/hagukumi/""}"
736,45,森永乳業,はぐくみ,森永はぐくみ,0-1,https://www.hagukumi.ne.jp/products/hagukumi/,https://www.hagukumi.ne.jp/shared_re/img/product/product01/product_image01.png,page_image,,,,,0,0.45,2026-09-14T17:55:04,"{""page_url"": ""https://www.hagukumi.ne.jp/products/hagukumi/""}"
737,45,森永乳業,はぐくみ,森永はぐくみ,0-1,https://www.hagukumi.ne.jp/products/hagukumi/,https://www.hagukumi.ne.jp/shared_re/img/product/product01/product_image01_01.png,page_image,,,,,0,0.45,2026-09-14T17:55:04,"{""page_url"": ""https://www.hagukumi.ne.jp/products/hagukumi/""}"
738,45,森永乳業,はぐくみ,森永はぐくみ,0-1,https://www.hagukumi.ne.jp/products/hagukumi/,https://www.hagukumi.ne.jp/shared_re/img/product/product01/product_image01_03.png,page_image,,,,,0,0.45,2026-09-14T17:55:04,"{""page_url"": ""https://www.hagukumi.ne.jp/products/hagukumi/""}"
739,45,森永乳業,はぐくみ,森永はぐくみ,0-1,https://www.hagukumi.ne.jp/products/hagukumi/,https://www.hagukumi.ne.jp/shared_re/img/product/product01/product_image03.png,page_image,,,,,0,0.45,2026-09-14T17:55:04,"{""page_url"": ""https://www.hagukumi.ne.jp/products/hagukumi/""}"
740,45,森永乳業,はぐくみ,森永はぐくみ,0-1,https://www.hagukumi.ne.jp/products/hagukumi/,https://www.hagukumi.ne.jp/shared_re/img/product/product01/product_image03_01.png,page_image,,,,,0,0.45,2026-09-14T17:55:04,"{""page_url"": ""https://www.hagukumi.ne.jp/products/hagukumi/""}"
741,45,森永乳業,はぐくみ,森永はぐくみ,0-1,https://www.hagukumi.ne.jp/products/hagukumi/,https://www.hagukumi.ne.jp/shared_re/img/product/product01/product_image06.png,page_image,,,,,0,0.45,2026-09-14T17:55:04,"{""page_url"": ""https://www.hagukumi.ne.jp/products/hagukumi/""}"
742,45,森永乳業,はぐくみ,森永はぐくみ,0-1,https://www.hagukumi.ne.jp/products/hagukumi/,https://www.hagukumi.ne.jp/shared_re/img/product/product01/product_image07.png,page_image,,,,,0,0.45,2026-09-14T17:55:04,"{""page_url"": ""https://www.hagukumi.ne.jp/products/hagukumi/""}"
743,45,森永乳業,はぐくみ,森永はぐくみ,0-1,https://www.hagukumi.ne.jp/products/hagukumi/,https://www.hagukumi.ne.jp/shared_re/img/product/product01/product_image08.png,page_image,,,,,0,0.45,2026-09-14T17:55:04,"{""page_url"": ""https://www.hagukumi.ne.jp/products/hagukumi/""}"
744,45,森永乳業,はぐくみ,森永はぐくみ,0-1,https://www.hagukumi.ne.jp/products/hagukumi/,https://www.hagukumi.ne.jp/shared_re/img/product/product01/product_image09.png,page_image,,,,,0,0.45,2026-09-14T17:55:04,"{""page_url"": ""https://www.hagukumi.ne.jp/products/hagukumi/""}"
745,45,森永乳業,はぐくみ,森永はぐくみ,0-1,https://www.hagukumi.ne.jp/products/hagukumi/,https://www.hagukumi.ne.jp/shared_re/img/product/product01/product_image10.png,page_image,,,,,0,0.45,2026-09-14T17:55:04,"{""page_url"": ""https://www.hagukumi.ne.jp/products/hagukumi/""}"
746,45,森永乳業,はぐくみ,森永はぐくみ,0-1,https://www.hagukumi.ne.jp/products/hagukumi/,https://www.hagukumi.ne.jp/shared_re/img/product/product01/product_image11.png,page_image,,,,,0,0.45,2026-09-14T17:55:04,"{""page_url"": ""https://www.hagukumi.ne.jp/products/hagukumi/""}"
747,45,森永乳業,はぐくみ,森永はぐくみ,0-1,https://www.hagukumi.ne.jp/products/hagukumi/,https://www.hagukumi.ne.jp/shared_re/img/product/product01/product_image12.png,page_image,,,,,0,0.45,2026-09-14T17:55:04,"{""page_url"": ""https://www.hagukumi.ne.jp/products/hagukumi/""}"
748,45,森永乳業,はぐくみ,森永はぐくみ,0-1,https://www.hagukumi.ne.jp/products/hagukumi/,https://www.hagukumi.ne.jp/shared_re/img/product/product01/product_image13.png,page_image,,,,,0,0.45,2026-09-14T17:55:04,"{""page_url"": ""https://www.hagukumi.ne.jp/products/hagukumi/""}"
749,45,森永乳業,はぐくみ,森永はぐくみ,0-1,https://www.hagukumi.ne.jp/products/hagukumi/,https://www.hagukumi.ne.jp/shared_re/img/common/btn_online07.png,page_image,amazon.co.jp,,,,0,0.5,2026-09-14T17:55:04,"{""page_url"": ""https://www.hagukumi.ne.jp/products/hagukumi/""}"
750,45,森永乳業,はぐくみ,森永はぐくみ,0-1,https://www.hagukumi.ne.jp/products/hagukumi/,https://www.hagukumi.ne.jp/shared_re/img/common/btn_online02.png,page_image,アカチャンホンポ,,,,0,0.5,2026-09-14T17:55:04,"{""page_url"": ""https://www.hagukumi.ne.jp/products/hagukumi/""}"
751,45,森永乳業,はぐくみ,森永はぐくみ,0-1,https://www.hagukumi.ne.jp/products/hagukumi/,https://www.hagukumi.ne.jp/shared_re/img/common/btn_online08.png,page_image,BABIESRUS,,,,0,0.5,2026-09-14T17:55:04,"{""page_url"": ""https://www.hagukumi.ne.jp/products/hagukumi/""}"
752,45,森永乳業,はぐくみ,森永はぐくみ,0-1,https://www.hagukumi.ne.jp/products/hagukumi/,https://www.hagukumi.ne.jp/shared_re/img/common/btn_online10.png,page_image,Rakuten 24,,,,0,0.5,2026-09-14T17:55:04,"{""page_url"": ""https://www.hagukumi.ne.jp/products/hagukumi/""}"
753,45,森永乳業,はぐくみ,森永はぐくみ,0-1,https://www.hagukumi.ne.jp/products/hagukumi/,https://www.hagukumi.ne.jp/shared_re/img/common/btn_online09.png,page_image,Rakuten 24,,,,0,0.5,2026-09-14T17:55:04,"{""page_url"": ""https://www.hagukumi.ne.jp/products/hagukumi/""}"
754,45,森永乳業,はぐくみ,森永はぐくみ,0-1,https://www.hagukumi.ne.jp/products/hagukumi/,https://www.hagukumi.ne.jp/shared_re/img/column/thumbnail_columns_010.png,page_image,粉ミルクの主な成分とは？母乳成分との違いや選び方を解説,,262.0,262.0,0,0.5,2026-09-14T17:55:04,"{""page_url"": ""https://www.hagukumi.ne.jp/products/hagukumi/""}"
755,45,森永乳業,はぐくみ,森永はぐくみ,0-1,https://www.hagukumi.ne.jp/products/hagukumi/,https://www.hagukumi.ne.jp/shared_re/img/column/thumbnail_columns_011.png,page_image,ミルクに含まれる新生児に必要な栄養素とその働きとは？,,262.0,262.0,0,0.5,2026-09-14T17:55:04,"{""page_url"": ""https://www.hagukumi.ne.jp/products/hagukumi/""}"
756,45,森永乳業,はぐくみ,森永はぐくみ,0-1,https://www.hagukumi.ne.jp/products/hagukumi/,https://www.hagukumi.ne.jp/shared_re/img/column/thumbnail_columns_006.png,page_image,アレルギー 乳児期のミルクアレルギー,,262.0,262.0,0,0.5,2026-09-14T17:55:04,"{""page_url"": ""https://www.hagukumi.ne.jp/products/hagukumi/""}"
757,45,森永乳業,はぐくみ,森永はぐくみ,0-1,https://www.hagukumi.ne.jp/products/hagukumi/,https://kenko.morinagamilk.co.jp/products/detail/1014,landing_page,,,,,1,0.75,2026-09-14T17:55:04,"{""page_url"": ""https://www.hagukumi.ne.jp/products/hagukumi/""}"
758,66,アサヒグループ食品／和光堂,はいはい,レーベンスミルク はいはい,0-1,https://www.wakodo.co.jp/product/babyfood/milk/haihai/,https://www.wakodo.co.jp/og.jpg,og_image,,OG/Twitter preview image,,,0,0.85,2026-09-14T17:55:05,"{""page_url"": ""https://www.wakodo.co.jp/product/babyfood/milk/haihai/""}"
759,66,アサヒグループ食品／和光堂,はいはい,レーベンスミルク はいはい,0-1,https://www.wakodo.co.jp/product/babyfood/milk/haihai/,https://www.wakodo.co.jp/common/header-2018/images/sp/logo.png,page_image,,,,,0,0.45,2026-09-14T17:55:05,"{""page_url"": ""https://www.wakodo.co.jp/product/babyfood/milk/haihai/""}"
760,66,アサヒグループ食品／和光堂,はいはい,レーベンスミルク はいはい,0-1,https://www.wakodo.co.jp/product/babyfood/milk/haihai/,https://www.wakodo.co.jp/common/header-2018/images/logo.png,page_image,和光堂 ずっと、赤ちゃん品質,,,,0,0.5,2026-09-14T17:55:05,"{""page_url"": ""https://www.wakodo.co.jp/product/babyfood/milk/haihai/""}"
761,66,アサヒグループ食品／和光堂,はいはい,レーベンスミルク はいはい,0-1,https://www.wakodo.co.jp/product/babyfood/milk/haihai/,https://www.wakodo.co.jp/common/header-2018/images/sp/nav-01.png,page_image,,,,,0,0.45,2026-09-14T17:55:05,"{""page_url"": ""https://www.wakodo.co.jp/product/babyfood/milk/haihai/""}"
762,66,アサヒグループ食品／和光堂,はいはい,レーベンスミルク はいはい,0-1,https://www.wakodo.co.jp/product/babyfood/milk/haihai/,https://www.wakodo.co.jp/common/header-2018/images/nav-01.png,page_image,商品情報,,,,0,0.5,2026-09-14T17:55:05,"{""page_url"": ""https://www.wakodo.co.jp/product/babyfood/milk/haihai/""}"
763,66,アサヒグループ食品／和光堂,はいはい,レーベンスミルク はいはい,0-1,https://www.wakodo.co.jp/product/babyfood/milk/haihai/,https://www.wakodo.co.jp/common/header-2018/images/sp/nav-02.png,page_image,,,,,0,0.45,2026-09-14T17:55:05,"{""page_url"": ""https://www.wakodo.co.jp/product/babyfood/milk/haihai/""}"
764,66,アサヒグループ食品／和光堂,はいはい,レーベンスミルク はいはい,0-1,https://www.wakodo.co.jp/product/babyfood/milk/haihai/,https://www.wakodo.co.jp/common/header-2018/images/nav-02.png,page_image,月齢で探す,,,,0,0.5,2026-09-14T17:55:05,"{""page_url"": ""https://www.wakodo.co.jp/product/babyfood/milk/haihai/""}"
765,66,アサヒグループ食品／和光堂,はいはい,レーベンスミルク はいはい,0-1,https://www.wakodo.co.jp/product/babyfood/milk/haihai/,https://www.wakodo.co.jp/common/header-2018/images/sp/nav-03.png,page_image,,,,,0,0.45,2026-09-14T17:55:05,"{""page_url"": ""https://www.wakodo.co.jp/product/babyfood/milk/haihai/""}"
766,66,アサヒグループ食品／和光堂,はいはい,レーベンスミルク はいはい,0-1,https://www.wakodo.co.jp/product/babyfood/milk/haihai/,https://www.wakodo.co.jp/common/header-2018/images/nav-03.png,page_image,キャンペーン情報,,,,0,0.5,2026-09-14T17:55:05,"{""page_url"": ""https://www.wakodo.co.jp/product/babyfood/milk/haihai/""}"
767,66,アサヒグループ食品／和光堂,はいはい,レーベンスミルク はいはい,0-1,https://www.wakodo.co.jp/product/babyfood/milk/haihai/,https://www.wakodo.co.jp/common/header-2018/images/nav-04.png,page_image,和光堂ストーリー,,,,0,0.5,2026-09-14T17:55:05,"{""page_url"": ""https://www.wakodo.co.jp/product/babyfood/milk/haihai/""}"
768,66,アサヒグループ食品／和光堂,はいはい,レーベンスミルク はいはい,0-1,https://www.wakodo.co.jp/product/babyfood/milk/haihai/,https://www.wakodo.co.jp/common/header-2018/images/sp/nav-05.png,page_image,,,,,0,0.45,2026-09-14T17:55:05,"{""page_url"": ""https://www.wakodo.co.jp/product/babyfood/milk/haihai/""}"
769,66,アサヒグループ食品／和光堂,はいはい,レーベンスミルク はいはい,0-1,https://www.wakodo.co.jp/product/babyfood/milk/haihai/,https://www.wakodo.co.jp/common/header-2018/images/nav-05.png,page_image,品質へのこだわり,,,,0,0.5,2026-09-14T17:55:05,"{""page_url"": ""https://www.wakodo.co.jp/product/babyfood/milk/haihai/""}"
770,66,アサヒグループ食品／和光堂,はいはい,レーベンスミルク はいはい,0-1,https://www.wakodo.co.jp/product/babyfood/milk/haihai/,https://www.wakodo.co.jp/common/header-2018/images/sp/nav-06.png,page_image,,,,,0,0.45,2026-09-14T17:55:05,"{""page_url"": ""https://www.wakodo.co.jp/product/babyfood/milk/haihai/""}"
771,66,アサヒグループ食品／和光堂,はいはい,レーベンスミルク はいはい,0-1,https://www.wakodo.co.jp/product/babyfood/milk/haihai/,https://www.wakodo.co.jp/common/header-2018/images/nav-06.png,page_image,原材料情報,,,,0,0.5,2026-09-14T17:55:05,"{""page_url"": ""https://www.wakodo.co.jp/product/babyfood/milk/haihai/""}"
772,66,アサヒグループ食品／和光堂,はいはい,レーベンスミルク はいはい,0-1,https://www.wakodo.co.jp/product/babyfood/milk/haihai/,https://www.wakodo.co.jp/common/header-2018/images/nav-shop.png,page_image,取扱店舗検索,,,,0,0.5,2026-09-14T17:55:05,"{""page_url"": ""https://www.wakodo.co.jp/product/babyfood/milk/haihai/""}"
773,66,アサヒグループ食品／和光堂,はいはい,レーベンスミルク はいはい,0-1,https://www.wakodo.co.jp/product/babyfood/milk/haihai/,https://www.wakodo.co.jp/common/header-2018/images/nav-07.png,page_image,わこちゃんカフェ,,,,0,0.5,2026-09-14T17:55:05,"{""page_url"": ""https://www.wakodo.co.jp/product/babyfood/milk/haihai/""}"
774,66,アサヒグループ食品／和光堂,はいはい,レーベンスミルク はいはい,0-1,https://www.wakodo.co.jp/product/babyfood/milk/haihai/,https://www.wakodo.co.jp/product/image/haihai_main.jpg,banner_image,,,,,0,0.7,2026-09-14T17:55:05,"{""page_url"": ""https://www.wakodo.co.jp/product/babyfood/milk/haihai/""}"
775,66,アサヒグループ食品／和光堂,はいはい,レーベンスミルク はいはい,0-1,https://www.wakodo.co.jp/product/babyfood/milk/haihai/,https://www.wakodo.co.jp/product/common/images/pc_btn_item_brandsite.gif,page_image,,,,,0,0.45,2026-09-14T17:55:05,"{""page_url"": ""https://www.wakodo.co.jp/product/babyfood/milk/haihai/""}"
776,66,アサヒグループ食品／和光堂,はいはい,レーベンスミルク はいはい,0-1,https://www.wakodo.co.jp/product/babyfood/milk/haihai/,https://www.wakodo.co.jp/product/common/images/sp_btn_item_brandsite.gif,page_image,,,,,0,0.45,2026-09-14T17:55:05,"{""page_url"": ""https://www.wakodo.co.jp/product/babyfood/milk/haihai/""}"
777,66,アサヒグループ食品／和光堂,はいはい,レーベンスミルク はいはい,0-1,https://www.wakodo.co.jp/product/babyfood/milk/haihai/,https://www.wakodo.co.jp/product/common/images/pc_btn_item_sozai.gif,page_image,原材料名 一覧,,,,0,0.5,2026-09-14T17:55:05,"{""page_url"": ""https://www.wakodo.co.jp/product/babyfood/milk/haihai/""}"
778,66,アサヒグループ食品／和光堂,はいはい,レーベンスミルク はいはい,0-1,https://www.wakodo.co.jp/product/babyfood/milk/haihai/,https://www.wakodo.co.jp/product/common/images/sp_btn_item_sozai.gif,page_image,原材料名 一覧,,,,0,0.5,2026-09-14T17:55:05,"{""page_url"": ""https://www.wakodo.co.jp/product/babyfood/milk/haihai/""}"
779,66,アサヒグループ食品／和光堂,はいはい,レーベンスミルク はいはい,0-1,https://www.wakodo.co.jp/product/babyfood/milk/haihai/,https://www.wakodo.co.jp/product/common/images/pc_btn_item_nutrition.gif,page_image,栄養成分 一覧,,,,0,0.5,2026-09-14T17:55:05,"{""page_url"": ""https://www.wakodo.co.jp/product/babyfood/milk/haihai/""}"
780,66,アサヒグループ食品／和光堂,はいはい,レーベンスミルク はいはい,0-1,https://www.wakodo.co.jp/product/babyfood/milk/haihai/,https://www.wakodo.co.jp/product/common/images/sp_btn_item_nutrition.gif,page_image,栄養成分 一覧,,,,0,0.5,2026-09-14T17:55:05,"{""page_url"": ""https://www.wakodo.co.jp/product/babyfood/milk/haihai/""}"
781,66,アサヒグループ食品／和光堂,はいはい,レーベンスミルク はいはい,0-1,https://www.wakodo.co.jp/product/babyfood/milk/haihai/,https://www.wakodo.co.jp/product/common/images/pc_btn_item_allergen02.gif,page_image,アレルゲン情報 一覧,,,,0,0.5,2026-09-14T17:55:05,"{""page_url"": ""https://www.wakodo.co.jp/product/babyfood/milk/haihai/""}"
782,66,アサヒグループ食品／和光堂,はいはい,レーベンスミルク はいはい,0-1,https://www.wakodo.co.jp/product/babyfood/milk/haihai/,https://www.wakodo.co.jp/product/common/images/sp_btn_item_allergen02.gif,page_image,アレルゲン情報 一覧,,,,0,0.5,2026-09-14T17:55:05,"{""page_url"": ""https://www.wakodo.co.jp/product/babyfood/milk/haihai/""}"
783,66,アサヒグループ食品／和光堂,はいはい,レーベンスミルク はいはい,0-1,https://www.wakodo.co.jp/product/babyfood/milk/haihai/,https://www.wakodo.co.jp/product/image/pdt/40195860.jpg,page_image,,,,,0,0.45,2026-09-14T17:55:05,"{""page_url"": ""https://www.wakodo.co.jp/product/babyfood/milk/haihai/""}"
784,66,アサヒグループ食品／和光堂,はいはい,レーベンスミルク はいはい,0-1,https://www.wakodo.co.jp/product/babyfood/milk/haihai/,https://www.wakodo.co.jp/product/common/images/pc_btn_item_osusume.gif,page_image,,,,,0,0.45,2026-09-14T17:55:05,"{""page_url"": ""https://www.wakodo.co.jp/product/babyfood/milk/haihai/""}"
785,66,アサヒグループ食品／和光堂,はいはい,レーベンスミルク はいはい,0-1,https://www.wakodo.co.jp/product/babyfood/milk/haihai/,https://www.wakodo.co.jp/product/common/images/sp_btn_item_osusume.gif,page_image,,,,,0,0.45,2026-09-14T17:55:05,"{""page_url"": ""https://www.wakodo.co.jp/product/babyfood/milk/haihai/""}"
786,66,アサヒグループ食品／和光堂,はいはい,レーベンスミルク はいはい,0-1,https://www.wakodo.co.jp/product/babyfood/milk/haihai/,https://www.wakodo.co.jp/product/image/pdt/40195870.jpg,page_image,,,,,0,0.45,2026-09-14T17:55:05,"{""page_url"": ""https://www.wakodo.co.jp/product/babyfood/milk/haihai/""}"
787,66,アサヒグループ食品／和光堂,はいはい,レーベンスミルク はいはい,0-1,https://www.wakodo.co.jp/product/babyfood/milk/haihai/,https://www.wakodo.co.jp/product/image/pdt/40195880.jpg,page_image,,,,,0,0.45,2026-09-14T17:55:05,"{""page_url"": ""https://www.wakodo.co.jp/product/babyfood/milk/haihai/""}"
788,66,アサヒグループ食品／和光堂,はいはい,レーベンスミルク はいはい,0-1,https://www.wakodo.co.jp/product/babyfood/milk/haihai/,https://www.wakodo.co.jp/product/common/images/submenu_icon_com_01.gif,page_image,,,,,0,0.45,2026-09-14T17:55:05,"{""page_url"": ""https://www.wakodo.co.jp/product/babyfood/milk/haihai/""}"
789,66,アサヒグループ食品／和光堂,はいはい,レーベンスミルク はいはい,0-1,https://www.wakodo.co.jp/product/babyfood/milk/haihai/,https://www.wakodo.co.jp/product/images/bnr_wakotyan.png,banner_image,,,,,0,0.7,2026-09-14T17:55:05,"{""page_url"": ""https://www.wakodo.co.jp/product/babyfood/milk/haihai/""}"
790,66,アサヒグループ食品／和光堂,はいはい,レーベンスミルク はいはい,0-1,https://www.wakodo.co.jp/product/babyfood/milk/haihai/,https://www.wakodo.co.jp/common/images/pagetop.png,page_image,TOP,,,,0,0.5,2026-09-14T17:55:05,"{""page_url"": ""https://www.wakodo.co.jp/product/babyfood/milk/haihai/""}"
791,66,アサヒグループ食品／和光堂,はいはい,レーベンスミルク はいはい,0-1,https://www.wakodo.co.jp/product/babyfood/milk/haihai/,https://www.wakodo.co.jp/common/images/logo_agf_blue.png,page_image,アサヒグループ食品,,,30.0,0,0.5,2026-09-14T17:55:05,"{""page_url"": ""https://www.wakodo.co.jp/product/babyfood/milk/haihai/""}"
792,66,アサヒグループ食品／和光堂,はいはい,レーベンスミルク はいはい,0-1,https://www.wakodo.co.jp/product/babyfood/milk/haihai/,https://www.wakodo.co.jp/campaign,landing_page,,キャンペーン情報,,,1,0.75,2026-09-14T17:55:05,"{""page_url"": ""https://www.wakodo.co.jp/product/babyfood/milk/haihai/""}"
793,67,アサヒグループ食品／和光堂,ぐんぐん,フォローアップミルク ぐんぐん,1-3,https://www.wakodo.co.jp/product/babyfood/milk/gungun/,https://www.wakodo.co.jp/og.jpg,og_image,,OG/Twitter preview image,,,0,0.85,2026-09-14T17:55:05,"{""page_url"": ""https://www.wakodo.co.jp/product/babyfood/milk/gungun/""}"
794,67,アサヒグループ食品／和光堂,ぐんぐん,フォローアップミルク ぐんぐん,1-3,https://www.wakodo.co.jp/product/babyfood/milk/gungun/,https://www.wakodo.co.jp/common/header-2018/images/sp/logo.png,page_image,,,,,0,0.45,2026-09-14T17:55:05,"{""page_url"": ""https://www.wakodo.co.jp/product/babyfood/milk/gungun/""}"
795,67,アサヒグループ食品／和光堂,ぐんぐん,フォローアップミルク ぐんぐん,1-3,https://www.wakodo.co.jp/product/babyfood/milk/gungun/,https://www.wakodo.co.jp/common/header-2018/images/logo.png,page_image,和光堂 ずっと、赤ちゃん品質,,,,0,0.5,2026-09-14T17:55:05,"{""page_url"": ""https://www.wakodo.co.jp/product/babyfood/milk/gungun/""}"
796,67,アサヒグループ食品／和光堂,ぐんぐん,フォローアップミルク ぐんぐん,1-3,https://www.wakodo.co.jp/product/babyfood/milk/gungun/,https://www.wakodo.co.jp/common/header-2018/images/sp/nav-01.png,page_image,,,,,0,0.45,2026-09-14T17:55:05,"{""page_url"": ""https://www.wakodo.co.jp/product/babyfood/milk/gungun/""}"
797,67,アサヒグループ食品／和光堂,ぐんぐん,フォローアップミルク ぐんぐん,1-3,https://www.wakodo.co.jp/product/babyfood/milk/gungun/,https://www.wakodo.co.jp/common/header-2018/images/nav-01.png,page_image,商品情報,,,,0,0.5,2026-09-14T17:55:05,"{""page_url"": ""https://www.wakodo.co.jp/product/babyfood/milk/gungun/""}"
798,67,アサヒグループ食品／和光堂,ぐんぐん,フォローアップミルク ぐんぐん,1-3,https://www.wakodo.co.jp/product/babyfood/milk/gungun/,https://www.wakodo.co.jp/common/header-2018/images/sp/nav-02.png,page_image,,,,,0,0.45,2026-09-14T17:55:05,"{""page_url"": ""https://www.wakodo.co.jp/product/babyfood/milk/gungun/""}"
799,67,アサヒグループ食品／和光堂,ぐんぐん,フォローアップミルク ぐんぐん,1-3,https://www.wakodo.co.jp/product/babyfood/milk/gungun/,https://www.wakodo.co.jp/common/header-2018/images/nav-02.png,page_image,月齢で探す,,,,0,0.5,2026-09-14T17:55:05,"{""page_url"": ""https://www.wakodo.co.jp/product/babyfood/milk/gungun/""}"
800,67,アサヒグループ食品／和光堂,ぐんぐん,フォローアップミルク ぐんぐん,1-3,https://www.wakodo.co.jp/product/babyfood/milk/gungun/,https://www.wakodo.co.jp/common/header-2018/images/sp/nav-03.png,page_image,,,,,0,0.45,2026-09-14T17:55:05,"{""page_url"": ""https://www.wakodo.co.jp/product/babyfood/milk/gungun/""}"
801,67,アサヒグループ食品／和光堂,ぐんぐん,フォローアップミルク ぐんぐん,1-3,https://www.wakodo.co.jp/product/babyfood/milk/gungun/,https://www.wakodo.co.jp/common/header-2018/images/nav-03.png,page_image,キャンペーン情報,,,,0,0.5,2026-09-14T17:55:05,"{""page_url"": ""https://www.wakodo.co.jp/product/babyfood/milk/gungun/""}"
802,67,アサヒグループ食品／和光堂,ぐんぐん,フォローアップミルク ぐんぐん,1-3,https://www.wakodo.co.jp/product/babyfood/milk/gungun/,https://www.wakodo.co.jp/common/header-2018/images/nav-04.png,page_image,和光堂ストーリー,,,,0,0.5,2026-09-14T17:55:05,"{""page_url"": ""https://www.wakodo.co.jp/product/babyfood/milk/gungun/""}"
803,67,アサヒグループ食品／和光堂,ぐんぐん,フォローアップミルク ぐんぐん,1-3,https://www.wakodo.co.jp/product/babyfood/milk/gungun/,https://www.wakodo.co.jp/common/header-2018/images/sp/nav-05.png,page_image,,,,,0,0.45,2026-09-14T17:55:05,"{""page_url"": ""https://www.wakodo.co.jp/product/babyfood/milk/gungun/""}"
804,67,アサヒグループ食品／和光堂,ぐんぐん,フォローアップミルク ぐんぐん,1-3,https://www.wakodo.co.jp/product/babyfood/milk/gungun/,https://www.wakodo.co.jp/common/header-2018/images/nav-05.png,page_image,品質へのこだわり,,,,0,0.5,2026-09-14T17:55:05,"{""page_url"": ""https://www.wakodo.co.jp/product/babyfood/milk/gungun/""}"
805,67,アサヒグループ食品／和光堂,ぐんぐん,フォローアップミルク ぐんぐん,1-3,https://www.wakodo.co.jp/product/babyfood/milk/gungun/,https://www.wakodo.co.jp/common/header-2018/images/sp/nav-06.png,page_image,,,,,0,0.45,2026-09-14T17:55:05,"{""page_url"": ""https://www.wakodo.co.jp/product/babyfood/milk/gungun/""}"
806,67,アサヒグループ食品／和光堂,ぐんぐん,フォローアップミルク ぐんぐん,1-3,https://www.wakodo.co.jp/product/babyfood/milk/gungun/,https://www.wakodo.co.jp/common/header-2018/images/nav-06.png,page_image,原材料情報,,,,0,0.5,2026-09-14T17:55:05,"{""page_url"": ""https://www.wakodo.co.jp/product/babyfood/milk/gungun/""}"
807,67,アサヒグループ食品／和光堂,ぐんぐん,フォローアップミルク ぐんぐん,1-3,https://www.wakodo.co.jp/product/babyfood/milk/gungun/,https://www.wakodo.co.jp/common/header-2018/images/nav-shop.png,page_image,取扱店舗検索,,,,0,0.5,2026-09-14T17:55:05,"{""page_url"": ""https://www.wakodo.co.jp/product/babyfood/milk/gungun/""}"
808,67,アサヒグループ食品／和光堂,ぐんぐん,フォローアップミルク ぐんぐん,1-3,https://www.wakodo.co.jp/product/babyfood/milk/gungun/,https://www.wakodo.co.jp/common/header-2018/images/nav-07.png,page_image,わこちゃんカフェ,,,,0,0.5,2026-09-14T17:55:05,"{""page_url"": ""https://www.wakodo.co.jp/product/babyfood/milk/gungun/""}"
809,67,アサヒグループ食品／和光堂,ぐんぐん,フォローアップミルク ぐんぐん,1-3,https://www.wakodo.co.jp/product/babyfood/milk/gungun/,https://www.wakodo.co.jp/product/image/gungun_main.jpg,banner_image,,,,,0,0.7,2026-09-14T17:55:05,"{""page_url"": ""https://www.wakodo.co.jp/product/babyfood/milk/gungun/""}"
810,67,アサヒグループ食品／和光堂,ぐんぐん,フォローアップミルク ぐんぐん,1-3,https://www.wakodo.co.jp/product/babyfood/milk/gungun/,https://www.wakodo.co.jp/product/common/images/pc_btn_item_brandsite.gif,page_image,,,,,0,0.45,2026-09-14T17:55:05,"{""page_url"": ""https://www.wakodo.co.jp/product/babyfood/milk/gungun/""}"
811,67,アサヒグループ食品／和光堂,ぐんぐん,フォローアップミルク ぐんぐん,1-3,https://www.wakodo.co.jp/product/babyfood/milk/gungun/,https://www.wakodo.co.jp/product/common/images/sp_btn_item_brandsite.gif,page_image,,,,,0,0.45,2026-09-14T17:55:05,"{""page_url"": ""https://www.wakodo.co.jp/product/babyfood/milk/gungun/""}"
812,67,アサヒグループ食品／和光堂,ぐんぐん,フォローアップミルク ぐんぐん,1-3,https://www.wakodo.co.jp/product/babyfood/milk/gungun/,https://www.wakodo.co.jp/product/common/images/pc_btn_item_sozai.gif,page_image,原材料名 一覧,,,,0,0.5,2026-09-14T17:55:05,"{""page_url"": ""https://www.wakodo.co.jp/product/babyfood/milk/gungun/""}"
813,67,アサヒグループ食品／和光堂,ぐんぐん,フォローアップミルク ぐんぐん,1-3,https://www.wakodo.co.jp/product/babyfood/milk/gungun/,https://www.wakodo.co.jp/product/common/images/sp_btn_item_sozai.gif,page_image,原材料名 一覧,,,,0,0.5,2026-09-14T17:55:05,"{""page_url"": ""https://www.wakodo.co.jp/product/babyfood/milk/gungun/""}"
814,67,アサヒグループ食品／和光堂,ぐんぐん,フォローアップミルク ぐんぐん,1-3,https://www.wakodo.co.jp/product/babyfood/milk/gungun/,https://www.wakodo.co.jp/product/common/images/pc_btn_item_nutrition.gif,page_image,栄養成分 一覧,,,,0,0.5,2026-09-14T17:55:05,"{""page_url"": ""https://www.wakodo.co.jp/product/babyfood/milk/gungun/""}"
815,67,アサヒグループ食品／和光堂,ぐんぐん,フォローアップミルク ぐんぐん,1-3,https://www.wakodo.co.jp/product/babyfood/milk/gungun/,https://www.wakodo.co.jp/product/common/images/sp_btn_item_nutrition.gif,page_image,栄養成分 一覧,,,,0,0.5,2026-09-14T17:55:05,"{""page_url"": ""https://www.wakodo.co.jp/product/babyfood/milk/gungun/""}"
816,67,アサヒグループ食品／和光堂,ぐんぐん,フォローアップミルク ぐんぐん,1-3,https://www.wakodo.co.jp/product/babyfood/milk/gungun/,https://www.wakodo.co.jp/product/common/images/pc_btn_item_allergen02.gif,page_image,アレルゲン情報 一覧,,,,0,0.5,2026-09-14T17:55:05,"{""page_url"": ""https://www.wakodo.co.jp/product/babyfood/milk/gungun/""}"
817,67,アサヒグループ食品／和光堂,ぐんぐん,フォローアップミルク ぐんぐん,1-3,https://www.wakodo.co.jp/product/babyfood/milk/gungun/,https://www.wakodo.co.jp/product/common/images/sp_btn_item_allergen02.gif,page_image,アレルゲン情報 一覧,,,,0,0.5,2026-09-14T17:55:05,"{""page_url"": ""https://www.wakodo.co.jp/product/babyfood/milk/gungun/""}"
818,67,アサヒグループ食品／和光堂,ぐんぐん,フォローアップミルク ぐんぐん,1-3,https://www.wakodo.co.jp/product/babyfood/milk/gungun/,https://www.wakodo.co.jp/product/image/pdt/40195890.jpg,page_image,,,,,0,0.45,2026-09-14T17:55:05,"{""page_url"": ""https://www.wakodo.co.jp/product/babyfood/milk/gungun/""}"
819,67,アサヒグループ食品／和光堂,ぐんぐん,フォローアップミルク ぐんぐん,1-3,https://www.wakodo.co.jp/product/babyfood/milk/gungun/,https://www.wakodo.co.jp/product/common/images/pc_btn_item_osusume.gif,page_image,,,,,0,0.45,2026-09-14T17:55:05,"{""page_url"": ""https://www.wakodo.co.jp/product/babyfood/milk/gungun/""}"
820,67,アサヒグループ食品／和光堂,ぐんぐん,フォローアップミルク ぐんぐん,1-3,https://www.wakodo.co.jp/product/babyfood/milk/gungun/,https://www.wakodo.co.jp/product/common/images/sp_btn_item_osusume.gif,page_image,,,,,0,0.45,2026-09-14T17:55:05,"{""page_url"": ""https://www.wakodo.co.jp/product/babyfood/milk/gungun/""}"
821,67,アサヒグループ食品／和光堂,ぐんぐん,フォローアップミルク ぐんぐん,1-3,https://www.wakodo.co.jp/product/babyfood/milk/gungun/,https://www.wakodo.co.jp/product/image/pdt/40195900.jpg,page_image,,,,,0,0.45,2026-09-14T17:55:05,"{""page_url"": ""https://www.wakodo.co.jp/product/babyfood/milk/gungun/""}"
822,67,アサヒグループ食品／和光堂,ぐんぐん,フォローアップミルク ぐんぐん,1-3,https://www.wakodo.co.jp/product/babyfood/milk/gungun/,https://www.wakodo.co.jp/product/image/pdt/40195910.jpg,page_image,,,,,0,0.45,2026-09-14T17:55:05,"{""page_url"": ""https://www.wakodo.co.jp/product/babyfood/milk/gungun/""}"
823,67,アサヒグループ食品／和光堂,ぐんぐん,フォローアップミルク ぐんぐん,1-3,https://www.wakodo.co.jp/product/babyfood/milk/gungun/,https://www.wakodo.co.jp/product/common/images/submenu_icon_com_01.gif,page_image,,,,,0,0.45,2026-09-14T17:55:05,"{""page_url"": ""https://www.wakodo.co.jp/product/babyfood/milk/gungun/""}"
824,67,アサヒグループ食品／和光堂,ぐんぐん,フォローアップミルク ぐんぐん,1-3,https://www.wakodo.co.jp/product/babyfood/milk/gungun/,https://www.wakodo.co.jp/product/images/bnr_wakotyan.png,banner_image,,,,,0,0.7,2026-09-14T17:55:05,"{""page_url"": ""https://www.wakodo.co.jp/product/babyfood/milk/gungun/""}"
825,67,アサヒグループ食品／和光堂,ぐんぐん,フォローアップミルク ぐんぐん,1-3,https://www.wakodo.co.jp/product/babyfood/milk/gungun/,https://www.wakodo.co.jp/common/images/pagetop.png,page_image,TOP,,,,0,0.5,2026-09-14T17:55:05,"{""page_url"": ""https://www.wakodo.co.jp/product/babyfood/milk/gungun/""}"
826,67,アサヒグループ食品／和光堂,ぐんぐん,フォローアップミルク ぐんぐん,1-3,https://www.wakodo.co.jp/product/babyfood/milk/gungun/,https://www.wakodo.co.jp/common/images/logo_agf_blue.png,page_image,アサヒグループ食品,,,30.0,0,0.5,2026-09-14T17:55:05,"{""page_url"": ""https://www.wakodo.co.jp/product/babyfood/milk/gungun/""}"
827,67,アサヒグループ食品／和光堂,ぐんぐん,フォローアップミルク ぐんぐん,1-3,https://www.wakodo.co.jp/product/babyfood/milk/gungun/,https://www.wakodo.co.jp/campaign,landing_page,,キャンペーン情報,,,1,0.75,2026-09-14T17:55:05,"{""page_url"": ""https://www.wakodo.co.jp/product/babyfood/milk/gungun/""}"
828,70,雪印メグミルク,ぴゅあ,雪印メグミルクぴゅあ,0-1,https://www.meg-snow.com/products/detail.php?p=mother_pure,https://www.meg-snow.com/assets/images/common/logo_slogan.svg,page_image,ロゴ：Love Earth. Love Life. 雪印メグミルク,,,,0,0.5,2026-09-14T17:55:06,"{""page_url"": ""https://www.meg-snow.com/products/detail.php?p=mother_pure""}"
829,70,雪印メグミルク,ぴゅあ,雪印メグミルクぴゅあ,0-1,https://www.meg-snow.com/products/detail.php?p=mother_pure,https://www.meg-snow.com/products/img-p/1053_main.png,banner_image,,,,,0,0.7,2026-09-14T17:55:06,"{""page_url"": ""https://www.meg-snow.com/products/detail.php?p=mother_pure""}"
830,70,雪印メグミルク,ぴゅあ,雪印メグミルクぴゅあ,0-1,https://www.meg-snow.com/products/detail.php?p=mother_pure,https://www.meg-snow.com/products/img-p/3458_main.png,banner_image,,,,,0,0.7,2026-09-14T17:55:06,"{""page_url"": ""https://www.meg-snow.com/products/detail.php?p=mother_pure""}"
831,70,雪印メグミルク,ぴゅあ,雪印メグミルクぴゅあ,0-1,https://www.meg-snow.com/products/detail.php?p=mother_pure,https://www.meg-snow.com/products/img-p/890_main.png,banner_image,,,,,0,0.7,2026-09-14T17:55:06,"{""page_url"": ""https://www.meg-snow.com/products/detail.php?p=mother_pure""}"
832,70,雪印メグミルク,ぴゅあ,雪印メグミルクぴゅあ,0-1,https://www.meg-snow.com/products/detail.php?p=mother_pure,https://www.meg-snow.com/products/img-p/1434_main.png,banner_image,,,,,0,0.7,2026-09-14T17:55:06,"{""page_url"": ""https://www.meg-snow.com/products/detail.php?p=mother_pure""}"
833,70,雪印メグミルク,ぴゅあ,雪印メグミルクぴゅあ,0-1,https://www.meg-snow.com/products/detail.php?p=mother_pure,https://www.meg-snow.com/products/img-p/1257_main.png,banner_image,,,,,0,0.7,2026-09-14T17:55:06,"{""page_url"": ""https://www.meg-snow.com/products/detail.php?p=mother_pure""}"
834,70,雪印メグミルク,ぴゅあ,雪印メグミルクぴゅあ,0-1,https://www.meg-snow.com/products/detail.php?p=mother_pure,https://www.meg-snow.com/products/img-p/3591_main.png,banner_image,,,,,0,0.7,2026-09-14T17:55:06,"{""page_url"": ""https://www.meg-snow.com/products/detail.php?p=mother_pure""}"
835,70,雪印メグミルク,ぴゅあ,雪印メグミルクぴゅあ,0-1,https://www.meg-snow.com/products/detail.php?p=mother_pure,https://www.meg-snow.com/products/img-p/1487_main.png,banner_image,,,,,0,0.7,2026-09-14T17:55:06,"{""page_url"": ""https://www.meg-snow.com/products/detail.php?p=mother_pure""}"
836,70,雪印メグミルク,ぴゅあ,雪印メグミルクぴゅあ,0-1,https://www.meg-snow.com/products/detail.php?p=mother_pure,https://www.meg-snow.com/products/img-p/332_main.png,banner_image,,,,,0,0.7,2026-09-14T17:55:06,"{""page_url"": ""https://www.meg-snow.com/products/detail.php?p=mother_pure""}"
837,70,雪印メグミルク,ぴゅあ,雪印メグミルクぴゅあ,0-1,https://www.meg-snow.com/products/detail.php?p=mother_pure,https://www.meg-snow.com/products/img-p/340_main.png,banner_image,,,,,0,0.7,2026-09-14T17:55:06,"{""page_url"": ""https://www.meg-snow.com/products/detail.php?p=mother_pure""}"
838,70,雪印メグミルク,ぴゅあ,雪印メグミルクぴゅあ,0-1,https://www.meg-snow.com/products/detail.php?p=mother_pure,https://www.meg-snow.com/products/img-p/1242_main.png,banner_image,,,,,0,0.7,2026-09-14T17:55:06,"{""page_url"": ""https://www.meg-snow.com/products/detail.php?p=mother_pure""}"
839,70,雪印メグミルク,ぴゅあ,雪印メグミルクぴゅあ,0-1,https://www.meg-snow.com/products/detail.php?p=mother_pure,https://www.meg-snow.com/products/img-p/1024_main.png,banner_image,,,,,0,0.7,2026-09-14T17:55:06,"{""page_url"": ""https://www.meg-snow.com/products/detail.php?p=mother_pure""}"
840,70,雪印メグミルク,ぴゅあ,雪印メグミルクぴゅあ,0-1,https://www.meg-snow.com/products/detail.php?p=mother_pure,https://www.meg-snow.com/products/img-p/1363_main.png,banner_image,,,,,0,0.7,2026-09-14T17:55:06,"{""page_url"": ""https://www.meg-snow.com/products/detail.php?p=mother_pure""}"
841,70,雪印メグミルク,ぴゅあ,雪印メグミルクぴゅあ,0-1,https://www.meg-snow.com/products/detail.php?p=mother_pure,https://www.meg-snow.com/products/img-p/3638_main.png,banner_image,,,,,0,0.7,2026-09-14T17:55:06,"{""page_url"": ""https://www.meg-snow.com/products/detail.php?p=mother_pure""}"
842,70,雪印メグミルク,ぴゅあ,雪印メグミルクぴゅあ,0-1,https://www.meg-snow.com/products/detail.php?p=mother_pure,https://www.meg-snow.com/products/img-p/2187_main.png,banner_image,,,,,0,0.7,2026-09-14T17:55:06,"{""page_url"": ""https://www.meg-snow.com/products/detail.php?p=mother_pure""}"
843,70,雪印メグミルク,ぴゅあ,雪印メグミルクぴゅあ,0-1,https://www.meg-snow.com/products/detail.php?p=mother_pure,https://www.meg-snow.com/products/img-p/3407_main.png,banner_image,,,,,0,0.7,2026-09-14T17:55:06,"{""page_url"": ""https://www.meg-snow.com/products/detail.php?p=mother_pure""}"
844,70,雪印メグミルク,ぴゅあ,雪印メグミルクぴゅあ,0-1,https://www.meg-snow.com/products/detail.php?p=mother_pure,https://www.meg-snow.com/products/img-p/1311_main.png,banner_image,,,,,0,0.7,2026-09-14T17:55:06,"{""page_url"": ""https://www.meg-snow.com/products/detail.php?p=mother_pure""}"
845,70,雪印メグミルク,ぴゅあ,雪印メグミルクぴゅあ,0-1,https://www.meg-snow.com/products/detail.php?p=mother_pure,https://www.meg-snow.com/products/img-p/1312_main.png,banner_image,,,,,0,0.7,2026-09-14T17:55:06,"{""page_url"": ""https://www.meg-snow.com/products/detail.php?p=mother_pure""}"
846,70,雪印メグミルク,ぴゅあ,雪印メグミルクぴゅあ,0-1,https://www.meg-snow.com/products/detail.php?p=mother_pure,https://www.meg-snow.com/products/img-p/1318_main.png,banner_image,,,,,0,0.7,2026-09-14T17:55:06,"{""page_url"": ""https://www.meg-snow.com/products/detail.php?p=mother_pure""}"
847,70,雪印メグミルク,ぴゅあ,雪印メグミルクぴゅあ,0-1,https://www.meg-snow.com/products/detail.php?p=mother_pure,https://www.meg-snow.com/products/img-p/3384_main.png,banner_image,,,,,0,0.7,2026-09-14T17:55:06,"{""page_url"": ""https://www.meg-snow.com/products/detail.php?p=mother_pure""}"
848,70,雪印メグミルク,ぴゅあ,雪印メグミルクぴゅあ,0-1,https://www.meg-snow.com/products/detail.php?p=mother_pure,https://www.meg-snow.com/products/img-p/3385_main.png,banner_image,,,,,0,0.7,2026-09-14T17:55:06,"{""page_url"": ""https://www.meg-snow.com/products/detail.php?p=mother_pure""}"
849,70,雪印メグミルク,ぴゅあ,雪印メグミルクぴゅあ,0-1,https://www.meg-snow.com/products/detail.php?p=mother_pure,https://www.meg-snow.com/assets/images/common/icon_event.svg,page_image,,,,,0,0.45,2026-09-14T17:55:06,"{""page_url"": ""https://www.meg-snow.com/products/detail.php?p=mother_pure""}"
850,70,雪印メグミルク,ぴゅあ,雪印メグミルクぴゅあ,0-1,https://www.meg-snow.com/products/detail.php?p=mother_pure,https://www.meg-snow.com/assets/images/common/icon_fun.svg,page_image,,,,,0,0.45,2026-09-14T17:55:06,"{""page_url"": ""https://www.meg-snow.com/products/detail.php?p=mother_pure""}"
851,70,雪印メグミルク,ぴゅあ,雪印メグミルクぴゅあ,0-1,https://www.meg-snow.com/products/detail.php?p=mother_pure,https://www.meg-snow.com/assets/images/common/icon_cm.svg,page_image,,,,,0,0.45,2026-09-14T17:55:06,"{""page_url"": ""https://www.meg-snow.com/products/detail.php?p=mother_pure""}"
852,70,雪印メグミルク,ぴゅあ,雪印メグミルクぴゅあ,0-1,https://www.meg-snow.com/products/detail.php?p=mother_pure,https://www.meg-snow.com/assets/images/common/icon_present.svg,page_image,,,,,0,0.45,2026-09-14T17:55:06,"{""page_url"": ""https://www.meg-snow.com/products/detail.php?p=mother_pure""}"
853,70,雪印メグミルク,ぴゅあ,雪印メグミルクぴゅあ,0-1,https://www.meg-snow.com/products/detail.php?p=mother_pure,https://www.meg-snow.com/assets/images/common/icon_member.svg,page_image,,,,,0,0.45,2026-09-14T17:55:06,"{""page_url"": ""https://www.meg-snow.com/products/detail.php?p=mother_pure""}"
854,70,雪印メグミルク,ぴゅあ,雪印メグミルクぴゅあ,0-1,https://www.meg-snow.com/products/detail.php?p=mother_pure,https://www.meg-snow.com/assets/images/common/gnav/gnav_recipe_01.jpg,page_image,,,,,0,0.45,2026-09-14T17:55:06,"{""page_url"": ""https://www.meg-snow.com/products/detail.php?p=mother_pure""}"
855,70,雪印メグミルク,ぴゅあ,雪印メグミルクぴゅあ,0-1,https://www.meg-snow.com/products/detail.php?p=mother_pure,https://www.meg-snow.com/assets/images/common/gnav/gnav_recipe_02.jpg,page_image,,,,,0,0.45,2026-09-14T17:55:06,"{""page_url"": ""https://www.meg-snow.com/products/detail.php?p=mother_pure""}"
856,70,雪印メグミルク,ぴゅあ,雪印メグミルクぴゅあ,0-1,https://www.meg-snow.com/products/detail.php?p=mother_pure,https://www.meg-snow.com/assets/images/common/gnav/gnav_recipe_03.jpg,page_image,,,,,0,0.45,2026-09-14T17:55:06,"{""page_url"": ""https://www.meg-snow.com/products/detail.php?p=mother_pure""}"
857,70,雪印メグミルク,ぴゅあ,雪印メグミルクぴゅあ,0-1,https://www.meg-snow.com/products/detail.php?p=mother_pure,https://www.meg-snow.com/assets/images/common/gnav/gnav_csr_01.jpg,page_image,,,,,0,0.45,2026-09-14T17:55:06,"{""page_url"": ""https://www.meg-snow.com/products/detail.php?p=mother_pure""}"
858,70,雪印メグミルク,ぴゅあ,雪印メグミルクぴゅあ,0-1,https://www.meg-snow.com/products/detail.php?p=mother_pure,https://www.meg-snow.com/assets/images/common/gnav/gnav_csr_02.jpg,page_image,,,,,0,0.45,2026-09-14T17:55:06,"{""page_url"": ""https://www.meg-snow.com/products/detail.php?p=mother_pure""}"
859,70,雪印メグミルク,ぴゅあ,雪印メグミルクぴゅあ,0-1,https://www.meg-snow.com/products/detail.php?p=mother_pure,https://www.meg-snow.com/assets/images/common/gnav/gnav_csr_03.jpg,page_image,,,,,0,0.45,2026-09-14T17:55:06,"{""page_url"": ""https://www.meg-snow.com/products/detail.php?p=mother_pure""}"
860,70,雪印メグミルク,ぴゅあ,雪印メグミルクぴゅあ,0-1,https://www.meg-snow.com/products/detail.php?p=mother_pure,https://www.meg-snow.com/assets/images/common/gnav/gnav_csr_04.jpg,page_image,,,,,0,0.45,2026-09-14T17:55:06,"{""page_url"": ""https://www.meg-snow.com/products/detail.php?p=mother_pure""}"
861,70,雪印メグミルク,ぴゅあ,雪印メグミルクぴゅあ,0-1,https://www.meg-snow.com/products/detail.php?p=mother_pure,https://www.meg-snow.com/assets/images/common/gnav/gnav_csr_05.jpg,page_image,,,,,0,0.45,2026-09-14T17:55:06,"{""page_url"": ""https://www.meg-snow.com/products/detail.php?p=mother_pure""}"
862,70,雪印メグミルク,ぴゅあ,雪印メグミルクぴゅあ,0-1,https://www.meg-snow.com/products/detail.php?p=mother_pure,https://www.meg-snow.com/assets/images/common/gnav/gnav_csr_06.jpg,page_image,,,,,0,0.45,2026-09-14T17:55:06,"{""page_url"": ""https://www.meg-snow.com/products/detail.php?p=mother_pure""}"
863,70,雪印メグミルク,ぴゅあ,雪印メグミルクぴゅあ,0-1,https://www.meg-snow.com/products/detail.php?p=mother_pure,https://www.meg-snow.com/assets/images/common/gnav/gnav_corporate_01.jpg,page_image,,,,,0,0.45,2026-09-14T17:55:06,"{""page_url"": ""https://www.meg-snow.com/products/detail.php?p=mother_pure""}"
864,70,雪印メグミルク,ぴゅあ,雪印メグミルクぴゅあ,0-1,https://www.meg-snow.com/products/detail.php?p=mother_pure,https://www.meg-snow.com/assets/images/common/gnav/gnav_corporate_02.jpg,page_image,,,,,0,0.45,2026-09-14T17:55:06,"{""page_url"": ""https://www.meg-snow.com/products/detail.php?p=mother_pure""}"
865,70,雪印メグミルク,ぴゅあ,雪印メグミルクぴゅあ,0-1,https://www.meg-snow.com/products/detail.php?p=mother_pure,https://www.meg-snow.com/assets/images/common/gnav/gnav_corporate_03.jpg,page_image,,,,,0,0.45,2026-09-14T17:55:06,"{""page_url"": ""https://www.meg-snow.com/products/detail.php?p=mother_pure""}"
866,70,雪印メグミルク,ぴゅあ,雪印メグミルクぴゅあ,0-1,https://www.meg-snow.com/products/detail.php?p=mother_pure,https://www.meg-snow.com/assets/images/common/gnav/gnav_ir_01.jpg,page_image,,,,,0,0.45,2026-09-14T17:55:06,"{""page_url"": ""https://www.meg-snow.com/products/detail.php?p=mother_pure""}"
867,70,雪印メグミルク,ぴゅあ,雪印メグミルクぴゅあ,0-1,https://www.meg-snow.com/products/detail.php?p=mother_pure,https://www.meg-snow.com/assets/images/common/gnav/gnav_ir_02.jpg,page_image,,,,,0,0.45,2026-09-14T17:55:06,"{""page_url"": ""https://www.meg-snow.com/products/detail.php?p=mother_pure""}"
868,70,雪印メグミルク,ぴゅあ,雪印メグミルクぴゅあ,0-1,https://www.meg-snow.com/products/detail.php?p=mother_pure,https://www.meg-snow.com/assets/images/common/gnav/gnav_ir_03.jpg,page_image,,,,,0,0.45,2026-09-14T17:55:06,"{""page_url"": ""https://www.meg-snow.com/products/detail.php?p=mother_pure""}"
869,70,雪印メグミルク,ぴゅあ,雪印メグミルクぴゅあ,0-1,https://www.meg-snow.com/products/detail.php?p=mother_pure,https://www.meg-snow.com/common/img/products/p_milk.png,page_image,牛乳・乳飲料,,,,0,0.5,2026-09-14T17:55:06,"{""page_url"": ""https://www.meg-snow.com/products/detail.php?p=mother_pure""}"
870,70,雪印メグミルク,ぴゅあ,雪印メグミルクぴゅあ,0-1,https://www.meg-snow.com/products/detail.php?p=mother_pure,https://www.meg-snow.com/common/img/products/p_juice.png,page_image,果汁・飲料,,,,0,0.5,2026-09-14T17:55:06,"{""page_url"": ""https://www.meg-snow.com/products/detail.php?p=mother_pure""}"
871,70,雪印メグミルク,ぴゅあ,雪印メグミルクぴゅあ,0-1,https://www.meg-snow.com/products/detail.php?p=mother_pure,https://www.meg-snow.com/common/img/products/p_yogurt.png,page_image,ヨーグルト,,,,0,0.5,2026-09-14T17:55:06,"{""page_url"": ""https://www.meg-snow.com/products/detail.php?p=mother_pure""}"
872,70,雪印メグミルク,ぴゅあ,雪印メグミルクぴゅあ,0-1,https://www.meg-snow.com/products/detail.php?p=mother_pure,https://www.meg-snow.com/common/img/products/p_dessert.png,page_image,デザート,,,,0,0.5,2026-09-14T17:55:06,"{""page_url"": ""https://www.meg-snow.com/products/detail.php?p=mother_pure""}"
873,70,雪印メグミルク,ぴゅあ,雪印メグミルクぴゅあ,0-1,https://www.meg-snow.com/products/detail.php?p=mother_pure,https://www.meg-snow.com/common/img/products/p_takuhai.png,page_image,宅配商品,,,,0,0.5,2026-09-14T17:55:06,"{""page_url"": ""https://www.meg-snow.com/products/detail.php?p=mother_pure""}"
874,70,雪印メグミルク,ぴゅあ,雪印メグミルクぴゅあ,0-1,https://www.meg-snow.com/products/detail.php?p=mother_pure,https://www.meg-snow.com/common/img/products/p_butter.png,page_image,バター・マーガリン,,,,0,0.5,2026-09-14T17:55:06,"{""page_url"": ""https://www.meg-snow.com/products/detail.php?p=mother_pure""}"
875,70,雪印メグミルク,ぴゅあ,雪印メグミルクぴゅあ,0-1,https://www.meg-snow.com/products/detail.php?p=mother_pure,https://www.meg-snow.com/common/img/products/p_cheese.png,page_image,チーズ,,,,0,0.5,2026-09-14T17:55:06,"{""page_url"": ""https://www.meg-snow.com/products/detail.php?p=mother_pure""}"
876,70,雪印メグミルク,ぴゅあ,雪印メグミルクぴゅあ,0-1,https://www.meg-snow.com/products/detail.php?p=mother_pure,https://www.meg-snow.com/common/img/products/p_skimmilk.png,page_image,練乳・スキムミルク・その他,,,,0,0.5,2026-09-14T17:55:06,"{""page_url"": ""https://www.meg-snow.com/products/detail.php?p=mother_pure""}"
877,70,雪印メグミルク,ぴゅあ,雪印メグミルクぴゅあ,0-1,https://www.meg-snow.com/products/detail.php?p=mother_pure,https://www.meg-snow.com/common/img/products/p_milkpowder.png,page_image,育児用粉ミルク,,,,0,0.5,2026-09-14T17:55:06,"{""page_url"": ""https://www.meg-snow.com/products/detail.php?p=mother_pure""}"
878,70,雪印メグミルク,ぴゅあ,雪印メグミルクぴゅあ,0-1,https://www.meg-snow.com/products/detail.php?p=mother_pure,https://www.meg-snow.com/common/img/products/p_supplement.png,page_image,サプリメント・健康食品,,,,0,0.5,2026-09-14T17:55:06,"{""page_url"": ""https://www.meg-snow.com/products/detail.php?p=mother_pure""}"
879,70,雪印メグミルク,ぴゅあ,雪印メグミルクぴゅあ,0-1,https://www.meg-snow.com/products/detail.php?p=mother_pure,https://www.meg-snow.com/error/img/title_none.jpg,page_image,,,940.0,69.0,0,0.45,2026-09-14T17:55:06,"{""page_url"": ""https://www.meg-snow.com/products/detail.php?p=mother_pure""}"
880,70,雪印メグミルク,ぴゅあ,雪印メグミルクぴゅあ,0-1,https://www.meg-snow.com/products/detail.php?p=mother_pure,https://www.meg-snow.com/error/img/p_notfound.jpg,page_image,お探しのページが見つかりません。,,440.0,170.0,0,0.5,2026-09-14T17:55:06,"{""page_url"": ""https://www.meg-snow.com/products/detail.php?p=mother_pure""}"
881,70,雪印メグミルク,ぴゅあ,雪印メグミルクぴゅあ,0-1,https://www.meg-snow.com/products/detail.php?p=mother_pure,https://www.meg-snow.com/assets/images/common/icon_x.svg,page_image,,,,,0,0.45,2026-09-14T17:55:06,"{""page_url"": ""https://www.meg-snow.com/products/detail.php?p=mother_pure""}"
882,70,雪印メグミルク,ぴゅあ,雪印メグミルクぴゅあ,0-1,https://www.meg-snow.com/products/detail.php?p=mother_pure,https://www.meg-snow.com/assets/images/common/icon_tiktok.svg,page_image,,,,,0,0.45,2026-09-14T17:55:06,"{""page_url"": ""https://www.meg-snow.com/products/detail.php?p=mother_pure""}"
883,70,雪印メグミルク,ぴゅあ,雪印メグミルクぴゅあ,0-1,https://www.meg-snow.com/products/detail.php?p=mother_pure,https://www.meg-snow.com/assets/images/common/icon_instagram.svg,page_image,,,,,0,0.45,2026-09-14T17:55:06,"{""page_url"": ""https://www.meg-snow.com/products/detail.php?p=mother_pure""}"
884,70,雪印メグミルク,ぴゅあ,雪印メグミルクぴゅあ,0-1,https://www.meg-snow.com/products/detail.php?p=mother_pure,https://www.meg-snow.com/assets/images/common/icon_facebook.svg,page_image,,,,,0,0.45,2026-09-14T17:55:06,"{""page_url"": ""https://www.meg-snow.com/products/detail.php?p=mother_pure""}"
885,70,雪印メグミルク,ぴゅあ,雪印メグミルクぴゅあ,0-1,https://www.meg-snow.com/products/detail.php?p=mother_pure,https://www.meg-snow.com/assets/images/common/icon_youtube.svg,page_image,,,,,0,0.45,2026-09-14T17:55:06,"{""page_url"": ""https://www.meg-snow.com/products/detail.php?p=mother_pure""}"
886,70,雪印メグミルク,ぴゅあ,雪印メグミルクぴゅあ,0-1,https://www.meg-snow.com/products/detail.php?p=mother_pure,https://www.meg-snow.com/assets/images/common/icon_line.svg,page_image,,,,,0,0.45,2026-09-14T17:55:06,"{""page_url"": ""https://www.meg-snow.com/products/detail.php?p=mother_pure""}"
887,70,雪印メグミルク,ぴゅあ,雪印メグミルクぴゅあ,0-1,https://www.meg-snow.com/products/detail.php?p=mother_pure,https://www.meg-snow.com/products,landing_page,,商品・ キャンペーン,,,1,0.75,2026-09-14T17:55:06,"{""page_url"": ""https://www.meg-snow.com/products/detail.php?p=mother_pure""}"
888,70,雪印メグミルク,ぴゅあ,雪印メグミルクぴゅあ,0-1,https://www.meg-snow.com/products/detail.php?p=mother_pure,https://www.meg-snow.com/fun/campaign,landing_page,,プレゼントキャンペーン,,,1,0.75,2026-09-14T17:55:06,"{""page_url"": ""https://www.meg-snow.com/products/detail.php?p=mother_pure""}"
889,70,雪印メグミルク,ぴゅあ,雪印メグミルクぴゅあ,0-1,https://www.meg-snow.com/products/detail.php?p=mother_pure,https://www.meg-snow.com/fun/movie-gallery,landing_page,,ムービーギャラリー,,,1,0.75,2026-09-14T17:55:06,"{""page_url"": ""https://www.meg-snow.com/products/detail.php?p=mother_pure""}"
890,70,雪印メグミルク,ぴゅあ,雪印メグミルクぴゅあ,0-1,https://www.meg-snow.com/products/detail.php?p=mother_pure,https://www.meg-snow.com/fun,landing_page,,体験・イベント,,,1,0.75,2026-09-14T17:55:06,"{""page_url"": ""https://www.meg-snow.com/products/detail.php?p=mother_pure""}"
891,70,雪印メグミルク,ぴゅあ,雪印メグミルクぴゅあ,0-1,https://www.meg-snow.com/products/detail.php?p=mother_pure,https://www.meg-snow.com/recipe/category/permanent/movie_list.html,landing_page,,レシピ動画,,,1,0.75,2026-09-14T17:55:06,"{""page_url"": ""https://www.meg-snow.com/products/detail.php?p=mother_pure""}"
892,71,雪印メグミルク,たっち,雪印メグミルクたっち,1-3,https://www.meg-snow.com/products/detail.php?p=mother_touch,https://www.meg-snow.com/assets/images/common/logo_slogan.svg,page_image,ロゴ：Love Earth. Love Life. 雪印メグミルク,,,,0,0.5,2026-09-14T17:55:06,"{""page_url"": ""https://www.meg-snow.com/products/detail.php?p=mother_touch""}"
893,71,雪印メグミルク,たっち,雪印メグミルクたっち,1-3,https://www.meg-snow.com/products/detail.php?p=mother_touch,https://www.meg-snow.com/products/img-p/1053_main.png,banner_image,,,,,0,0.7,2026-09-14T17:55:06,"{""page_url"": ""https://www.meg-snow.com/products/detail.php?p=mother_touch""}"
894,71,雪印メグミルク,たっち,雪印メグミルクたっち,1-3,https://www.meg-snow.com/products/detail.php?p=mother_touch,https://www.meg-snow.com/products/img-p/3458_main.png,banner_image,,,,,0,0.7,2026-09-14T17:55:06,"{""page_url"": ""https://www.meg-snow.com/products/detail.php?p=mother_touch""}"
895,71,雪印メグミルク,たっち,雪印メグミルクたっち,1-3,https://www.meg-snow.com/products/detail.php?p=mother_touch,https://www.meg-snow.com/products/img-p/890_main.png,banner_image,,,,,0,0.7,2026-09-14T17:55:06,"{""page_url"": ""https://www.meg-snow.com/products/detail.php?p=mother_touch""}"
896,71,雪印メグミルク,たっち,雪印メグミルクたっち,1-3,https://www.meg-snow.com/products/detail.php?p=mother_touch,https://www.meg-snow.com/products/img-p/1434_main.png,banner_image,,,,,0,0.7,2026-09-14T17:55:06,"{""page_url"": ""https://www.meg-snow.com/products/detail.php?p=mother_touch""}"
897,71,雪印メグミルク,たっち,雪印メグミルクたっち,1-3,https://www.meg-snow.com/products/detail.php?p=mother_touch,https://www.meg-snow.com/products/img-p/1257_main.png,banner_image,,,,,0,0.7,2026-09-14T17:55:06,"{""page_url"": ""https://www.meg-snow.com/products/detail.php?p=mother_touch""}"
898,71,雪印メグミルク,たっち,雪印メグミルクたっち,1-3,https://www.meg-snow.com/products/detail.php?p=mother_touch,https://www.meg-snow.com/products/img-p/3591_main.png,banner_image,,,,,0,0.7,2026-09-14T17:55:06,"{""page_url"": ""https://www.meg-snow.com/products/detail.php?p=mother_touch""}"
899,71,雪印メグミルク,たっち,雪印メグミルクたっち,1-3,https://www.meg-snow.com/products/detail.php?p=mother_touch,https://www.meg-snow.com/products/img-p/1487_main.png,banner_image,,,,,0,0.7,2026-09-14T17:55:06,"{""page_url"": ""https://www.meg-snow.com/products/detail.php?p=mother_touch""}"
900,71,雪印メグミルク,たっち,雪印メグミルクたっち,1-3,https://www.meg-snow.com/products/detail.php?p=mother_touch,https://www.meg-snow.com/products/img-p/332_main.png,banner_image,,,,,0,0.7,2026-09-14T17:55:06,"{""page_url"": ""https://www.meg-snow.com/products/detail.php?p=mother_touch""}"
901,71,雪印メグミルク,たっち,雪印メグミルクたっち,1-3,https://www.meg-snow.com/products/detail.php?p=mother_touch,https://www.meg-snow.com/products/img-p/340_main.png,banner_image,,,,,0,0.7,2026-09-14T17:55:06,"{""page_url"": ""https://www.meg-snow.com/products/detail.php?p=mother_touch""}"
902,71,雪印メグミルク,たっち,雪印メグミルクたっち,1-3,https://www.meg-snow.com/products/detail.php?p=mother_touch,https://www.meg-snow.com/products/img-p/1242_main.png,banner_image,,,,,0,0.7,2026-09-14T17:55:06,"{""page_url"": ""https://www.meg-snow.com/products/detail.php?p=mother_touch""}"
903,71,雪印メグミルク,たっち,雪印メグミルクたっち,1-3,https://www.meg-snow.com/products/detail.php?p=mother_touch,https://www.meg-snow.com/products/img-p/1024_main.png,banner_image,,,,,0,0.7,2026-09-14T17:55:06,"{""page_url"": ""https://www.meg-snow.com/products/detail.php?p=mother_touch""}"
904,71,雪印メグミルク,たっち,雪印メグミルクたっち,1-3,https://www.meg-snow.com/products/detail.php?p=mother_touch,https://www.meg-snow.com/products/img-p/1363_main.png,banner_image,,,,,0,0.7,2026-09-14T17:55:06,"{""page_url"": ""https://www.meg-snow.com/products/detail.php?p=mother_touch""}"
905,71,雪印メグミルク,たっち,雪印メグミルクたっち,1-3,https://www.meg-snow.com/products/detail.php?p=mother_touch,https://www.meg-snow.com/products/img-p/3638_main.png,banner_image,,,,,0,0.7,2026-09-14T17:55:06,"{""page_url"": ""https://www.meg-snow.com/products/detail.php?p=mother_touch""}"
906,71,雪印メグミルク,たっち,雪印メグミルクたっち,1-3,https://www.meg-snow.com/products/detail.php?p=mother_touch,https://www.meg-snow.com/products/img-p/2187_main.png,banner_image,,,,,0,0.7,2026-09-14T17:55:06,"{""page_url"": ""https://www.meg-snow.com/products/detail.php?p=mother_touch""}"
907,71,雪印メグミルク,たっち,雪印メグミルクたっち,1-3,https://www.meg-snow.com/products/detail.php?p=mother_touch,https://www.meg-snow.com/products/img-p/3407_main.png,banner_image,,,,,0,0.7,2026-09-14T17:55:06,"{""page_url"": ""https://www.meg-snow.com/products/detail.php?p=mother_touch""}"
908,71,雪印メグミルク,たっち,雪印メグミルクたっち,1-3,https://www.meg-snow.com/products/detail.php?p=mother_touch,https://www.meg-snow.com/products/img-p/1311_main.png,banner_image,,,,,0,0.7,2026-09-14T17:55:06,"{""page_url"": ""https://www.meg-snow.com/products/detail.php?p=mother_touch""}"
909,71,雪印メグミルク,たっち,雪印メグミルクたっち,1-3,https://www.meg-snow.com/products/detail.php?p=mother_touch,https://www.meg-snow.com/products/img-p/1312_main.png,banner_image,,,,,0,0.7,2026-09-14T17:55:06,"{""page_url"": ""https://www.meg-snow.com/products/detail.php?p=mother_touch""}"
910,71,雪印メグミルク,たっち,雪印メグミルクたっち,1-3,https://www.meg-snow.com/products/detail.php?p=mother_touch,https://www.meg-snow.com/products/img-p/1318_main.png,banner_image,,,,,0,0.7,2026-09-14T17:55:06,"{""page_url"": ""https://www.meg-snow.com/products/detail.php?p=mother_touch""}"
911,71,雪印メグミルク,たっち,雪印メグミルクたっち,1-3,https://www.meg-snow.com/products/detail.php?p=mother_touch,https://www.meg-snow.com/products/img-p/3384_main.png,banner_image,,,,,0,0.7,2026-09-14T17:55:06,"{""page_url"": ""https://www.meg-snow.com/products/detail.php?p=mother_touch""}"
912,71,雪印メグミルク,たっち,雪印メグミルクたっち,1-3,https://www.meg-snow.com/products/detail.php?p=mother_touch,https://www.meg-snow.com/products/img-p/3385_main.png,banner_image,,,,,0,0.7,2026-09-14T17:55:06,"{""page_url"": ""https://www.meg-snow.com/products/detail.php?p=mother_touch""}"
913,71,雪印メグミルク,たっち,雪印メグミルクたっち,1-3,https://www.meg-snow.com/products/detail.php?p=mother_touch,https://www.meg-snow.com/assets/images/common/icon_event.svg,page_image,,,,,0,0.45,2026-09-14T17:55:06,"{""page_url"": ""https://www.meg-snow.com/products/detail.php?p=mother_touch""}"
914,71,雪印メグミルク,たっち,雪印メグミルクたっち,1-3,https://www.meg-snow.com/products/detail.php?p=mother_touch,https://www.meg-snow.com/assets/images/common/icon_fun.svg,page_image,,,,,0,0.45,2026-09-14T17:55:06,"{""page_url"": ""https://www.meg-snow.com/products/detail.php?p=mother_touch""}"
915,71,雪印メグミルク,たっち,雪印メグミルクたっち,1-3,https://www.meg-snow.com/products/detail.php?p=mother_touch,https://www.meg-snow.com/assets/images/common/icon_cm.svg,page_image,,,,,0,0.45,2026-09-14T17:55:06,"{""page_url"": ""https://www.meg-snow.com/products/detail.php?p=mother_touch""}"
916,71,雪印メグミルク,たっち,雪印メグミルクたっち,1-3,https://www.meg-snow.com/products/detail.php?p=mother_touch,https://www.meg-snow.com/assets/images/common/icon_present.svg,page_image,,,,,0,0.45,2026-09-14T17:55:06,"{""page_url"": ""https://www.meg-snow.com/products/detail.php?p=mother_touch""}"
917,71,雪印メグミルク,たっち,雪印メグミルクたっち,1-3,https://www.meg-snow.com/products/detail.php?p=mother_touch,https://www.meg-snow.com/assets/images/common/icon_member.svg,page_image,,,,,0,0.45,2026-09-14T17:55:06,"{""page_url"": ""https://www.meg-snow.com/products/detail.php?p=mother_touch""}"
918,71,雪印メグミルク,たっち,雪印メグミルクたっち,1-3,https://www.meg-snow.com/products/detail.php?p=mother_touch,https://www.meg-snow.com/assets/images/common/gnav/gnav_recipe_01.jpg,page_image,,,,,0,0.45,2026-09-14T17:55:06,"{""page_url"": ""https://www.meg-snow.com/products/detail.php?p=mother_touch""}"
919,71,雪印メグミルク,たっち,雪印メグミルクたっち,1-3,https://www.meg-snow.com/products/detail.php?p=mother_touch,https://www.meg-snow.com/assets/images/common/gnav/gnav_recipe_02.jpg,page_image,,,,,0,0.45,2026-09-14T17:55:06,"{""page_url"": ""https://www.meg-snow.com/products/detail.php?p=mother_touch""}"
920,71,雪印メグミルク,たっち,雪印メグミルクたっち,1-3,https://www.meg-snow.com/products/detail.php?p=mother_touch,https://www.meg-snow.com/assets/images/common/gnav/gnav_recipe_03.jpg,page_image,,,,,0,0.45,2026-09-14T17:55:06,"{""page_url"": ""https://www.meg-snow.com/products/detail.php?p=mother_touch""}"
921,71,雪印メグミルク,たっち,雪印メグミルクたっち,1-3,https://www.meg-snow.com/products/detail.php?p=mother_touch,https://www.meg-snow.com/assets/images/common/gnav/gnav_csr_01.jpg,page_image,,,,,0,0.45,2026-09-14T17:55:06,"{""page_url"": ""https://www.meg-snow.com/products/detail.php?p=mother_touch""}"
922,71,雪印メグミルク,たっち,雪印メグミルクたっち,1-3,https://www.meg-snow.com/products/detail.php?p=mother_touch,https://www.meg-snow.com/assets/images/common/gnav/gnav_csr_02.jpg,page_image,,,,,0,0.45,2026-09-14T17:55:06,"{""page_url"": ""https://www.meg-snow.com/products/detail.php?p=mother_touch""}"
923,71,雪印メグミルク,たっち,雪印メグミルクたっち,1-3,https://www.meg-snow.com/products/detail.php?p=mother_touch,https://www.meg-snow.com/assets/images/common/gnav/gnav_csr_03.jpg,page_image,,,,,0,0.45,2026-09-14T17:55:06,"{""page_url"": ""https://www.meg-snow.com/products/detail.php?p=mother_touch""}"
924,71,雪印メグミルク,たっち,雪印メグミルクたっち,1-3,https://www.meg-snow.com/products/detail.php?p=mother_touch,https://www.meg-snow.com/assets/images/common/gnav/gnav_csr_04.jpg,page_image,,,,,0,0.45,2026-09-14T17:55:06,"{""page_url"": ""https://www.meg-snow.com/products/detail.php?p=mother_touch""}"
925,71,雪印メグミルク,たっち,雪印メグミルクたっち,1-3,https://www.meg-snow.com/products/detail.php?p=mother_touch,https://www.meg-snow.com/assets/images/common/gnav/gnav_csr_05.jpg,page_image,,,,,0,0.45,2026-09-14T17:55:06,"{""page_url"": ""https://www.meg-snow.com/products/detail.php?p=mother_touch""}"
926,71,雪印メグミルク,たっち,雪印メグミルクたっち,1-3,https://www.meg-snow.com/products/detail.php?p=mother_touch,https://www.meg-snow.com/assets/images/common/gnav/gnav_csr_06.jpg,page_image,,,,,0,0.45,2026-09-14T17:55:06,"{""page_url"": ""https://www.meg-snow.com/products/detail.php?p=mother_touch""}"
927,71,雪印メグミルク,たっち,雪印メグミルクたっち,1-3,https://www.meg-snow.com/products/detail.php?p=mother_touch,https://www.meg-snow.com/assets/images/common/gnav/gnav_corporate_01.jpg,page_image,,,,,0,0.45,2026-09-14T17:55:06,"{""page_url"": ""https://www.meg-snow.com/products/detail.php?p=mother_touch""}"
928,71,雪印メグミルク,たっち,雪印メグミルクたっち,1-3,https://www.meg-snow.com/products/detail.php?p=mother_touch,https://www.meg-snow.com/assets/images/common/gnav/gnav_corporate_02.jpg,page_image,,,,,0,0.45,2026-09-14T17:55:06,"{""page_url"": ""https://www.meg-snow.com/products/detail.php?p=mother_touch""}"
929,71,雪印メグミルク,たっち,雪印メグミルクたっち,1-3,https://www.meg-snow.com/products/detail.php?p=mother_touch,https://www.meg-snow.com/assets/images/common/gnav/gnav_corporate_03.jpg,page_image,,,,,0,0.45,2026-09-14T17:55:06,"{""page_url"": ""https://www.meg-snow.com/products/detail.php?p=mother_touch""}"
930,71,雪印メグミルク,たっち,雪印メグミルクたっち,1-3,https://www.meg-snow.com/products/detail.php?p=mother_touch,https://www.meg-snow.com/assets/images/common/gnav/gnav_ir_01.jpg,page_image,,,,,0,0.45,2026-09-14T17:55:06,"{""page_url"": ""https://www.meg-snow.com/products/detail.php?p=mother_touch""}"
931,71,雪印メグミルク,たっち,雪印メグミルクたっち,1-3,https://www.meg-snow.com/products/detail.php?p=mother_touch,https://www.meg-snow.com/assets/images/common/gnav/gnav_ir_02.jpg,page_image,,,,,0,0.45,2026-09-14T17:55:06,"{""page_url"": ""https://www.meg-snow.com/products/detail.php?p=mother_touch""}"
932,71,雪印メグミルク,たっち,雪印メグミルクたっち,1-3,https://www.meg-snow.com/products/detail.php?p=mother_touch,https://www.meg-snow.com/assets/images/common/gnav/gnav_ir_03.jpg,page_image,,,,,0,0.45,2026-09-14T17:55:06,"{""page_url"": ""https://www.meg-snow.com/products/detail.php?p=mother_touch""}"
933,71,雪印メグミルク,たっち,雪印メグミルクたっち,1-3,https://www.meg-snow.com/products/detail.php?p=mother_touch,https://www.meg-snow.com/common/img/products/p_milk.png,page_image,牛乳・乳飲料,,,,0,0.5,2026-09-14T17:55:06,"{""page_url"": ""https://www.meg-snow.com/products/detail.php?p=mother_touch""}"
934,71,雪印メグミルク,たっち,雪印メグミルクたっち,1-3,https://www.meg-snow.com/products/detail.php?p=mother_touch,https://www.meg-snow.com/common/img/products/p_juice.png,page_image,果汁・飲料,,,,0,0.5,2026-09-14T17:55:06,"{""page_url"": ""https://www.meg-snow.com/products/detail.php?p=mother_touch""}"
935,71,雪印メグミルク,たっち,雪印メグミルクたっち,1-3,https://www.meg-snow.com/products/detail.php?p=mother_touch,https://www.meg-snow.com/common/img/products/p_yogurt.png,page_image,ヨーグルト,,,,0,0.5,2026-09-14T17:55:06,"{""page_url"": ""https://www.meg-snow.com/products/detail.php?p=mother_touch""}"
936,71,雪印メグミルク,たっち,雪印メグミルクたっち,1-3,https://www.meg-snow.com/products/detail.php?p=mother_touch,https://www.meg-snow.com/common/img/products/p_dessert.png,page_image,デザート,,,,0,0.5,2026-09-14T17:55:06,"{""page_url"": ""https://www.meg-snow.com/products/detail.php?p=mother_touch""}"
937,71,雪印メグミルク,たっち,雪印メグミルクたっち,1-3,https://www.meg-snow.com/products/detail.php?p=mother_touch,https://www.meg-snow.com/common/img/products/p_takuhai.png,page_image,宅配商品,,,,0,0.5,2026-09-14T17:55:06,"{""page_url"": ""https://www.meg-snow.com/products/detail.php?p=mother_touch""}"
938,71,雪印メグミルク,たっち,雪印メグミルクたっち,1-3,https://www.meg-snow.com/products/detail.php?p=mother_touch,https://www.meg-snow.com/common/img/products/p_butter.png,page_image,バター・マーガリン,,,,0,0.5,2026-09-14T17:55:06,"{""page_url"": ""https://www.meg-snow.com/products/detail.php?p=mother_touch""}"
939,71,雪印メグミルク,たっち,雪印メグミルクたっち,1-3,https://www.meg-snow.com/products/detail.php?p=mother_touch,https://www.meg-snow.com/common/img/products/p_cheese.png,page_image,チーズ,,,,0,0.5,2026-09-14T17:55:06,"{""page_url"": ""https://www.meg-snow.com/products/detail.php?p=mother_touch""}"
940,71,雪印メグミルク,たっち,雪印メグミルクたっち,1-3,https://www.meg-snow.com/products/detail.php?p=mother_touch,https://www.meg-snow.com/common/img/products/p_skimmilk.png,page_image,練乳・スキムミルク・その他,,,,0,0.5,2026-09-14T17:55:06,"{""page_url"": ""https://www.meg-snow.com/products/detail.php?p=mother_touch""}"
941,71,雪印メグミルク,たっち,雪印メグミルクたっち,1-3,https://www.meg-snow.com/products/detail.php?p=mother_touch,https://www.meg-snow.com/common/img/products/p_milkpowder.png,page_image,育児用粉ミルク,,,,0,0.5,2026-09-14T17:55:06,"{""page_url"": ""https://www.meg-snow.com/products/detail.php?p=mother_touch""}"
942,71,雪印メグミルク,たっち,雪印メグミルクたっち,1-3,https://www.meg-snow.com/products/detail.php?p=mother_touch,https://www.meg-snow.com/common/img/products/p_supplement.png,page_image,サプリメント・健康食品,,,,0,0.5,2026-09-14T17:55:06,"{""page_url"": ""https://www.meg-snow.com/products/detail.php?p=mother_touch""}"
943,71,雪印メグミルク,たっち,雪印メグミルクたっち,1-3,https://www.meg-snow.com/products/detail.php?p=mother_touch,https://www.meg-snow.com/error/img/title_none.jpg,page_image,,,940.0,69.0,0,0.45,2026-09-14T17:55:06,"{""page_url"": ""https://www.meg-snow.com/products/detail.php?p=mother_touch""}"
944,71,雪印メグミルク,たっち,雪印メグミルクたっち,1-3,https://www.meg-snow.com/products/detail.php?p=mother_touch,https://www.meg-snow.com/error/img/p_notfound.jpg,page_image,お探しのページが見つかりません。,,440.0,170.0,0,0.5,2026-09-14T17:55:06,"{""page_url"": ""https://www.meg-snow.com/products/detail.php?p=mother_touch""}"
945,71,雪印メグミルク,たっち,雪印メグミルクたっち,1-3,https://www.meg-snow.com/products/detail.php?p=mother_touch,https://www.meg-snow.com/assets/images/common/icon_x.svg,page_image,,,,,0,0.45,2026-09-14T17:55:06,"{""page_url"": ""https://www.meg-snow.com/products/detail.php?p=mother_touch""}"
946,71,雪印メグミルク,たっち,雪印メグミルクたっち,1-3,https://www.meg-snow.com/products/detail.php?p=mother_touch,https://www.meg-snow.com/assets/images/common/icon_tiktok.svg,page_image,,,,,0,0.45,2026-09-14T17:55:06,"{""page_url"": ""https://www.meg-snow.com/products/detail.php?p=mother_touch""}"
947,71,雪印メグミルク,たっち,雪印メグミルクたっち,1-3,https://www.meg-snow.com/products/detail.php?p=mother_touch,https://www.meg-snow.com/assets/images/common/icon_instagram.svg,page_image,,,,,0,0.45,2026-09-14T17:55:06,"{""page_url"": ""https://www.meg-snow.com/products/detail.php?p=mother_touch""}"
948,71,雪印メグミルク,たっち,雪印メグミルクたっち,1-3,https://www.meg-snow.com/products/detail.php?p=mother_touch,https://www.meg-snow.com/assets/images/common/icon_facebook.svg,page_image,,,,,0,0.45,2026-09-14T17:55:06,"{""page_url"": ""https://www.meg-snow.com/products/detail.php?p=mother_touch""}"
949,71,雪印メグミルク,たっち,雪印メグミルクたっち,1-3,https://www.meg-snow.com/products/detail.php?p=mother_touch,https://www.meg-snow.com/assets/images/common/icon_youtube.svg,page_image,,,,,0,0.45,2026-09-14T17:55:06,"{""page_url"": ""https://www.meg-snow.com/products/detail.php?p=mother_touch""}"
950,71,雪印メグミルク,たっち,雪印メグミルクたっち,1-3,https://www.meg-snow.com/products/detail.php?p=mother_touch,https://www.meg-snow.com/assets/images/common/icon_line.svg,page_image,,,,,0,0.45,2026-09-14T17:55:06,"{""page_url"": ""https://www.meg-snow.com/products/detail.php?p=mother_touch""}"
951,71,雪印メグミルク,たっち,雪印メグミルクたっち,1-3,https://www.meg-snow.com/products/detail.php?p=mother_touch,https://www.meg-snow.com/products,landing_page,,商品・ キャンペーン,,,1,0.75,2026-09-14T17:55:06,"{""page_url"": ""https://www.meg-snow.com/products/detail.php?p=mother_touch""}"
952,71,雪印メグミルク,たっち,雪印メグミルクたっち,1-3,https://www.meg-snow.com/products/detail.php?p=mother_touch,https://www.meg-snow.com/fun/campaign,landing_page,,プレゼントキャンペーン,,,1,0.75,2026-09-14T17:55:06,"{""page_url"": ""https://www.meg-snow.com/products/detail.php?p=mother_touch""}"
953,71,雪印メグミルク,たっち,雪印メグミルクたっち,1-3,https://www.meg-snow.com/products/detail.php?p=mother_touch,https://www.meg-snow.com/fun/movie-gallery,landing_page,,ムービーギャラリー,,,1,0.75,2026-09-14T17:55:06,"{""page_url"": ""https://www.meg-snow.com/products/detail.php?p=mother_touch""}"
954,71,雪印メグミルク,たっち,雪印メグミルクたっち,1-3,https://www.meg-snow.com/products/detail.php?p=mother_touch,https://www.meg-snow.com/fun,landing_page,,体験・イベント,,,1,0.75,2026-09-14T17:55:06,"{""page_url"": ""https://www.meg-snow.com/products/detail.php?p=mother_touch""}"
955,71,雪印メグミルク,たっち,雪印メグミルクたっち,1-3,https://www.meg-snow.com/products/detail.php?p=mother_touch,https://www.meg-snow.com/recipe/category/permanent/movie_list.html,landing_page,,レシピ動画,,,1,0.75,2026-09-14T17:55:06,"{""page_url"": ""https://www.meg-snow.com/products/detail.php?p=mother_touch""}"
